<?xml version="1.0" encoding="utf-8"?>
<COLLADA xmlns="http://www.collada.org/2005/11/COLLADASchema" version="1.4.1" xmlns:xsi="http://www.w3.org/2001/XMLSchema-instance">
  <asset>
    <contributor>
      <author>Blender User</author>
      <authoring_tool>Blender 4.5.7 LTS commit date:2026-02-16, commit time:13:34, hash:a9874eeece8d</authoring_tool>
    </contributor>
    <created>2026-02-28T14:53:31</created>
    <modified>2026-02-28T14:53:31</modified>
    <unit name="meter" meter="1"/>
    <up_axis>Z_UP</up_axis>
  </asset>
  <library_effects>
    <effect id="Material_004-effect">
      <profile_COMMON>
        <technique sid="common">
          <lambert>
            <emission>
              <color sid="emission">0 0 0 1</color>
            </emission>
            <diffuse>
              <color sid="diffuse">0.8 0.8 0.8 1</color>
            </diffuse>
            <index_of_refraction>
              <float sid="ior">1.5</float>
            </index_of_refraction>
          </lambert>
        </technique>
      </profile_COMMON>
    </effect>
    <effect id="Material_003-effect">
      <profile_COMMON>
        <newparam sid="Task04_Tagging_01_png-surface">
          <surface type="2D">
            <init_from>Task04_Tagging_01_png</init_from>
          </surface>
        </newparam>
        <newparam sid="Task04_Tagging_01_png-sampler">
          <sampler2D>
            <source>Task04_Tagging_01_png-surface</source>
          </sampler2D>
        </newparam>
        <technique sid="common">
          <lambert>
            <emission>
              <color sid="emission">0 0 0 1</color>
            </emission>
            <diffuse>
              <texture texture="Task04_Tagging_01_png-sampler" texcoord="UVMap"/>
            </diffuse>
            <index_of_refraction>
              <float sid="ior">1.5</float>
            </index_of_refraction>
          </lambert>
        </technique>
      </profile_COMMON>
    </effect>
  </library_effects>
  <library_images>
    <image id="Task04_Tagging_01_png" name="Task04_Tagging_01_png">
      <init_from>Task04_Tagging_01.png</init_from>
    </image>
  </library_images>
  <library_materials>
    <material id="Material_004-material" name="Material.004">
      <instance_effect url="#Material_004-effect"/>
    </material>
    <material id="Material_003-material" name="Material.003">
      <instance_effect url="#Material_003-effect"/>
    </material>
  </library_materials>
  <library_geometries>
    <geometry id="torpedo_mount-mesh" name="torpedo_mount">
      <mesh>
        <source id="torpedo_mount-mesh-positions">
          <float_array id="torpedo_mount-mesh-positions-array" count="8016">-0.01110494 -0.3130216 -0.3083456 -0.0139693 -0.3119048 -0.3083456 -0.01285254 -0.3147692 -0.3083456 -0.01565653 -0.3141037 -0.3083456 -0.01397454 -0.3169713 -0.3083456 -0.01671719 -0.3166644 -0.3083456 -0.0143612 -0.3194123 -0.3083456 -0.01707899 -0.3194123 -0.3083456 -0.01397454 -0.3218533 -0.3083456 -0.01671719 -0.3221603 -0.3083456 -0.01285254 -0.3240554 -0.3083456 -0.01565653 -0.3247209 -0.3083456 -0.0139693 -0.3269198 -0.3083456 -0.01110494 -0.3258031 -0.3083456 -0.01177036 -0.3286071 -0.3083456 -0.008902847 -0.3269251 -0.3083456 -0.009209692 -0.3296678 -0.3083456 -0.006461799 -0.3273117 -0.3083456 -0.006461799 -0.3300295 -0.3083456 -0.00402075 -0.3269251 -0.3083456 -0.003713846 -0.3296678 -0.3083456 -0.001818597 -0.3258031 -0.3083456 -7.1058e-5 -0.3147692 -0.3083456 0.001045644 -0.3119048 -0.3083456 -0.001818597 -0.3130216 -0.3083456 -0.001153171 -0.3102176 -0.3083456 -0.00402075 -0.3118996 -0.3083456 -0.003713846 -0.3091569 -0.3083456 -0.006461799 -0.3115129 -0.3083456 -0.006461799 -0.3087951 -0.3083456 -0.008902847 -0.3118996 -0.3083456 -0.009209692 -0.3091569 -0.3083456 -0.01177036 -0.3102176 -0.3083456 -0.001153171 -0.3286071 -0.3083456 0.001045644 -0.3269198 -0.3083456 -7.1058e-5 -0.3240554 -0.3083456 0.002732932 -0.3247209 -0.3083456 0.001050949 -0.3218533 -0.3083456 0.003793597 -0.3221603 -0.3083456 0.001437544 -0.3194123 -0.3083456 0.004155337 -0.3194123 -0.3083456 0.001050949 -0.3169713 -0.3083456 0.003793597 -0.3166644 -0.3083456 0.002732932 -0.3141037 -0.3083456 -0.001818597 -0.3258031 -0.3337456 -0.001153171 -0.3286071 -0.3337456 -0.00402075 -0.3269251 -0.3337456 -0.003713846 -0.3296678 -0.3337456 -0.006461799 -0.3273117 -0.3337456 -0.006461799 -0.3300295 -0.3337456 -0.008902847 -0.3269251 -0.3337456 -0.009209692 -0.3296678 -0.3337456 -0.01110494 -0.3258031 -0.3337456 -0.01110494 -0.3130216 -0.3337456 -0.01177036 -0.3102176 -0.3337456 -0.008902847 -0.3118996 -0.3337456 -0.009209692 -0.3091569 -0.3337456 -0.006461799 -0.3115129 -0.3337456 -0.006461799 -0.3087951 -0.3337456 -0.00402075 -0.3118996 -0.3337456 -0.003713846 -0.3091569 -0.3337456 -0.001818597 -0.3130216 -0.3337456 -0.001153171 -0.3102176 -0.3337456 -7.1058e-5 -0.3147692 -0.3337456 0.001045644 -0.3119048 -0.3337456 0.002732932 -0.3141037 -0.3337456 0.001050949 -0.3169713 -0.3337456 0.003793597 -0.3166644 -0.3337456 0.001437544 -0.3194123 -0.3337456 0.004155337 -0.3194123 -0.3337456 0.001050949 -0.3218533 -0.3337456 0.003793597 -0.3221603 -0.3337456 -7.1058e-5 -0.3240554 -0.3337456 0.002732932 -0.3247209 -0.3337456 0.001045644 -0.3269198 -0.3337456 -0.01177036 -0.3286071 -0.3337456 -0.0139693 -0.3269198 -0.3337456 -0.01285254 -0.3240554 -0.3337456 -0.01565653 -0.3247209 -0.3337456 -0.01397454 -0.3218533 -0.3337456 -0.01671719 -0.3221603 -0.3337456 -0.0143612 -0.3194123 -0.3337456 -0.01707899 -0.3194123 -0.3337456 -0.01397454 -0.3169713 -0.3337456 -0.01671719 -0.3166644 -0.3337456 -0.01285254 -0.3147692 -0.3337456 -0.01565653 -0.3141037 -0.3337456 -0.0139693 -0.3119048 -0.3337456 -0.003283977 -0.3060042 -0.3344537 -0.00100398 -0.3067598 -0.3336982 -0.00100398 -0.3067598 -0.3527956 0.007317662 -0.3194123 -0.3527956 0.006946206 -0.3162345 -0.3527956 0.006946206 -0.3162345 -0.3242233 0.005851984 -0.3132281 -0.3527956 0.004093885 -0.3105551 -0.3527956 0.004093885 -0.3105551 -0.3299029 0.004591047 -0.3111838 -0.3292741 0.005851984 -0.3132281 -0.3272298 0.006190717 -0.3139545 -0.3265033 0.001766681 -0.3083595 -0.3527956 -2.77579e-4 -0.3070985 -0.3333594 0.001766681 -0.3083595 -0.3320984 0.002395451 -0.3088566 -0.3316013 -0.00406897 -0.3058422 -0.3346157 -0.00406897 -0.3058422 -0.3527956 -0.006461799 -0.3056328 -0.3348251 -0.007263004 -0.3056561 -0.3527956 -0.007263004 -0.3056561 -0.3348017 -0.009639561 -0.3060042 -0.3344537 -0.01041376 -0.3062117 -0.3527956 -0.01041376 -0.3062117 -0.3342462 -0.01264601 -0.3070985 -0.3333594 -0.01335155 -0.3074789 -0.3527956 -0.01335155 -0.3074789 -0.332979 -0.01531904 -0.3088566 -0.3316013 -0.01591783 -0.3093895 -0.3527956 -0.01591783 -0.3093895 -0.3310684 -0.01751464 -0.3111838 -0.3292741 -0.01797437 -0.3118404 -0.3527956 -0.01797437 -0.3118404 -0.3286175 -0.01911431 -0.3139545 -0.3265033 -0.01941025 -0.3146995 -0.3527956 -0.01941025 -0.3146995 -0.3257585 -0.02003192 -0.3170195 -0.3234384 -0.02014809 -0.3178126 -0.3527956 -0.02014839 -0.3178148 -0.3226431 -0.02014809 -0.3178126 -0.2892956 -0.01941025 -0.3146995 -0.2892956 -0.01941025 -0.3146995 -0.3163327 -0.01966238 -0.3154603 -0.3170936 -0.02014809 -0.3178126 -0.3194459 -0.02014809 -0.321012 -0.2892956 -0.02021801 -0.3186118 -0.320245 -0.02024126 -0.3194123 -0.3210456 -0.01797437 -0.3118404 -0.2892956 -0.01591783 -0.3093895 -0.2892956 -0.01591783 -0.3093895 -0.3110227 -0.01648461 -0.3099563 -0.3115895 -0.01797437 -0.3118404 -0.3134737 -0.01839518 -0.3125225 -0.3141558 -0.01335155 -0.3074789 -0.2892956 -0.01041376 -0.3062117 -0.2892956 -0.01041376 -0.3062117 -0.3078449 -0.01117461 -0.3064638 -0.3080971 -0.01335155 -0.3074789 -0.3091122 -0.01403373 -0.3078997 -0.3095329 -0.00406897 -0.3058422 -0.2892956 -0.00486207 -0.305726 -0.3073592 -0.007263004 -0.3056561 -0.2892956 -0.007263004 -0.3056561 -0.3072894 -0.008061468 -0.305726 -0.3073592 -0.00100398 -0.3067598 -0.2892956 -0.001748919 -0.3064638 -0.3080971 -0.00406897 -0.3058422 -0.3074754 0.001766681 -0.3083595 -0.2892956 0.001110136 -0.3078997 -0.3095329 -0.00100398 -0.3067598 -0.308393 0.004093885 -0.3105551 -0.2892956 0.003561019 -0.3099563 -0.3115895 0.001766681 -0.3083595 -0.3099927 0.005851984 -0.3132281 -0.2892956 0.005471587 -0.3125225 -0.3141558 0.004093885 -0.3105551 -0.3121883 0.006946206 -0.3162345 -0.2892956 0.006738781 -0.3154603 -0.3170936 0.005851984 -0.3132281 -0.3148614 0.00710833 -0.3170195 -0.3234384 0.007317662 -0.3194123 -0.3210456 0.006946206 -0.3225901 -0.3527956 -0.02014809 -0.321012 -0.3527956 -0.01941025 -0.3241252 -0.3527956 -0.01941025 -0.3241252 -0.2892956 -0.01797437 -0.3269843 -0.3527956 -0.01797437 -0.3269843 -0.2892956 -0.01591783 -0.3294352 -0.3527956 -0.01591783 -0.3294352 -0.2892956 -0.01335155 -0.3313457 -0.3527956 -0.01335155 -0.3313457 -0.2892956 -0.01041376 -0.3326129 -0.3527956 -0.01041376 -0.3326129 -0.2892956 -0.007263004 -0.3331685 -0.3527956 -0.007263004 -0.3331685 -0.2892956 -0.00406897 -0.3329825 -0.3527956 -0.00406897 -0.3329825 -0.2892956 -0.00100398 -0.3320649 -0.3527956 -0.00100398 -0.3320649 -0.2892956 0.001766681 -0.3304651 -0.3527956 0.001766681 -0.3304651 -0.2892956 0.004093885 -0.3282696 -0.3527956 0.004093885 -0.3282696 -0.2892956 0.005851984 -0.3255965 -0.3527956 0.005851984 -0.3255965 -0.2892956 0.006946206 -0.3225901 -0.2892956 0.007317662 -0.3194123 -0.2892956 0.007294356 -0.3186111 -0.3202444 0.006946206 -0.3162345 -0.3178678 0.00394082 -0.3166249 -0.2892956 0.002864897 -0.3140275 -0.2892956 0.001153409 -0.3117971 -0.2892956 -0.001076996 -0.3100855 -0.2892956 -0.003674387 -0.3090097 -0.2892956 -0.006461799 -0.3086427 -0.2892956 -0.00924915 -0.3090097 -0.2892956 -0.0118466 -0.3100855 -0.2892956 -0.01407706 -0.3117971 -0.2892956 -0.01578855 -0.3140275 -0.2892956 -0.01686441 -0.3166249 -0.2892956 -0.0172314 -0.3194123 -0.2892956 -0.01686441 -0.3221997 -0.2892956 -0.01578855 -0.3247971 -0.2892956 -0.01407706 -0.3270276 -0.2892956 -0.0118466 -0.3287391 -0.2892956 -0.00924915 -0.329815 -0.2892956 -0.006461799 -0.3301819 -0.2892956 -0.003674387 -0.329815 -0.2892956 -0.001076996 -0.3287391 -0.2892956 0.001153409 -0.3270276 -0.2892956 0.002864897 -0.3247971 -0.2892956 0.00394082 -0.3221997 -0.2892956 0.004307746 -0.3194123 -0.2892956 -0.01686441 -0.3166249 -0.3527956 -0.01578855 -0.3140275 -0.3527956 -0.01407706 -0.3117971 -0.3527956 -0.0118466 -0.3100855 -0.3527956 -0.00924915 -0.3090097 -0.3527956 -0.006461799 -0.3086427 -0.3527956 -0.003674387 -0.3090097 -0.3527956 -0.001076996 -0.3100855 -0.3527956 0.001153409 -0.3117971 -0.3527956 0.002864897 -0.3140275 -0.3527956 0.00394082 -0.3166249 -0.3527956 0.004307746 -0.3194123 -0.3527956 0.00394082 -0.3221997 -0.3527956 0.002864897 -0.3247971 -0.3527956 0.001153409 -0.3270276 -0.3527956 -0.001076996 -0.3287391 -0.3527956 -0.003674387 -0.329815 -0.3527956 -0.006461799 -0.3301819 -0.3527956 -0.00924915 -0.329815 -0.3527956 -0.0118466 -0.3287391 -0.3527956 -0.01407706 -0.3270276 -0.3527956 -0.01578855 -0.3247971 -0.3527956 -0.01686441 -0.3221997 -0.3527956 -0.0172314 -0.3194123 -0.3527956 -0.003713846 -0.3067123 -0.3107901 -0.003674387 -0.2876623 -0.310643 -0.001153171 -0.3067123 -0.3118508 -0.001076996 -0.2876623 -0.3117188 0.001045644 -0.3067123 -0.3135381 0.001153409 -0.2876623 -0.3134303 0.002732932 -0.3067123 -0.315737 0.002864897 -0.2876623 -0.3156608 0.003793597 -0.3067123 -0.3182976 0.00394082 -0.2876623 -0.3182582 0.004155337 -0.3067123 -0.3210456 0.004307746 -0.2876623 -0.3210456 0.003793597 -0.3067123 -0.3237935 0.00394082 -0.2876623 -0.3238329 0.002732932 -0.3067123 -0.3263542 0.002864897 -0.2876623 -0.3264304 0.001045644 -0.3067123 -0.3285531 0.001153409 -0.2876623 -0.3286609 -0.001153171 -0.3067123 -0.3302403 -0.001076996 -0.2876623 -0.3303723 -0.003713846 -0.3067123 -0.331301 -0.003674387 -0.2876623 -0.3314482 -0.006461799 -0.3067123 -0.3316628 -0.006461799 -0.2876623 -0.3318152 -0.009209692 -0.3067123 -0.331301 -0.00924915 -0.2876623 -0.3314482 -0.01177036 -0.3067123 -0.3302403 -0.0118466 -0.2876623 -0.3303723 -0.0139693 -0.3067123 -0.3285531 -0.01407706 -0.2876623 -0.3286609 -0.01565653 -0.3067123 -0.3263542 -0.01578855 -0.2876623 -0.3264304 -0.01671719 -0.3067123 -0.3237935 -0.01686441 -0.2876623 -0.3238329 -0.01707899 -0.3067123 -0.3210456 -0.0172314 -0.2876623 -0.3210456 -0.01671719 -0.3067123 -0.3182976 -0.01686441 -0.2876623 -0.3182582 -0.01565653 -0.3067123 -0.315737 -0.01578855 -0.2876623 -0.3156608 -0.0139693 -0.3067123 -0.3135381 -0.01407706 -0.2876623 -0.3134303 -0.01177036 -0.3067123 -0.3118508 -0.0118466 -0.2876623 -0.3117188 -0.009209692 -0.3067123 -0.3107901 -0.00924915 -0.2876623 -0.310643 -0.006461799 -0.3067123 -0.3104284 -0.006461799 -0.2876623 -0.310276 0.004591047 -0.2876623 -0.3292741 0.002395451 -0.2876623 -0.3316013 -2.77579e-4 -0.2876623 -0.3333594 -0.003283977 -0.2876623 -0.3344537 -0.006461799 -0.2876623 -0.3348251 -0.009639561 -0.2876623 -0.3344537 -0.01264601 -0.2876623 -0.3333594 -0.00486207 -0.2876623 -0.3073592 -0.001748919 -0.2876623 -0.3080971 0.001110136 -0.2876623 -0.3095329 0.003561019 -0.2876623 -0.3115895 0.005471587 -0.2876623 -0.3141558 0.006738781 -0.2876623 -0.3170936 0.007294356 -0.2876623 -0.3202444 0.00710833 -0.2876623 -0.3234384 0.006190717 -0.2876623 -0.3265033 -0.01531904 -0.2876623 -0.3316013 -0.01751464 -0.2876623 -0.3292741 -0.01911431 -0.2876623 -0.3265033 -0.02003192 -0.2876623 -0.3234384 -0.02021795 -0.2876623 -0.3202444 -0.01966238 -0.2876623 -0.3170936 -0.01839518 -0.2876623 -0.3141558 -0.01648461 -0.2876623 -0.3115895 -0.01403373 -0.2876623 -0.3095329 -0.01117461 -0.2876623 -0.3080971 -0.008061468 -0.2876623 -0.3073592 -0.001818597 -0.3067123 -0.3274363 -0.00402075 -0.3067123 -0.3285583 -0.006461799 -0.3067123 -0.328945 -0.008902847 -0.3067123 -0.3285583 -0.01110494 -0.3067123 -0.3274363 -0.01285254 -0.3067123 -0.3164024 -0.01110494 -0.3067123 -0.3146548 -0.008902847 -0.3067123 -0.3135328 -0.006461799 -0.3067123 -0.3131462 -0.00402075 -0.3067123 -0.3135328 -0.001818597 -0.3067123 -0.3146548 -7.1058e-5 -0.3067123 -0.3164024 -0.01285254 -0.3067123 -0.3256887 -0.01397454 -0.3067123 -0.3234866 -0.0143612 -0.3067123 -0.3210456 -0.01397454 -0.3067123 -0.3186045 0.001050949 -0.3067123 -0.3186045 0.001437544 -0.3067123 -0.3210456 0.001050949 -0.3067123 -0.3234866 -7.1058e-5 -0.3067123 -0.3256887 0.001050949 -0.3169713 -0.3186045 -7.1058e-5 -0.3147692 -0.3164024 5.7661e-4 -0.3158261 -0.3174594 -0.00402075 -0.3118996 -0.3135328 -0.002875506 -0.3123739 -0.3140072 -0.001818597 -0.3130216 -0.3146548 -8.76088e-4 -0.3138266 -0.3154599 -0.007697522 -0.3116102 -0.3132435 -0.006461799 -0.3115129 -0.3131462 -0.005226016 -0.3116102 -0.3132435 -0.01004803 -0.3123739 -0.3140072 -0.008902847 -0.3118996 -0.3135328 -0.01204752 -0.3138266 -0.3154599 -0.01110494 -0.3130216 -0.3146548 -0.01350021 -0.3158261 -0.3174594 -0.01285254 -0.3147692 -0.3164024 -0.0143612 -0.3194123 -0.3210456 -0.01426392 -0.3181766 -0.3198099 -0.01397454 -0.3169713 -0.3186045 -0.01397454 -0.3169713 -0.3234866 -0.01285254 -0.3147692 -0.3256887 -0.01350021 -0.3158261 -0.3246318 -0.008902847 -0.3118996 -0.3285583 -0.01004803 -0.3123739 -0.328084 -0.01110494 -0.3130216 -0.3274363 -0.01204752 -0.3138266 -0.3266313 -0.005226016 -0.3116102 -0.3288477 -0.006461799 -0.3115129 -0.328945 -0.007697522 -0.3116102 -0.3288477 -0.002875506 -0.3123739 -0.328084 -0.00402075 -0.3118996 -0.3285583 -8.76088e-4 -0.3138266 -0.3266313 -0.001818597 -0.3130216 -0.3274363 5.7661e-4 -0.3158261 -0.3246318 -7.1058e-5 -0.3147692 -0.3256887 0.001437544 -0.3194123 -0.3210456 0.001340329 -0.3181766 -0.3222813 0.001050949 -0.3169713 -0.3234866 0.001340329 -0.3181766 -0.3198099 -0.01426392 -0.3181766 -0.3222813 -0.002639055 0.3349088 0.3139544 -0.001127779 0.3375265 0.3139544 -0.006461799 0.3359331 0.3139544 -0.006461799 0.3389557 0.3139544 -0.01028448 0.3349088 0.3139544 -0.01179575 0.3375265 0.3139544 -0.01308292 0.3321104 0.3139544 -0.01570051 0.3336217 0.3139544 -0.01410716 0.3282877 0.3139544 -0.01712977 0.3282877 0.3139544 -0.01308292 0.324465 0.3139544 -0.01570051 0.3229537 0.3139544 -0.01028448 0.3216665 0.3139544 -0.01179575 0.3190489 0.3139544 -0.006461799 0.3206422 0.3139544 -0.006461799 0.3176197 0.3139544 -0.002639055 0.3216665 0.3139544 -0.001127779 0.3190489 0.3139544 1.59304e-4 0.324465 0.3139544 0.00277692 0.3229537 0.3139544 0.001183569 0.3282877 0.3139544 0.00420618 0.3282877 0.3139544 1.59304e-4 0.3321104 0.3139544 0.00277692 0.3336217 0.3139544 0.001183569 0.3282877 -0.3083456 0.00420618 0.3282877 -0.3083456 1.59304e-4 0.324465 -0.3083456 0.00277692 0.3229537 -0.3083456 -0.002639055 0.3216665 -0.3083456 -0.001127779 0.3190489 -0.3083456 -0.006461799 0.3206422 -0.3083456 -0.006461799 0.3176197 -0.3083456 -0.01028448 0.3216665 -0.3083456 -0.01179575 0.3190489 -0.3083456 -0.01308292 0.324465 -0.3083456 -0.01570051 0.3229537 -0.3083456 -0.01410716 0.3282877 -0.3083456 -0.01712977 0.3282877 -0.3083456 -0.01308292 0.3321104 -0.3083456 -0.01570051 0.3336217 -0.3083456 -0.01028448 0.3349088 -0.3083456 -0.01179575 0.3375265 -0.3083456 -0.006461799 0.3359331 -0.3083456 -0.006461799 0.3389557 -0.3083456 -0.002639055 0.3349088 -0.3083456 -0.001127779 0.3375265 -0.3083456 1.59304e-4 0.3321104 -0.3083456 0.00277692 0.3336217 -0.3083456 0.009753406 0.324291 -0.4162956 0.01023864 0.3282877 -0.4162956 0.006606459 0.3282877 -0.4162956 0.009753406 0.3322843 -0.4162956 0.004855632 0.3348218 -0.4162956 0.006038665 0.3393622 -0.4162956 7.23429e-5 0.3396052 -0.4162956 -5.39728e-4 0.3439029 -0.4162956 -0.006461799 0.341356 -0.4162956 -0.008474826 0.3448664 -0.4162956 -0.01299595 0.3396052 -0.4162956 -0.01594877 0.3420319 -0.4162956 -0.01777929 0.3348218 -0.4162956 -0.02124935 0.3360488 -0.4162956 -0.01953005 0.3282877 -0.4162956 -0.0231623 0.3282877 -0.4162956 -0.01777929 0.3217535 -0.4162956 -0.02124935 0.3205265 -0.4162956 -0.01299595 0.3169702 -0.4162956 -0.01594877 0.3145434 -0.4162956 -0.006461799 0.3152194 -0.4162956 -0.008474826 0.3117089 -0.4162956 7.23429e-5 0.3169702 -0.4162956 -5.39728e-4 0.3126724 -0.4162956 0.004855632 0.3217535 -0.4162956 0.006038665 0.3172132 -0.4162956 0.009753406 0.3322843 -0.8734956 0.01023864 0.3282877 -0.8734956 0.006606459 0.3282877 -0.8734956 0.009753406 0.324291 -0.8734956 0.004855632 0.3217535 -0.8734956 0.006038665 0.3172132 -0.8734956 7.23429e-5 0.3169702 -0.8734956 -5.39728e-4 0.3126724 -0.8734956 -0.006461799 0.3152194 -0.8734956 -0.008474826 0.3117089 -0.8734956 -0.01299595 0.3169702 -0.8734956 -0.01594877 0.3145434 -0.8734956 -0.01777929 0.3217535 -0.8734956 -0.02124935 0.3205265 -0.8734956 -0.01953005 0.3282877 -0.8734956 -0.0231623 0.3282877 -0.8734956 -0.01777929 0.3348218 -0.8734956 -0.02124935 0.3360488 -0.8734956 -0.01299595 0.3396052 -0.8734956 -0.01594877 0.3420319 -0.8734956 -0.006461799 0.341356 -0.8734956 -0.008474826 0.3448664 -0.8734956 7.23429e-5 0.3396052 -0.8734956 -5.39728e-4 0.3439029 -0.8734956 0.004855632 0.3348218 -0.8734956 0.006038665 0.3393622 -0.8734956 -0.001818597 0.3155876 0.3202636 0.001045644 0.3155876 0.3191469 -7.1058e-5 0.3155876 0.3220112 0.002732932 0.3155876 0.3213458 0.001050949 0.3155876 0.3242133 0.003793597 0.3155876 0.3239065 0.001437544 0.3155876 0.3266544 0.004155337 0.3155876 0.3266544 0.001050949 0.3155876 0.3290954 0.003793597 0.3155876 0.3294023 -7.1058e-5 0.3155876 0.3312976 0.002732932 0.3155876 0.331963 0.001045644 0.3155876 0.3341619 -0.001818597 0.3155876 0.3330451 -0.001153171 0.3155876 0.3358492 -0.00402075 0.3155876 0.3341672 -0.003713846 0.3155876 0.3369098 -0.006461799 0.3155876 0.3345538 -0.006461799 0.3155876 0.3372716 -0.008902847 0.3155876 0.3341672 -0.009209692 0.3155876 0.3369098 -0.01110494 0.3155876 0.3330451 -0.01285254 0.3155876 0.3220112 -0.0139693 0.3155876 0.3191469 -0.01110494 0.3155876 0.3202636 -0.01177036 0.3155876 0.3174597 -0.008902847 0.3155876 0.3191416 -0.009209692 0.3155876 0.316399 -0.006461799 0.3155876 0.318755 -0.006461799 0.3155876 0.3160372 -0.00402075 0.3155876 0.3191416 -0.003713846 0.3155876 0.316399 -0.001153171 0.3155876 0.3174597 -0.01177036 0.3155876 0.3358492 -0.0139693 0.3155876 0.3341619 -0.01285254 0.3155876 0.3312976 -0.01565653 0.3155876 0.331963 -0.01397454 0.3155876 0.3290954 -0.01671719 0.3155876 0.3294023 -0.0143612 0.3155876 0.3266544 -0.01707899 0.3155876 0.3266544 -0.01397454 0.3155876 0.3242133 -0.01671719 0.3155876 0.3239065 -0.01565653 0.3155876 0.3213458 -0.01110494 0.3409877 0.3330451 -0.01177036 0.3409877 0.3358492 -0.008902847 0.3409877 0.3341672 -0.009209692 0.3409877 0.3369098 -0.006461799 0.3409877 0.3345538 -0.006461799 0.3409877 0.3372716 -0.00402075 0.3409877 0.3341672 -0.003713846 0.3409877 0.3369098 -0.001818597 0.3409877 0.3330451 -0.001818597 0.3409877 0.3202636 -0.001153171 0.3409877 0.3174597 -0.00402075 0.3409877 0.3191416 -0.003713846 0.3409877 0.316399 -0.006461799 0.3409877 0.318755 -0.006461799 0.3409877 0.3160372 -0.008902847 0.3409877 0.3191416 -0.009209692 0.3409877 0.316399 -0.01110494 0.3409877 0.3202636 -0.01177036 0.3409877 0.3174597 -0.01285254 0.3409877 0.3220112 -0.0139693 0.3409877 0.3191469 -0.01565653 0.3409877 0.3213458 -0.01397454 0.3409877 0.3242133 -0.01671719 0.3409877 0.3239065 -0.0143612 0.3409877 0.3266544 -0.01707899 0.3409877 0.3266544 -0.01397454 0.3409877 0.3290954 -0.01671719 0.3409877 0.3294023 -0.01285254 0.3409877 0.3312976 -0.01565653 0.3409877 0.331963 -0.0139693 0.3409877 0.3341619 -0.001153171 0.3409877 0.3358492 0.001045644 0.3409877 0.3341619 -7.1058e-5 0.3409877 0.3312976 0.002732932 0.3409877 0.331963 0.001050949 0.3409877 0.3290954 0.003793597 0.3409877 0.3294023 0.001437544 0.3409877 0.3266544 0.004155337 0.3409877 0.3266544 0.001050949 0.3409877 0.3242133 0.003793597 0.3409877 0.3239065 -7.1058e-5 0.3409877 0.3220112 0.002732932 0.3409877 0.3213458 0.001045644 0.3409877 0.3191469 -0.009639561 0.3416957 0.3132463 -0.01191955 0.3409402 0.3140019 -0.01191955 0.3600377 0.3140019 -0.02024126 0.3600377 0.3266544 -0.01986986 0.3600377 0.3234766 -0.01986986 0.3314654 0.3234766 -0.01877558 0.3600377 0.3204702 -0.01701748 0.3600377 0.3177971 -0.01701748 0.337145 0.3177971 -0.01751464 0.3365162 0.3184258 -0.01877558 0.3344719 0.3204702 -0.01911431 0.3337454 0.3211966 -0.01469033 0.3600377 0.3156015 -0.01264601 0.3406015 0.3143406 -0.01469033 0.3393405 0.3156015 -0.01531904 0.3388434 0.3160987 -0.008854568 0.3418578 0.3130843 -0.008854568 0.3600377 0.3130843 -0.006461799 0.3420672 0.3128749 -0.005660593 0.3600377 0.3128982 -0.005660593 0.3420439 0.3128982 -0.003283977 0.3416957 0.3132463 -0.002509772 0.3600377 0.3134538 -0.002509772 0.3414883 0.3134538 -2.77579e-4 0.3406015 0.3143406 4.27943e-4 0.3600377 0.314721 4.27943e-4 0.3402211 0.314721 0.002395451 0.3388434 0.3160987 0.002994239 0.3600377 0.3166316 0.002994239 0.3383105 0.3166316 0.004591047 0.3365162 0.3184258 0.005050778 0.3600377 0.3190824 0.005050778 0.3358596 0.3190824 0.006190717 0.3337454 0.3211966 0.006486654 0.3600377 0.3219416 0.006486654 0.3330006 0.3219416 0.00710833 0.3306804 0.3242616 0.0072245 0.3600377 0.3250547 0.007224738 0.3298851 0.325057 0.0072245 0.2965376 0.3250547 0.006486654 0.2965376 0.3219416 0.006486654 0.3235748 0.3219416 0.006738781 0.3243356 0.3227024 0.0072245 0.3266879 0.3250547 0.0072245 0.2965376 0.3282541 0.007294416 0.3274871 0.3258539 0.007317662 0.3282877 0.3266544 0.005050778 0.2965376 0.3190824 0.002994239 0.2965376 0.3166316 0.002994239 0.3182649 0.3166316 0.003561019 0.3188316 0.3171983 0.005050778 0.3207157 0.3190824 0.005471587 0.3213979 0.3197647 4.27943e-4 0.2965376 0.314721 -0.002509772 0.2965376 0.3134538 -0.002509772 0.315087 0.3134538 -0.001748919 0.3153392 0.3137059 4.27943e-4 0.3163543 0.314721 0.001110136 0.3167751 0.3151418 -0.008854568 0.2965376 0.3130843 -0.008061468 0.3146014 0.3129681 -0.005660593 0.2965376 0.3128982 -0.005660593 0.3145315 0.3128982 -0.00486207 0.3146014 0.3129681 -0.01191955 0.2965376 0.3140019 -0.01117461 0.3153392 0.3137059 -0.008854568 0.3147175 0.3130843 -0.01469033 0.2965376 0.3156015 -0.01403373 0.3167751 0.3151418 -0.01191955 0.3156351 0.3140019 -0.01701748 0.2965376 0.3177971 -0.01648461 0.3188316 0.3171983 -0.01469033 0.3172348 0.3156015 -0.01877558 0.2965376 0.3204702 -0.01839518 0.3213979 0.3197647 -0.01701748 0.3194304 0.3177971 -0.01986986 0.2965376 0.3234766 -0.01966238 0.3243356 0.3227024 -0.01877558 0.3221035 0.3204702 -0.02003192 0.3306804 0.3242616 -0.02024126 0.3282877 0.3266544 -0.01986986 0.3600377 0.3298322 0.0072245 0.3600377 0.3282541 0.006486654 0.3600377 0.3313673 0.006486654 0.2965376 0.3313673 0.005050778 0.3600377 0.3342264 0.005050778 0.2965376 0.3342264 0.002994239 0.3600377 0.3366773 0.002994239 0.2965376 0.3366773 4.27943e-4 0.3600377 0.3385878 4.27943e-4 0.2965376 0.3385878 -0.002509772 0.3600377 0.339855 -0.002509772 0.2965376 0.339855 -0.005660593 0.3600377 0.3404106 -0.005660593 0.2965376 0.3404106 -0.008854568 0.3600377 0.3402246 -0.008854568 0.2965376 0.3402246 -0.01191955 0.3600377 0.339307 -0.01191955 0.2965376 0.339307 -0.01469033 0.3600377 0.3377073 -0.01469033 0.2965376 0.3377073 -0.01701748 0.3600377 0.3355117 -0.01701748 0.2965376 0.3355117 -0.01877558 0.3600377 0.3328387 -0.01877558 0.2965376 0.3328387 -0.01986986 0.2965376 0.3298322 -0.02024126 0.2965376 0.3266544 -0.02021795 0.3274865 0.3258532 -0.01986986 0.3251099 0.3234766 -0.01686441 0.2965376 0.323867 -0.01578855 0.2965376 0.3212696 -0.01407706 0.2965376 0.3190392 -0.0118466 0.2965376 0.3173277 -0.00924915 0.2965376 0.3162518 -0.006461799 0.2965376 0.3158848 -0.003674387 0.2965376 0.3162518 -0.001076996 0.2965376 0.3173277 0.001153409 0.2965376 0.3190392 0.002864897 0.2965376 0.3212696 0.00394082 0.2965376 0.323867 0.004307746 0.2965376 0.3266544 0.00394082 0.2965376 0.3294418 0.002864897 0.2965376 0.3320392 0.001153409 0.2965376 0.3342697 -0.001076996 0.2965376 0.3359811 -0.003674387 0.2965376 0.3370571 -0.006461799 0.2965376 0.337424 -0.00924915 0.2965376 0.3370571 -0.0118466 0.2965376 0.3359811 -0.01407706 0.2965376 0.3342697 -0.01578855 0.2965376 0.3320392 -0.01686441 0.2965376 0.3294418 -0.0172314 0.2965376 0.3266544 0.00394082 0.3600377 0.323867 0.002864897 0.3600377 0.3212696 0.001153409 0.3600377 0.3190392 -0.001076996 0.3600377 0.3173277 -0.003674387 0.3600377 0.3162518 -0.006461799 0.3600377 0.3158848 -0.00924915 0.3600377 0.3162518 -0.0118466 0.3600377 0.3173277 -0.01407706 0.3600377 0.3190392 -0.01578855 0.3600377 0.3212696 -0.01686441 0.3600377 0.323867 -0.0172314 0.3600377 0.3266544 -0.01686441 0.3600377 0.3294418 -0.01578855 0.3600377 0.3320392 -0.01407706 0.3600377 0.3342697 -0.0118466 0.3600377 0.3359811 -0.00924915 0.3600377 0.3370571 -0.006461799 0.3600377 0.337424 -0.003674387 0.3600377 0.3370571 -0.001076996 0.3600377 0.3359811 0.001153409 0.3600377 0.3342697 0.002864897 0.3600377 0.3320392 0.00394082 0.3600377 0.3294418 0.004307746 0.3600377 0.3266544 -0.009209692 0.3180322 0.3139544 -0.00924915 0.3178851 0.2949044 -0.01177036 0.3190929 0.3139544 -0.0118466 0.3189609 0.2949044 -0.0139693 0.3207802 0.3139544 -0.01407706 0.3206724 0.2949044 -0.01565653 0.322979 0.3139544 -0.01578855 0.3229029 0.2949044 -0.01671719 0.3255397 0.3139544 -0.01686441 0.3255003 0.2949044 -0.01707899 0.3282877 0.3139544 -0.0172314 0.3282877 0.2949044 -0.01671719 0.3310356 0.3139544 -0.01686441 0.331075 0.2949044 -0.01565653 0.3335963 0.3139544 -0.01578855 0.3336725 0.2949044 -0.0139693 0.3357952 0.3139544 -0.01407706 0.3359029 0.2949044 -0.01177036 0.3374825 0.3139544 -0.0118466 0.3376144 0.2949044 -0.009209692 0.3385431 0.3139544 -0.00924915 0.3386903 0.2949044 -0.006461799 0.3389049 0.3139544 -0.006461799 0.3390573 0.2949044 -0.003713846 0.3385431 0.3139544 -0.003674387 0.3386903 0.2949044 -0.001153171 0.3374825 0.3139544 -0.001076996 0.3376144 0.2949044 0.001045644 0.3357952 0.3139544 0.001153409 0.3359029 0.2949044 0.002732932 0.3335963 0.3139544 0.002864897 0.3336725 0.2949044 0.003793597 0.3310356 0.3139544 0.00394082 0.331075 0.2949044 0.004155337 0.3282877 0.3139544 0.004307746 0.3282877 0.2949044 0.003793597 0.3255397 0.3139544 0.00394082 0.3255003 0.2949044 0.002732932 0.322979 0.3139544 0.002864897 0.3229029 0.2949044 0.001045644 0.3207802 0.3139544 0.001153409 0.3206724 0.2949044 -0.001153171 0.3190929 0.3139544 -0.001076996 0.3189609 0.2949044 -0.003713846 0.3180322 0.3139544 -0.003674387 0.3178851 0.2949044 -0.006461799 0.3176705 0.3139544 -0.006461799 0.3175181 0.2949044 -0.01751464 0.3365162 0.2949044 -0.01531904 0.3388434 0.2949044 -0.01264601 0.3406015 0.2949044 -0.009639561 0.3416957 0.2949044 -0.006461799 0.3420672 0.2949044 -0.003283977 0.3416957 0.2949044 -2.77579e-4 0.3406015 0.2949044 -0.008061468 0.3146014 0.2949044 -0.01117461 0.3153392 0.2949044 -0.01403373 0.3167751 0.2949044 -0.01648461 0.3188316 0.2949044 -0.01839518 0.3213979 0.2949044 -0.01966238 0.3243356 0.2949044 -0.02021795 0.3274865 0.2949044 -0.02003192 0.3306804 0.2949044 -0.01911431 0.3337454 0.2949044 0.002395451 0.3388434 0.2949044 0.004591047 0.3365162 0.2949044 0.006190717 0.3337454 0.2949044 0.00710833 0.3306804 0.2949044 0.007294356 0.3274865 0.2949044 0.006738781 0.3243356 0.2949044 0.005471587 0.3213979 0.2949044 0.003561019 0.3188316 0.2949044 0.001110136 0.3167751 0.2949044 -0.001748919 0.3153392 0.2949044 -0.00486207 0.3146014 0.2949044 -0.01110494 0.3346784 0.3139544 -0.008902847 0.3358004 0.3139544 -0.006461799 0.3361871 0.3139544 -0.00402075 0.3358004 0.3139544 -0.001818597 0.3346784 0.3139544 -7.1058e-5 0.3236445 0.3139544 -0.001818597 0.3218969 0.3139544 -0.00402075 0.3207749 0.3139544 -0.006461799 0.3203883 0.3139544 -0.008902847 0.3207749 0.3139544 -0.01110494 0.3218969 0.3139544 -0.01285254 0.3236445 0.3139544 -7.1058e-5 0.3329308 0.3139544 0.001050949 0.3307287 0.3139544 0.001437544 0.3282877 0.3139544 0.001050949 0.3258466 0.3139544 -0.01397454 0.3258466 0.3139544 -0.0143612 0.3282877 0.3139544 -0.01397454 0.3307287 0.3139544 -0.01285254 0.3329308 0.3139544 -0.01397454 0.3258466 0.3242133 -0.01285254 0.3236445 0.3220112 -0.01350021 0.3247014 0.3230682 -0.008902847 0.3207749 0.3191416 -0.01004803 0.3212493 0.319616 -0.01110494 0.3218969 0.3202636 -0.01204752 0.3227019 0.3210687 -0.005226016 0.3204855 0.3188523 -0.006461799 0.3203883 0.318755 -0.007697522 0.3204855 0.3188523 -0.002875506 0.3212493 0.319616 -0.00402075 0.3207749 0.3191416 -8.76088e-4 0.3227019 0.3210687 -0.001818597 0.3218969 0.3202636 5.7661e-4 0.3247014 0.3230682 -7.1058e-5 0.3236445 0.3220112 0.001437544 0.3282877 0.3266544 0.001340329 0.3270519 0.3254187 0.001050949 0.3258466 0.3242133 0.001050949 0.3307287 0.3242133 -7.1058e-5 0.3329308 0.3220112 5.7661e-4 0.3318739 0.3230682 -0.00402075 0.3358004 0.3191416 -0.002875506 0.3353261 0.319616 -0.001818597 0.3346784 0.3202636 -8.76088e-4 0.3338734 0.3210687 -0.007697522 0.3360898 0.3188523 -0.006461799 0.3361871 0.318755 -0.005226016 0.3360898 0.3188523 -0.01004803 0.3353261 0.319616 -0.008902847 0.3358004 0.3191416 -0.01204752 0.3338734 0.3210687 -0.01110494 0.3346784 0.3202636 -0.01350021 0.3318739 0.3230682 -0.01285254 0.3329308 0.3220112 -0.0143612 0.3282877 0.3266544 -0.01426392 0.3295234 0.3254187 -0.01397454 0.3307287 0.3242133 -0.01426392 0.3270519 0.3254187 0.001340329 0.3295234 0.3254187 -0.01457101 -0.3340119 -0.4162956 -0.01084148 -0.3355283 -0.4162956 -0.009888947 -0.3320232 -0.4162956 -0.006857395 -0.3361082 -0.4162956 -0.003124296 -0.3320473 -0.4162956 9.46817e-4 -0.3343796 -0.4162956 0.002745926 -0.3286858 -0.4162956 0.007053792 -0.3292222 -0.4162956 0.006149053 -0.3228394 -0.4162956 0.01006454 -0.3218175 -0.4162956 0.006173133 -0.3160749 -0.4162956 0.009289324 -0.3138618 -0.4162956 0.00281161 -0.3102045 -0.4162956 0.004905641 -0.3071777 -0.4162956 -0.003034651 -0.3068014 -0.4162956 -0.002082109 -0.3032963 -0.4162956 -0.009799242 -0.3067774 -0.4162956 -0.01007324 -0.303107 -0.4162956 -0.01566958 -0.3101389 -0.4162956 -0.017237 -0.306653 -0.4162956 -0.01907271 -0.3159852 -0.4162956 -0.02193236 -0.313122 -0.4162956 -0.01909673 -0.3227497 -0.4162956 -0.02308356 -0.3210321 -0.4162956 -0.01573526 -0.3286201 -0.4162956 -0.02042692 -0.328571 -0.4162956 -0.006857395 -0.3361082 -0.8734956 -0.01084148 -0.3355283 -0.8734956 -0.009888947 -0.3320232 -0.8734956 -0.01457101 -0.3340119 -0.8734956 -0.01573526 -0.3286201 -0.8734956 -0.02042692 -0.328571 -0.8734956 -0.01909673 -0.3227497 -0.8734956 -0.02308356 -0.3210321 -0.8734956 -0.01907271 -0.3159852 -0.8734956 -0.02193236 -0.313122 -0.8734956 -0.01566958 -0.3101389 -0.8734956 -0.017237 -0.306653 -0.8734956 -0.009799242 -0.3067774 -0.8734956 -0.01007324 -0.303107 -0.8734956 -0.003034651 -0.3068014 -0.8734956 -0.002082109 -0.3032963 -0.8734956 0.00281161 -0.3102045 -0.8734956 0.004905641 -0.3071777 -0.8734956 0.006173133 -0.3160749 -0.8734956 0.009289324 -0.3138618 -0.8734956 0.006149053 -0.3228394 -0.8734956 0.01006454 -0.3218175 -0.8734956 0.002745926 -0.3286858 -0.8734956 0.007053792 -0.3292222 -0.8734956 -0.003124296 -0.3320473 -0.8734956 9.46817e-4 -0.3343796 -0.8734956 -0.001818597 -0.3321123 0.3202636 0.001045644 -0.3321123 0.3191469 -7.1058e-5 -0.3321123 0.3220112 0.002732932 -0.3321123 0.3213458 0.001050949 -0.3321123 0.3242133 0.003793597 -0.3321123 0.3239065 0.001437544 -0.3321123 0.3266544 0.004155337 -0.3321123 0.3266544 0.001050949 -0.3321123 0.3290954 0.003793597 -0.3321123 0.3294023 -7.1058e-5 -0.3321123 0.3312976 0.002732932 -0.3321123 0.331963 0.001045644 -0.3321123 0.3341619 -0.001818597 -0.3321123 0.3330451 -0.001153171 -0.3321123 0.3358492 -0.00402075 -0.3321123 0.3341672 -0.003713846 -0.3321123 0.3369098 -0.006461799 -0.3321123 0.3345538 -0.006461799 -0.3321123 0.3372716 -0.008902847 -0.3321123 0.3341672 -0.009209692 -0.3321123 0.3369098 -0.01110494 -0.3321123 0.3330451 -0.01285254 -0.3321123 0.3220112 -0.0139693 -0.3321123 0.3191469 -0.01110494 -0.3321123 0.3202636 -0.01177036 -0.3321123 0.3174597 -0.008902847 -0.3321123 0.3191416 -0.009209692 -0.3321123 0.316399 -0.006461799 -0.3321123 0.318755 -0.006461799 -0.3321123 0.3160372 -0.00402075 -0.3321123 0.3191416 -0.003713846 -0.3321123 0.316399 -0.001153171 -0.3321123 0.3174597 -0.01177036 -0.3321123 0.3358492 -0.0139693 -0.3321123 0.3341619 -0.01285254 -0.3321123 0.3312976 -0.01565653 -0.3321123 0.331963 -0.01397454 -0.3321123 0.3290954 -0.01671719 -0.3321123 0.3294023 -0.0143612 -0.3321123 0.3266544 -0.01707899 -0.3321123 0.3266544 -0.01397454 -0.3321123 0.3242133 -0.01671719 -0.3321123 0.3239065 -0.01565653 -0.3321123 0.3213458 -0.01110494 -0.3067123 0.3330451 -0.01177036 -0.3067123 0.3358492 -0.008902847 -0.3067123 0.3341672 -0.009209692 -0.3067123 0.3369098 -0.006461799 -0.3067123 0.3345538 -0.006461799 -0.3067123 0.3372716 -0.00402075 -0.3067123 0.3341672 -0.003713846 -0.3067123 0.3369098 -0.001818597 -0.3067123 0.3330451 -0.001818597 -0.3067123 0.3202636 -0.001153171 -0.3067123 0.3174597 -0.00402075 -0.3067123 0.3191416 -0.003713846 -0.3067123 0.316399 -0.006461799 -0.3067123 0.318755 -0.006461799 -0.3067123 0.3160372 -0.008902847 -0.3067123 0.3191416 -0.009209692 -0.3067123 0.316399 -0.01110494 -0.3067123 0.3202636 -0.01177036 -0.3067123 0.3174597 -0.01285254 -0.3067123 0.3220112 -0.0139693 -0.3067123 0.3191469 -0.01565653 -0.3067123 0.3213458 -0.01397454 -0.3067123 0.3242133 -0.01671719 -0.3067123 0.3239065 -0.0143612 -0.3067123 0.3266544 -0.01707899 -0.3067123 0.3266544 -0.01397454 -0.3067123 0.3290954 -0.01671719 -0.3067123 0.3294023 -0.01285254 -0.3067123 0.3312976 -0.01565653 -0.3067123 0.331963 -0.0139693 -0.3067123 0.3341619 -0.001153171 -0.3067123 0.3358492 0.001045644 -0.3067123 0.3341619 -7.1058e-5 -0.3067123 0.3312976 0.002732932 -0.3067123 0.331963 0.001050949 -0.3067123 0.3290954 0.003793597 -0.3067123 0.3294023 0.001437544 -0.3067123 0.3266544 0.004155337 -0.3067123 0.3266544 0.001050949 -0.3067123 0.3242133 0.003793597 -0.3067123 0.3239065 -7.1058e-5 -0.3067123 0.3220112 0.002732932 -0.3067123 0.3213458 0.001045644 -0.3067123 0.3191469 -0.009639561 -0.3060042 0.3132463 -0.01191955 -0.3067598 0.3140019 -0.01191955 -0.2876623 0.3140019 -0.02024126 -0.2876623 0.3266544 -0.01986986 -0.2876623 0.3234766 -0.01986986 -0.3162345 0.3234766 -0.01877558 -0.2876623 0.3204702 -0.01701748 -0.2876623 0.3177971 -0.01701748 -0.3105551 0.3177971 -0.01751464 -0.3111838 0.3184258 -0.01877558 -0.3132281 0.3204702 -0.01911431 -0.3139545 0.3211966 -0.01469033 -0.2876623 0.3156015 -0.01264601 -0.3070985 0.3143406 -0.01469033 -0.3083595 0.3156015 -0.01531904 -0.3088566 0.3160987 -0.008854568 -0.3058422 0.3130843 -0.008854568 -0.2876623 0.3130843 -0.006461799 -0.3056328 0.3128749 -0.005660593 -0.2876623 0.3128982 -0.005660593 -0.3056561 0.3128982 -0.003283977 -0.3060042 0.3132463 -0.002509772 -0.2876623 0.3134538 -0.002509772 -0.3062117 0.3134538 -2.77579e-4 -0.3070985 0.3143406 4.27943e-4 -0.2876623 0.314721 4.27943e-4 -0.3074789 0.314721 0.002395451 -0.3088566 0.3160987 0.002994239 -0.2876623 0.3166316 0.002994239 -0.3093895 0.3166316 0.004591047 -0.3111838 0.3184258 0.005050778 -0.2876623 0.3190824 0.005050778 -0.3118404 0.3190824 0.006190717 -0.3139545 0.3211966 0.006486654 -0.2876623 0.3219416 0.006486654 -0.3146995 0.3219416 0.00710833 -0.3170195 0.3242616 0.0072245 -0.2876623 0.3250547 0.007224738 -0.3178148 0.325057 0.0072245 -0.3511623 0.3250547 0.006486654 -0.3511623 0.3219416 0.006486654 -0.3241252 0.3219416 0.006738781 -0.3233643 0.3227024 0.0072245 -0.321012 0.3250547 0.0072245 -0.3511623 0.3282541 0.007294416 -0.3202129 0.3258539 0.007317662 -0.3194123 0.3266544 0.005050778 -0.3511623 0.3190824 0.002994239 -0.3511623 0.3166316 0.002994239 -0.3294352 0.3166316 0.003561019 -0.3288684 0.3171983 0.005050778 -0.3269843 0.3190824 0.005471587 -0.3263021 0.3197647 4.27943e-4 -0.3511623 0.314721 -0.002509772 -0.3511623 0.3134538 -0.002509772 -0.3326129 0.3134538 -0.001748919 -0.3323608 0.3137059 4.27943e-4 -0.3313457 0.314721 0.001110136 -0.3309249 0.3151418 -0.008854568 -0.3511623 0.3130843 -0.008061468 -0.3330987 0.3129681 -0.005660593 -0.3511623 0.3128982 -0.005660593 -0.3331685 0.3128982 -0.00486207 -0.3330987 0.3129681 -0.01191955 -0.3511623 0.3140019 -0.01117461 -0.3323608 0.3137059 -0.008854568 -0.3329825 0.3130843 -0.01469033 -0.3511623 0.3156015 -0.01403373 -0.3309249 0.3151418 -0.01191955 -0.3320649 0.3140019 -0.01701748 -0.3511623 0.3177971 -0.01648461 -0.3288684 0.3171983 -0.01469033 -0.3304651 0.3156015 -0.01877558 -0.3511623 0.3204702 -0.01839518 -0.3263021 0.3197647 -0.01701748 -0.3282696 0.3177971 -0.01986986 -0.3511623 0.3234766 -0.01966238 -0.3233643 0.3227024 -0.01877558 -0.3255965 0.3204702 -0.02003192 -0.3170195 0.3242616 -0.02024126 -0.3194123 0.3266544 -0.01986986 -0.2876623 0.3298322 0.0072245 -0.2876623 0.3282541 0.006486654 -0.2876623 0.3313673 0.006486654 -0.3511623 0.3313673 0.005050778 -0.2876623 0.3342264 0.005050778 -0.3511623 0.3342264 0.002994239 -0.2876623 0.3366773 0.002994239 -0.3511623 0.3366773 4.27943e-4 -0.2876623 0.3385878 4.27943e-4 -0.3511623 0.3385878 -0.002509772 -0.2876623 0.339855 -0.002509772 -0.3511623 0.339855 -0.005660593 -0.2876623 0.3404106 -0.005660593 -0.3511623 0.3404106 -0.008854568 -0.2876623 0.3402246 -0.008854568 -0.3511623 0.3402246 -0.01191955 -0.2876623 0.339307 -0.01191955 -0.3511623 0.339307 -0.01469033 -0.2876623 0.3377073 -0.01469033 -0.3511623 0.3377073 -0.01701748 -0.2876623 0.3355117 -0.01701748 -0.3511623 0.3355117 -0.01877558 -0.2876623 0.3328387 -0.01877558 -0.3511623 0.3328387 -0.01986986 -0.3511623 0.3298322 -0.02024126 -0.3511623 0.3266544 -0.02021795 -0.3202135 0.3258532 -0.01986986 -0.3225901 0.3234766 -0.01686441 -0.3511623 0.323867 -0.01578855 -0.3511623 0.3212696 -0.01407706 -0.3511623 0.3190392 -0.0118466 -0.3511623 0.3173277 -0.00924915 -0.3511623 0.3162518 -0.006461799 -0.3511623 0.3158848 -0.003674387 -0.3511623 0.3162518 -0.001076996 -0.3511623 0.3173277 0.001153409 -0.3511623 0.3190392 0.002864897 -0.3511623 0.3212696 0.00394082 -0.3511623 0.323867 0.004307746 -0.3511623 0.3266544 0.00394082 -0.3511623 0.3294418 0.002864897 -0.3511623 0.3320392 0.001153409 -0.3511623 0.3342697 -0.001076996 -0.3511623 0.3359811 -0.003674387 -0.3511623 0.3370571 -0.006461799 -0.3511623 0.337424 -0.00924915 -0.3511623 0.3370571 -0.0118466 -0.3511623 0.3359811 -0.01407706 -0.3511623 0.3342697 -0.01578855 -0.3511623 0.3320392 -0.01686441 -0.3511623 0.3294418 -0.0172314 -0.3511623 0.3266544 0.00394082 -0.2876623 0.323867 0.002864897 -0.2876623 0.3212696 0.001153409 -0.2876623 0.3190392 -0.001076996 -0.2876623 0.3173277 -0.003674387 -0.2876623 0.3162518 -0.006461799 -0.2876623 0.3158848 -0.00924915 -0.2876623 0.3162518 -0.0118466 -0.2876623 0.3173277 -0.01407706 -0.2876623 0.3190392 -0.01578855 -0.2876623 0.3212696 -0.01686441 -0.2876623 0.323867 -0.0172314 -0.2876623 0.3266544 -0.01686441 -0.2876623 0.3294418 -0.01578855 -0.2876623 0.3320392 -0.01407706 -0.2876623 0.3342697 -0.0118466 -0.2876623 0.3359811 -0.00924915 -0.2876623 0.3370571 -0.006461799 -0.2876623 0.337424 -0.003674387 -0.2876623 0.3370571 -0.001076996 -0.2876623 0.3359811 0.001153409 -0.2876623 0.3342697 0.002864897 -0.2876623 0.3320392 0.00394082 -0.2876623 0.3294418 0.004307746 -0.2876623 0.3266544 -0.009209692 -0.3296678 0.3139544 -0.00924915 -0.329815 0.2949044 -0.01177036 -0.3286071 0.3139544 -0.0118466 -0.3287391 0.2949044 -0.0139693 -0.3269198 0.3139544 -0.01407706 -0.3270276 0.2949044 -0.01565653 -0.3247209 0.3139544 -0.01578855 -0.3247971 0.2949044 -0.01671719 -0.3221603 0.3139544 -0.01686441 -0.3221997 0.2949044 -0.01707899 -0.3194123 0.3139544 -0.0172314 -0.3194123 0.2949044 -0.01671719 -0.3166644 0.3139544 -0.01686441 -0.3166249 0.2949044 -0.01565653 -0.3141037 0.3139544 -0.01578855 -0.3140275 0.2949044 -0.0139693 -0.3119048 0.3139544 -0.01407706 -0.3117971 0.2949044 -0.01177036 -0.3102176 0.3139544 -0.0118466 -0.3100855 0.2949044 -0.009209692 -0.3091569 0.3139544 -0.00924915 -0.3090097 0.2949044 -0.006461799 -0.3087951 0.3139544 -0.006461799 -0.3086427 0.2949044 -0.003713846 -0.3091569 0.3139544 -0.003674387 -0.3090097 0.2949044 -0.001153171 -0.3102176 0.3139544 -0.001076996 -0.3100855 0.2949044 0.001045644 -0.3119048 0.3139544 0.001153409 -0.3117971 0.2949044 0.002732932 -0.3141037 0.3139544 0.002864897 -0.3140275 0.2949044 0.003793597 -0.3166644 0.3139544 0.00394082 -0.3166249 0.2949044 0.004155337 -0.3194123 0.3139544 0.004307746 -0.3194123 0.2949044 0.003793597 -0.3221603 0.3139544 0.00394082 -0.3221997 0.2949044 0.002732932 -0.3247209 0.3139544 0.002864897 -0.3247971 0.2949044 0.001045644 -0.3269198 0.3139544 0.001153409 -0.3270276 0.2949044 -0.001153171 -0.3286071 0.3139544 -0.001076996 -0.3287391 0.2949044 -0.003713846 -0.3296678 0.3139544 -0.003674387 -0.329815 0.2949044 -0.006461799 -0.3300295 0.3139544 -0.006461799 -0.3301819 0.2949044 -0.01751464 -0.3111838 0.2949044 -0.01531904 -0.3088566 0.2949044 -0.01264601 -0.3070985 0.2949044 -0.009639561 -0.3060042 0.2949044 -0.006461799 -0.3056328 0.2949044 -0.003283977 -0.3060042 0.2949044 -2.77579e-4 -0.3070985 0.2949044 -0.008061468 -0.3330987 0.2949044 -0.01117461 -0.3323608 0.2949044 -0.01403373 -0.3309249 0.2949044 -0.01648461 -0.3288684 0.2949044 -0.01839518 -0.3263021 0.2949044 -0.01966238 -0.3233643 0.2949044 -0.02021795 -0.3202135 0.2949044 -0.02003192 -0.3170195 0.2949044 -0.01911431 -0.3139545 0.2949044 0.002395451 -0.3088566 0.2949044 0.004591047 -0.3111838 0.2949044 0.006190717 -0.3139545 0.2949044 0.00710833 -0.3170195 0.2949044 0.007294356 -0.3202135 0.2949044 0.006738781 -0.3233643 0.2949044 0.005471587 -0.3263021 0.2949044 0.003561019 -0.3288684 0.2949044 0.001110136 -0.3309249 0.2949044 -0.001748919 -0.3323608 0.2949044 -0.00486207 -0.3330987 0.2949044 -0.01110494 -0.3130216 0.3139544 -0.008902847 -0.3118996 0.3139544 -0.006461799 -0.3115129 0.3139544 -0.00402075 -0.3118996 0.3139544 -0.001818597 -0.3130216 0.3139544 -7.1058e-5 -0.3240554 0.3139544 -0.001818597 -0.3258031 0.3139544 -0.00402075 -0.3269251 0.3139544 -0.006461799 -0.3273117 0.3139544 -0.008902847 -0.3269251 0.3139544 -0.01110494 -0.3258031 0.3139544 -0.01285254 -0.3240554 0.3139544 -7.1058e-5 -0.3147692 0.3139544 0.001050949 -0.3169713 0.3139544 0.001437544 -0.3194123 0.3139544 0.001050949 -0.3218533 0.3139544 -0.01397454 -0.3218533 0.3139544 -0.0143612 -0.3194123 0.3139544 -0.01397454 -0.3169713 0.3139544 -0.01285254 -0.3147692 0.3139544 -0.01397454 -0.3218533 0.3242133 -0.01285254 -0.3240554 0.3220112 -0.01350021 -0.3229986 0.3230682 -0.008902847 -0.3269251 0.3191416 -0.01004803 -0.3264507 0.319616 -0.01110494 -0.3258031 0.3202636 -0.01204752 -0.324998 0.3210687 -0.005226016 -0.3272145 0.3188523 -0.006461799 -0.3273117 0.318755 -0.007697522 -0.3272145 0.3188523 -0.002875506 -0.3264507 0.319616 -0.00402075 -0.3269251 0.3191416 -8.76088e-4 -0.324998 0.3210687 -0.001818597 -0.3258031 0.3202636 5.7661e-4 -0.3229986 0.3230682 -7.1058e-5 -0.3240554 0.3220112 0.001437544 -0.3194123 0.3266544 0.001340329 -0.3206481 0.3254187 0.001050949 -0.3218533 0.3242133 0.001050949 -0.3169713 0.3242133 -7.1058e-5 -0.3147692 0.3220112 5.7661e-4 -0.3158261 0.3230682 -0.00402075 -0.3118996 0.3191416 -0.002875506 -0.3123739 0.319616 -0.001818597 -0.3130216 0.3202636 -8.76088e-4 -0.3138266 0.3210687 -0.007697522 -0.3116102 0.3188523 -0.006461799 -0.3115129 0.318755 -0.005226016 -0.3116102 0.3188523 -0.01004803 -0.3123739 0.319616 -0.008902847 -0.3118996 0.3191416 -0.01204752 -0.3138266 0.3210687 -0.01110494 -0.3130216 0.3202636 -0.01350021 -0.3158261 0.3230682 -0.01285254 -0.3147692 0.3220112 -0.0143612 -0.3194123 0.3266544 -0.01426392 -0.3181766 0.3254187 -0.01397454 -0.3169713 0.3242133 -0.01426392 -0.3206481 0.3254187 0.001340329 -0.3181766 0.3254187 -0.01110494 0.3218969 -0.3337456 -0.0139693 0.3207802 -0.3337456 -0.01285254 0.3236445 -0.3337456 -0.01565653 0.322979 -0.3337456 -0.01397454 0.3258466 -0.3337456 -0.01671719 0.3255397 -0.3337456 -0.0143612 0.3282877 -0.3337456 -0.01707899 0.3282877 -0.3337456 -0.01397454 0.3307287 -0.3337456 -0.01671719 0.3310356 -0.3337456 -0.01285254 0.3329308 -0.3337456 -0.01565653 0.3335963 -0.3337456 -0.0139693 0.3357952 -0.3337456 -0.01110494 0.3346784 -0.3337456 -0.01177036 0.3374825 -0.3337456 -0.008902847 0.3358004 -0.3337456 -0.009209692 0.3385431 -0.3337456 -0.006461799 0.3361871 -0.3337456 -0.006461799 0.3389049 -0.3337456 -0.00402075 0.3358004 -0.3337456 -0.003713846 0.3385431 -0.3337456 -0.001818597 0.3346784 -0.3337456 -7.1058e-5 0.3236445 -0.3337456 0.001045644 0.3207802 -0.3337456 -0.001818597 0.3218969 -0.3337456 -0.001153171 0.3190929 -0.3337456 -0.00402075 0.3207749 -0.3337456 -0.003713846 0.3180322 -0.3337456 -0.006461799 0.3203883 -0.3337456 -0.006461799 0.3176705 -0.3337456 -0.008902847 0.3207749 -0.3337456 -0.009209692 0.3180322 -0.3337456 -0.01177036 0.3190929 -0.3337456 -0.001153171 0.3374825 -0.3337456 0.001045644 0.3357952 -0.3337456 -7.1058e-5 0.3329308 -0.3337456 0.002732932 0.3335963 -0.3337456 0.001050949 0.3307287 -0.3337456 0.003793597 0.3310356 -0.3337456 0.001437544 0.3282877 -0.3337456 0.004155337 0.3282877 -0.3337456 0.001050949 0.3258466 -0.3337456 0.003793597 0.3255397 -0.3337456 0.002732932 0.322979 -0.3337456 -0.001818597 0.3346784 -0.3083456 -0.001153171 0.3374825 -0.3083456 -0.00402075 0.3358004 -0.3083456 -0.003713846 0.3385431 -0.3083456 -0.006461799 0.3361871 -0.3083456 -0.006461799 0.3389049 -0.3083456 -0.008902847 0.3358004 -0.3083456 -0.009209692 0.3385431 -0.3083456 -0.01110494 0.3346784 -0.3083456 -0.01110494 0.3218969 -0.3083456 -0.01177036 0.3190929 -0.3083456 -0.008902847 0.3207749 -0.3083456 -0.009209692 0.3180322 -0.3083456 -0.006461799 0.3203883 -0.3083456 -0.006461799 0.3176705 -0.3083456 -0.00402075 0.3207749 -0.3083456 -0.003713846 0.3180322 -0.3083456 -0.001818597 0.3218969 -0.3083456 -0.001153171 0.3190929 -0.3083456 -7.1058e-5 0.3236445 -0.3083456 0.001045644 0.3207802 -0.3083456 0.002732932 0.322979 -0.3083456 0.001050949 0.3258466 -0.3083456 0.003793597 0.3255397 -0.3083456 0.001437544 0.3282877 -0.3083456 0.004155337 0.3282877 -0.3083456 0.001050949 0.3307287 -0.3083456 0.003793597 0.3310356 -0.3083456 -7.1058e-5 0.3329308 -0.3083456 0.002732932 0.3335963 -0.3083456 0.001045644 0.3357952 -0.3083456 -0.01177036 0.3374825 -0.3083456 -0.0139693 0.3357952 -0.3083456 -0.01285254 0.3329308 -0.3083456 -0.01565653 0.3335963 -0.3083456 -0.01397454 0.3307287 -0.3083456 -0.01671719 0.3310356 -0.3083456 -0.0143612 0.3282877 -0.3083456 -0.01707899 0.3282877 -0.3083456 -0.01397454 0.3258466 -0.3083456 -0.01671719 0.3255397 -0.3083456 -0.01285254 0.3236445 -0.3083456 -0.01565653 0.322979 -0.3083456 -0.0139693 0.3207802 -0.3083456 -0.003283977 0.3148796 -0.3076375 -0.00100398 0.3156351 -0.308393 -0.00100398 0.3156351 -0.2892956 0.007317662 0.3282877 -0.2892956 0.006946206 0.3251099 -0.2892956 0.006946206 0.3251099 -0.3178678 0.005851984 0.3221035 -0.2892956 0.004093885 0.3194304 -0.2892956 0.004093885 0.3194304 -0.3121883 0.004591047 0.3200591 -0.312817 0.005851984 0.3221035 -0.3148614 0.006190717 0.3228299 -0.3155878 0.001766681 0.3172348 -0.2892956 -2.77579e-4 0.3159739 -0.3087317 0.001766681 0.3172348 -0.3099927 0.002395451 0.317732 -0.3104898 -0.00406897 0.3147175 -0.3074754 -0.00406897 0.3147175 -0.2892956 -0.006461799 0.3145081 -0.3072661 -0.007263004 0.3145315 -0.2892956 -0.007263004 0.3145315 -0.3072894 -0.009639561 0.3148796 -0.3076375 -0.01041376 0.315087 -0.2892956 -0.01041376 0.315087 -0.3078449 -0.01264601 0.3159739 -0.3087317 -0.01335155 0.3163543 -0.2892956 -0.01335155 0.3163543 -0.3091122 -0.01531904 0.317732 -0.3104898 -0.01591783 0.3182649 -0.2892956 -0.01591783 0.3182649 -0.3110227 -0.01751464 0.3200591 -0.312817 -0.01797437 0.3207157 -0.2892956 -0.01797437 0.3207157 -0.3134737 -0.01911431 0.3228299 -0.3155878 -0.01941025 0.3235748 -0.2892956 -0.01941025 0.3235748 -0.3163327 -0.02003192 0.3258949 -0.3186528 -0.02014809 0.3266879 -0.2892956 -0.02014839 0.3266902 -0.3194481 -0.02014809 0.3266879 -0.3527956 -0.01941025 0.3235748 -0.3527956 -0.01941025 0.3235748 -0.3257585 -0.01966238 0.3243356 -0.3249976 -0.02014809 0.3266879 -0.3226453 -0.02014809 0.3298874 -0.3527956 -0.02021801 0.3274871 -0.3218461 -0.02024126 0.3282877 -0.3210456 -0.01797437 0.3207157 -0.3527956 -0.01591783 0.3182649 -0.3527956 -0.01591783 0.3182649 -0.3310684 -0.01648461 0.3188316 -0.3305016 -0.01797437 0.3207157 -0.3286175 -0.01839518 0.3213979 -0.3279353 -0.01335155 0.3163543 -0.3527956 -0.01041376 0.315087 -0.3527956 -0.01041376 0.315087 -0.3342462 -0.01117461 0.3153392 -0.3339941 -0.01335155 0.3163543 -0.332979 -0.01403373 0.3167751 -0.3325582 -0.00406897 0.3147175 -0.3527956 -0.00486207 0.3146014 -0.3347319 -0.007263004 0.3145315 -0.3527956 -0.007263004 0.3145315 -0.3348017 -0.008061468 0.3146014 -0.3347319 -0.00100398 0.3156351 -0.3527956 -0.001748919 0.3153392 -0.3339941 -0.00406897 0.3147175 -0.3346157 0.001766681 0.3172348 -0.3527956 0.001110136 0.3167751 -0.3325582 -0.00100398 0.3156351 -0.3336982 0.004093885 0.3194304 -0.3527956 0.003561019 0.3188316 -0.3305016 0.001766681 0.3172348 -0.3320984 0.005851984 0.3221035 -0.3527956 0.005471587 0.3213979 -0.3279353 0.004093885 0.3194304 -0.3299029 0.006946206 0.3251099 -0.3527956 0.006738781 0.3243356 -0.3249976 0.005851984 0.3221035 -0.3272298 0.00710833 0.3258949 -0.3186528 0.007317662 0.3282877 -0.3210456 0.006946206 0.3314654 -0.2892956 -0.02014809 0.3298874 -0.2892956 -0.01941025 0.3330006 -0.2892956 -0.01941025 0.3330006 -0.3527956 -0.01797437 0.3358596 -0.2892956 -0.01797437 0.3358596 -0.3527956 -0.01591783 0.3383105 -0.2892956 -0.01591783 0.3383105 -0.3527956 -0.01335155 0.3402211 -0.2892956 -0.01335155 0.3402211 -0.3527956 -0.01041376 0.3414883 -0.2892956 -0.01041376 0.3414883 -0.3527956 -0.007263004 0.3420439 -0.2892956 -0.007263004 0.3420439 -0.3527956 -0.00406897 0.3418578 -0.2892956 -0.00406897 0.3418578 -0.3527956 -0.00100398 0.3409402 -0.2892956 -0.00100398 0.3409402 -0.3527956 0.001766681 0.3393405 -0.2892956 0.001766681 0.3393405 -0.3527956 0.004093885 0.337145 -0.2892956 0.004093885 0.337145 -0.3527956 0.005851984 0.3344719 -0.2892956 0.005851984 0.3344719 -0.3527956 0.006946206 0.3314654 -0.3527956 0.007317662 0.3282877 -0.3527956 0.007294356 0.3274865 -0.3218468 0.006946206 0.3251099 -0.3242233 0.00394082 0.3255003 -0.3527956 0.002864897 0.3229029 -0.3527956 0.001153409 0.3206724 -0.3527956 -0.001076996 0.3189609 -0.3527956 -0.003674387 0.3178851 -0.3527956 -0.006461799 0.3175181 -0.3527956 -0.00924915 0.3178851 -0.3527956 -0.0118466 0.3189609 -0.3527956 -0.01407706 0.3206724 -0.3527956 -0.01578855 0.3229029 -0.3527956 -0.01686441 0.3255003 -0.3527956 -0.0172314 0.3282877 -0.3527956 -0.01686441 0.331075 -0.3527956 -0.01578855 0.3336725 -0.3527956 -0.01407706 0.3359029 -0.3527956 -0.0118466 0.3376144 -0.3527956 -0.00924915 0.3386903 -0.3527956 -0.006461799 0.3390573 -0.3527956 -0.003674387 0.3386903 -0.3527956 -0.001076996 0.3376144 -0.3527956 0.001153409 0.3359029 -0.3527956 0.002864897 0.3336725 -0.3527956 0.00394082 0.331075 -0.3527956 0.004307746 0.3282877 -0.3527956 -0.01686441 0.3255003 -0.2892956 -0.01578855 0.3229029 -0.2892956 -0.01407706 0.3206724 -0.2892956 -0.0118466 0.3189609 -0.2892956 -0.00924915 0.3178851 -0.2892956 -0.006461799 0.3175181 -0.2892956 -0.003674387 0.3178851 -0.2892956 -0.001076996 0.3189609 -0.2892956 0.001153409 0.3206724 -0.2892956 0.002864897 0.3229029 -0.2892956 0.00394082 0.3255003 -0.2892956 0.004307746 0.3282877 -0.2892956 0.00394082 0.331075 -0.2892956 0.002864897 0.3336725 -0.2892956 0.001153409 0.3359029 -0.2892956 -0.001076996 0.3376144 -0.2892956 -0.003674387 0.3386903 -0.2892956 -0.006461799 0.3390573 -0.2892956 -0.00924915 0.3386903 -0.2892956 -0.0118466 0.3376144 -0.2892956 -0.01407706 0.3359029 -0.2892956 -0.01578855 0.3336725 -0.2892956 -0.01686441 0.331075 -0.2892956 -0.0172314 0.3282877 -0.2892956 -0.003713846 0.3155876 -0.331301 -0.003674387 0.2965376 -0.3314482 -0.001153171 0.3155876 -0.3302403 -0.001076996 0.2965376 -0.3303723 0.001045644 0.3155876 -0.3285531 0.001153409 0.2965376 -0.3286609 0.002732932 0.3155876 -0.3263542 0.002864897 0.2965376 -0.3264304 0.003793597 0.3155876 -0.3237935 0.00394082 0.2965376 -0.3238329 0.004155337 0.3155876 -0.3210456 0.004307746 0.2965376 -0.3210456 0.003793597 0.3155876 -0.3182976 0.00394082 0.2965376 -0.3182582 0.002732932 0.3155876 -0.315737 0.002864897 0.2965376 -0.3156608 0.001045644 0.3155876 -0.3135381 0.001153409 0.2965376 -0.3134303 -0.001153171 0.3155876 -0.3118508 -0.001076996 0.2965376 -0.3117188 -0.003713846 0.3155876 -0.3107901 -0.003674387 0.2965376 -0.310643 -0.006461799 0.3155876 -0.3104284 -0.006461799 0.2965376 -0.310276 -0.009209692 0.3155876 -0.3107901 -0.00924915 0.2965376 -0.310643 -0.01177036 0.3155876 -0.3118508 -0.0118466 0.2965376 -0.3117188 -0.0139693 0.3155876 -0.3135381 -0.01407706 0.2965376 -0.3134303 -0.01565653 0.3155876 -0.315737 -0.01578855 0.2965376 -0.3156608 -0.01671719 0.3155876 -0.3182976 -0.01686441 0.2965376 -0.3182582 -0.01707899 0.3155876 -0.3210456 -0.0172314 0.2965376 -0.3210456 -0.01671719 0.3155876 -0.3237935 -0.01686441 0.2965376 -0.3238329 -0.01565653 0.3155876 -0.3263542 -0.01578855 0.2965376 -0.3264304 -0.0139693 0.3155876 -0.3285531 -0.01407706 0.2965376 -0.3286609 -0.01177036 0.3155876 -0.3302403 -0.0118466 0.2965376 -0.3303723 -0.009209692 0.3155876 -0.331301 -0.00924915 0.2965376 -0.3314482 -0.006461799 0.3155876 -0.3316628 -0.006461799 0.2965376 -0.3318152 0.004591047 0.2965376 -0.312817 0.002395451 0.2965376 -0.3104898 -2.77579e-4 0.2965376 -0.3087317 -0.003283977 0.2965376 -0.3076375 -0.006461799 0.2965376 -0.3072661 -0.009639561 0.2965376 -0.3076375 -0.01264601 0.2965376 -0.3087317 -0.00486207 0.2965376 -0.3347319 -0.001748919 0.2965376 -0.3339941 0.001110136 0.2965376 -0.3325582 0.003561019 0.2965376 -0.3305016 0.005471587 0.2965376 -0.3279353 0.006738781 0.2965376 -0.3249976 0.007294356 0.2965376 -0.3218468 0.00710833 0.2965376 -0.3186528 0.006190717 0.2965376 -0.3155878 -0.01531904 0.2965376 -0.3104898 -0.01751464 0.2965376 -0.312817 -0.01911431 0.2965376 -0.3155878 -0.02003192 0.2965376 -0.3186528 -0.02021795 0.2965376 -0.3218468 -0.01966238 0.2965376 -0.3249976 -0.01839518 0.2965376 -0.3279353 -0.01648461 0.2965376 -0.3305016 -0.01403373 0.2965376 -0.3325582 -0.01117461 0.2965376 -0.3339941 -0.008061468 0.2965376 -0.3347319 -0.001818597 0.3155876 -0.3146548 -0.00402075 0.3155876 -0.3135328 -0.006461799 0.3155876 -0.3131462 -0.008902847 0.3155876 -0.3135328 -0.01110494 0.3155876 -0.3146548 -0.01285254 0.3155876 -0.3256887 -0.01110494 0.3155876 -0.3274363 -0.008902847 0.3155876 -0.3285583 -0.006461799 0.3155876 -0.328945 -0.00402075 0.3155876 -0.3285583 -0.001818597 0.3155876 -0.3274363 -7.1058e-5 0.3155876 -0.3256887 -0.01285254 0.3155876 -0.3164024 -0.01397454 0.3155876 -0.3186045 -0.0143612 0.3155876 -0.3210456 -0.01397454 0.3155876 -0.3234866 0.001050949 0.3155876 -0.3234866 0.001437544 0.3155876 -0.3210456 0.001050949 0.3155876 -0.3186045 -7.1058e-5 0.3155876 -0.3164024 0.001050949 0.3258466 -0.3234866 -7.1058e-5 0.3236445 -0.3256887 5.7661e-4 0.3247014 -0.3246318 -0.00402075 0.3207749 -0.3285583 -0.002875506 0.3212493 -0.328084 -0.001818597 0.3218969 -0.3274363 -8.76088e-4 0.3227019 -0.3266313 -0.007697522 0.3204855 -0.3288477 -0.006461799 0.3203883 -0.328945 -0.005226016 0.3204855 -0.3288477 -0.01004803 0.3212493 -0.328084 -0.008902847 0.3207749 -0.3285583 -0.01204752 0.3227019 -0.3266313 -0.01110494 0.3218969 -0.3274363 -0.01350021 0.3247014 -0.3246318 -0.01285254 0.3236445 -0.3256887 -0.0143612 0.3282877 -0.3210456 -0.01426392 0.3270519 -0.3222813 -0.01397454 0.3258466 -0.3234866 -0.01397454 0.3258466 -0.3186045 -0.01285254 0.3236445 -0.3164024 -0.01350021 0.3247014 -0.3174594 -0.008902847 0.3207749 -0.3135328 -0.01004803 0.3212493 -0.3140072 -0.01110494 0.3218969 -0.3146548 -0.01204752 0.3227019 -0.3154599 -0.005226016 0.3204855 -0.3132435 -0.006461799 0.3203883 -0.3131462 -0.007697522 0.3204855 -0.3132435 -0.002875506 0.3212493 -0.3140072 -0.00402075 0.3207749 -0.3135328 -8.76088e-4 0.3227019 -0.3154599 -0.001818597 0.3218969 -0.3146548 5.7661e-4 0.3247014 -0.3174594 -7.1058e-5 0.3236445 -0.3164024 0.001437544 0.3282877 -0.3210456 0.001340329 0.3270519 -0.3198099 0.001050949 0.3258466 -0.3186045 0.001340329 0.3270519 -0.3222813 -0.01426392 0.3270519 -0.3198099 3.78783e-4 -0.3159978 0.3139544 0.003083169 -0.314648 0.3139544 -0.002244889 -0.313035 0.3139544 -5.77761e-4 -0.3105137 0.3139544 -0.005998492 -0.311781 0.3139544 -0.005815327 -0.3087639 0.3139544 -0.009876251 -0.3125717 0.3139544 -0.01122611 -0.3098673 0.3139544 -0.01283907 -0.3151954 0.3139544 -0.01536035 -0.3135282 0.3139544 -0.01409316 -0.3189491 0.3139544 -0.01711016 -0.3187659 0.3139544 -0.01330238 -0.3228268 0.3139544 -0.01600676 -0.3241767 0.3139544 -0.0106787 -0.3257896 0.3139544 -0.01234585 -0.3283109 0.3139544 -0.006925046 -0.3270437 0.3139544 -0.007108211 -0.3300607 0.3139544 -0.003047347 -0.3262529 0.3139544 -0.001697421 -0.3289573 0.3139544 -8.45114e-5 -0.3236292 0.3139544 0.002436697 -0.3252964 0.3139544 0.001169502 -0.3198756 0.3139544 0.00418657 -0.3200588 0.3139544 -8.45114e-5 -0.3236292 -0.3083456 0.002436697 -0.3252964 -0.3083456 -0.003047347 -0.3262529 -0.3083456 -0.001697421 -0.3289573 -0.3083456 -0.006925046 -0.3270437 -0.3083456 -0.007108211 -0.3300607 -0.3083456 -0.0106787 -0.3257896 -0.3083456 -0.01234585 -0.3283109 -0.3083456 -0.01330238 -0.3228268 -0.3083456 -0.01600676 -0.3241767 -0.3083456 -0.01409316 -0.3189491 -0.3083456 -0.01711016 -0.3187659 -0.3083456 -0.01283907 -0.3151954 -0.3083456 -0.01536035 -0.3135282 -0.3083456 -0.009876251 -0.3125717 -0.3083456 -0.01122611 -0.3098673 -0.3083456 -0.005998492 -0.311781 -0.3083456 -0.005815327 -0.3087639 -0.3083456 -0.002244889 -0.313035 -0.3083456 -5.77761e-4 -0.3105137 -0.3083456 3.78783e-4 -0.3159978 -0.3083456 0.003083169 -0.314648 -0.3083456 0.001169502 -0.3198756 -0.3083456 0.00418657 -0.3200588 -0.3083456 -0.002639055 0.3155877 0.3200333 -0.001127779 0.3155877 0.3174157 -0.006461799 0.3155877 0.319009 -0.006461799 0.3155877 0.3159864 -0.01028448 0.3155877 0.3200333 -0.01179575 0.3155877 0.3174157 -0.01308292 0.3155877 0.3228317 -0.01570051 0.3155877 0.3213204 -0.01410716 0.3155877 0.3266544 -0.01712977 0.3155877 0.3266544 -0.01308292 0.3155877 0.3304771 -0.01570051 0.3155877 0.3319884 -0.01028448 0.3155877 0.3332755 -0.01179575 0.3155877 0.3358932 -0.006461799 0.3155877 0.3342998 -0.006461799 0.3155877 0.3373224 -0.002639055 0.3155877 0.3332755 -0.001127779 0.3155877 0.3358932 1.59304e-4 0.3155877 0.3304771 0.00277692 0.3155877 0.3319884 0.001183569 0.3155877 0.3266544 0.00420618 0.3155877 0.3266544 1.59304e-4 0.3155877 0.3228317 0.00277692 0.3155877 0.3213204 0.001183569 -0.3067123 0.3266544 0.00420618 -0.3067123 0.3266544 1.59304e-4 -0.3067123 0.3304771 0.00277692 -0.3067123 0.3319884 -0.002639055 -0.3067123 0.3332755 -0.001127779 -0.3067123 0.3358932 -0.006461799 -0.3067123 0.3342998 -0.006461799 -0.3067123 0.3373224 -0.01028448 -0.3067123 0.3332755 -0.01179575 -0.3067123 0.3358932 -0.01308292 -0.3067123 0.3304771 -0.01570051 -0.3067123 0.3319884 -0.01410716 -0.3067123 0.3266544 -0.01712977 -0.3067123 0.3266544 -0.01308292 -0.3067123 0.3228317 -0.01570051 -0.3067123 0.3213204 -0.01028448 -0.3067123 0.3200333 -0.01179575 -0.3067123 0.3174157 -0.006461799 -0.3067123 0.319009 -0.006461799 -0.3067123 0.3159864 -0.002639055 -0.3067123 0.3200333 -0.001127779 -0.3067123 0.3174157 1.59304e-4 -0.3067123 0.3228317 0.00277692 -0.3067123 0.3213204 -7.1058e-5 -0.3240554 -0.3972456 0.001045644 -0.3269198 -0.3972456 -0.001818597 -0.3258031 -0.3972456 -0.001153171 -0.3286071 -0.3972456 -0.00402075 -0.3269251 -0.3972456 -0.003713846 -0.3296678 -0.3972456 -0.006461799 -0.3273117 -0.3972456 -0.006461799 -0.3300295 -0.3972456 -0.008902847 -0.3269251 -0.3972456 -0.009209692 -0.3296678 -0.3972456 -0.01110494 -0.3258031 -0.3972456 -0.01177036 -0.3286071 -0.3972456 -0.0139693 -0.3269198 -0.3972456 -0.01285254 -0.3240554 -0.3972456 -0.01565653 -0.3247209 -0.3972456 -0.01397454 -0.3218533 -0.3972456 -0.01671719 -0.3221603 -0.3972456 -0.0143612 -0.3194123 -0.3972456 -0.01707899 -0.3194123 -0.3972456 -0.01397454 -0.3169713 -0.3972456 -0.01671719 -0.3166644 -0.3972456 -0.01285254 -0.3147692 -0.3972456 -0.001818597 -0.3130216 -0.3972456 0.001045644 -0.3119048 -0.3972456 -7.1058e-5 -0.3147692 -0.3972456 0.002732932 -0.3141037 -0.3972456 0.001050949 -0.3169713 -0.3972456 0.003793597 -0.3166644 -0.3972456 0.001437544 -0.3194123 -0.3972456 0.004155337 -0.3194123 -0.3972456 0.001050949 -0.3218533 -0.3972456 0.003793597 -0.3221603 -0.3972456 0.002732932 -0.3247209 -0.3972456 -0.01565653 -0.3141037 -0.3972456 -0.0139693 -0.3119048 -0.3972456 -0.01110494 -0.3130216 -0.3972456 -0.01177036 -0.3102176 -0.3972456 -0.008902847 -0.3118996 -0.3972456 -0.009209692 -0.3091569 -0.3972456 -0.006461799 -0.3115129 -0.3972456 -0.006461799 -0.3087951 -0.3972456 -0.00402075 -0.3118996 -0.3972456 -0.003713846 -0.3091569 -0.3972456 -0.001153171 -0.3102176 -0.3972456 -0.01285254 -0.3147692 -0.3718456 -0.01565653 -0.3141037 -0.3718456 -0.01397454 -0.3169713 -0.3718456 -0.01671719 -0.3166644 -0.3718456 -0.0143612 -0.3194123 -0.3718456 -0.01707899 -0.3194123 -0.3718456 -0.01397454 -0.3218533 -0.3718456 -0.01671719 -0.3221603 -0.3718456 -0.01285254 -0.3240554 -0.3718456 -7.1058e-5 -0.3240554 -0.3718456 0.002732932 -0.3247209 -0.3718456 0.001050949 -0.3218533 -0.3718456 0.003793597 -0.3221603 -0.3718456 0.001437544 -0.3194123 -0.3718456 0.004155337 -0.3194123 -0.3718456 0.001050949 -0.3169713 -0.3718456 0.003793597 -0.3166644 -0.3718456 -7.1058e-5 -0.3147692 -0.3718456 0.002732932 -0.3141037 -0.3718456 -0.001818597 -0.3130216 -0.3718456 0.001045644 -0.3119048 -0.3718456 -0.001153171 -0.3102176 -0.3718456 -0.00402075 -0.3118996 -0.3718456 -0.003713846 -0.3091569 -0.3718456 -0.006461799 -0.3115129 -0.3718456 -0.006461799 -0.3087951 -0.3718456 -0.008902847 -0.3118996 -0.3718456 -0.009209692 -0.3091569 -0.3718456 -0.01110494 -0.3130216 -0.3718456 -0.01177036 -0.3102176 -0.3718456 -0.0139693 -0.3119048 -0.3718456 -0.01565653 -0.3247209 -0.3718456 -0.0139693 -0.3269198 -0.3718456 -0.01110494 -0.3258031 -0.3718456 -0.01177036 -0.3286071 -0.3718456 -0.008902847 -0.3269251 -0.3718456 -0.009209692 -0.3296678 -0.3718456 -0.006461799 -0.3273117 -0.3718456 -0.006461799 -0.3300295 -0.3718456 -0.00402075 -0.3269251 -0.3718456 -0.003713846 -0.3296678 -0.3718456 -0.001818597 -0.3258031 -0.3718456 -0.001153171 -0.3286071 -0.3718456 0.001045644 -0.3269198 -0.3718456 0.006946206 -0.3162345 -0.3711375 0.006190717 -0.3139545 -0.371893 0.006190717 -0.3139545 -0.3527956 -0.006461799 -0.3056328 -0.3527956 -0.003283977 -0.3060042 -0.3527956 -0.003283977 -0.3060042 -0.3813678 -2.77579e-4 -0.3070985 -0.3527956 0.002395451 -0.3088566 -0.3527956 0.002395451 -0.3088566 -0.3756883 0.001766681 -0.3083595 -0.376317 -2.77579e-4 -0.3070985 -0.3783614 -0.00100398 -0.3067598 -0.3790878 0.004591047 -0.3111838 -0.3527956 0.005851984 -0.3132281 -0.3722318 0.004591047 -0.3111838 -0.3734927 0.004093885 -0.3105551 -0.3739899 0.00710833 -0.3170195 -0.3709754 0.00710833 -0.3170195 -0.3527956 0.007317662 -0.3194123 -0.3707661 0.007294356 -0.3202135 -0.3527956 0.007294356 -0.3202135 -0.3707894 0.006946206 -0.3225901 -0.3711375 0.006738781 -0.3233643 -0.3527956 0.006738781 -0.3233643 -0.371345 0.005851984 -0.3255965 -0.3722318 0.005471587 -0.3263021 -0.3527956 0.005471587 -0.3263021 -0.3726122 0.004093885 -0.3282696 -0.3739899 0.003561019 -0.3288684 -0.3527956 0.003561019 -0.3288684 -0.3745228 0.001766681 -0.3304651 -0.376317 0.001110136 -0.3309249 -0.3527956 0.001110136 -0.3309249 -0.3769736 -0.00100398 -0.3320649 -0.3790878 -0.001748919 -0.3323608 -0.3527956 -0.001748919 -0.3323608 -0.3798327 -0.00406897 -0.3329825 -0.3821528 -0.00486207 -0.3330987 -0.3527956 -0.004864335 -0.3330989 -0.3829481 -0.00486207 -0.3330987 -0.4162956 -0.001748919 -0.3323608 -0.4162956 -0.001748919 -0.3323608 -0.3892585 -0.002509772 -0.3326129 -0.3884976 -0.00486207 -0.3330987 -0.3861453 -0.008061468 -0.3330987 -0.4162956 -0.005661249 -0.3331686 -0.3853461 -0.006461799 -0.3331918 -0.3845456 0.001110136 -0.3309249 -0.4162956 0.003561019 -0.3288684 -0.4162956 0.003561019 -0.3288684 -0.3945685 0.002994239 -0.3294352 -0.3940017 0.001110136 -0.3309249 -0.3921176 4.27943e-4 -0.3313457 -0.3914353 0.005471587 -0.3263021 -0.4162956 0.006738781 -0.3233643 -0.4162956 0.006738781 -0.3233643 -0.3977462 0.006486654 -0.3241252 -0.3974941 0.005471587 -0.3263021 -0.396479 0.005050778 -0.3269843 -0.3960582 0.00710833 -0.3170195 -0.4162956 0.0072245 -0.3178126 -0.3982319 0.007294356 -0.3202135 -0.4162956 0.007294356 -0.3202135 -0.3983018 0.0072245 -0.321012 -0.3982319 0.006190717 -0.3139545 -0.4162956 0.006486654 -0.3146995 -0.3974941 0.00710833 -0.3170195 -0.3981158 0.004591047 -0.3111838 -0.4162956 0.005050778 -0.3118404 -0.3960582 0.006190717 -0.3139545 -0.3971982 0.002395451 -0.3088566 -0.4162956 0.002994239 -0.3093895 -0.3940017 0.004591047 -0.3111838 -0.3955984 -2.77579e-4 -0.3070985 -0.4162956 4.27943e-4 -0.3074789 -0.3914353 0.002395451 -0.3088566 -0.3934029 -0.003283977 -0.3060042 -0.4162956 -0.002509772 -0.3062117 -0.3884976 -2.77579e-4 -0.3070985 -0.3907298 -0.00406897 -0.3058422 -0.3821528 -0.006461799 -0.3056328 -0.3845456 -0.009639561 -0.3060042 -0.3527956 -0.008061468 -0.3330987 -0.3527956 -0.01117461 -0.3323608 -0.3527956 -0.01117461 -0.3323608 -0.4162956 -0.01403373 -0.3309249 -0.3527956 -0.01403373 -0.3309249 -0.4162956 -0.01648461 -0.3288684 -0.3527956 -0.01648461 -0.3288684 -0.4162956 -0.01839518 -0.3263021 -0.3527956 -0.01839518 -0.3263021 -0.4162956 -0.01966238 -0.3233643 -0.3527956 -0.01966238 -0.3233643 -0.4162956 -0.02021795 -0.3202135 -0.3527956 -0.02021795 -0.3202135 -0.4162956 -0.02003192 -0.3170195 -0.3527956 -0.02003192 -0.3170195 -0.4162956 -0.01911431 -0.3139545 -0.3527956 -0.01911431 -0.3139545 -0.4162956 -0.01751464 -0.3111838 -0.3527956 -0.01751464 -0.3111838 -0.4162956 -0.01531904 -0.3088566 -0.3527956 -0.01531904 -0.3088566 -0.4162956 -0.01264601 -0.3070985 -0.3527956 -0.01264601 -0.3070985 -0.4162956 -0.009639561 -0.3060042 -0.4162956 -0.006461799 -0.3056328 -0.4162956 -0.005660593 -0.3056561 -0.3853468 -0.003283977 -0.3060042 -0.3877233 -0.003674387 -0.3090097 -0.4162956 -0.001076996 -0.3100855 -0.4162956 0.001153409 -0.3117971 -0.4162956 0.002864897 -0.3140275 -0.4162956 0.00394082 -0.3166249 -0.4162956 0.004307746 -0.3194123 -0.4162956 0.00394082 -0.3221997 -0.4162956 0.002864897 -0.3247971 -0.4162956 0.001153409 -0.3270276 -0.4162956 -0.001076996 -0.3287391 -0.4162956 -0.003674387 -0.329815 -0.4162956 -0.006461799 -0.3301819 -0.4162956 -0.00924915 -0.329815 -0.4162956 -0.0118466 -0.3287391 -0.4162956 -0.01407706 -0.3270276 -0.4162956 -0.01578855 -0.3247971 -0.4162956 -0.01686441 -0.3221997 -0.4162956 -0.0172314 -0.3194123 -0.4162956 -0.01686441 -0.3166249 -0.4162956 -0.01578855 -0.3140275 -0.4162956 -0.01407706 -0.3117971 -0.4162956 -0.0118466 -0.3100855 -0.4162956 -0.00924915 -0.3090097 -0.4162956 -0.006461799 -0.3086427 -0.4162956 -0.003674387 -0.329815 -0.3527956 -0.001076996 -0.3287391 -0.3527956 0.001153409 -0.3270276 -0.3527956 0.002864897 -0.3247971 -0.3527956 0.00394082 -0.3221997 -0.3527956 0.004307746 -0.3194123 -0.3527956 0.00394082 -0.3166249 -0.3527956 0.002864897 -0.3140275 -0.3527956 0.001153409 -0.3117971 -0.3527956 -0.001076996 -0.3100855 -0.3527956 -0.003674387 -0.3090097 -0.3527956 -0.006461799 -0.3086427 -0.3527956 -0.00924915 -0.3090097 -0.3527956 -0.0118466 -0.3100855 -0.3527956 -0.01407706 -0.3117971 -0.3527956 -0.01578855 -0.3140275 -0.3527956 -0.01686441 -0.3166249 -0.3527956 -0.0172314 -0.3194123 -0.3527956 -0.01686441 -0.3221997 -0.3527956 -0.01578855 -0.3247971 -0.3527956 -0.01407706 -0.3270276 -0.3527956 -0.0118466 -0.3287391 -0.3527956 -0.00924915 -0.329815 -0.3527956 -0.006461799 -0.3301819 -0.3527956 0.006238162 -0.3166644 -0.394801 0.02528816 -0.3166249 -0.3949482 0.006238162 -0.3141037 -0.3937404 0.02528816 -0.3140275 -0.3938723 0.006238162 -0.3119048 -0.3920531 0.02528816 -0.3117971 -0.3921608 0.006238162 -0.3102176 -0.3898542 0.02528816 -0.3100855 -0.3899304 0.006238162 -0.3091569 -0.3872935 0.02528816 -0.3090097 -0.387333 0.006238162 -0.3087951 -0.3845456 0.02528816 -0.3086427 -0.3845456 0.006238162 -0.3091569 -0.3817976 0.02528816 -0.3090097 -0.3817582 0.006238162 -0.3102176 -0.379237 0.02528816 -0.3100855 -0.3791608 0.006238162 -0.3119048 -0.3770381 0.02528816 -0.3117971 -0.3769303 0.006238162 -0.3141037 -0.3753508 0.02528816 -0.3140275 -0.3752188 0.006238162 -0.3166644 -0.3742902 0.02528816 -0.3166249 -0.374143 0.006238162 -0.3194123 -0.3739284 0.02528816 -0.3194123 -0.373776 0.006238162 -0.3221603 -0.3742902 0.02528816 -0.3221997 -0.374143 0.006238162 -0.3247209 -0.3753508 0.02528816 -0.3247971 -0.3752188 0.006238162 -0.3269198 -0.3770381 0.02528816 -0.3270276 -0.3769303 0.006238162 -0.3286071 -0.379237 0.02528816 -0.3287391 -0.3791608 0.006238162 -0.3296678 -0.3817976 0.02528816 -0.329815 -0.3817582 0.006238162 -0.3300295 -0.3845456 0.02528816 -0.3301819 -0.3845456 0.006238162 -0.3296678 -0.3872935 0.02528816 -0.329815 -0.387333 0.006238162 -0.3286071 -0.3898542 0.02528816 -0.3287391 -0.3899304 0.006238162 -0.3269198 -0.3920531 0.02528816 -0.3270276 -0.3921608 0.006238162 -0.3247209 -0.3937404 0.02528816 -0.3247971 -0.3938723 0.006238162 -0.3221603 -0.394801 0.02528816 -0.3221997 -0.3949482 0.006238162 -0.3194123 -0.3951628 0.02528816 -0.3194123 -0.3953152 0.02528816 -0.3083595 -0.376317 0.02528816 -0.3105551 -0.3739899 0.02528816 -0.3132281 -0.3722318 0.02528816 -0.3162345 -0.3711375 0.02528816 -0.3194123 -0.3707661 0.02528816 -0.3225901 -0.3711375 0.02528816 -0.3255965 -0.3722318 0.02528816 -0.3178126 -0.3982319 0.02528816 -0.3146995 -0.3974941 0.02528816 -0.3118404 -0.3960582 0.02528816 -0.3093895 -0.3940017 0.02528816 -0.3074789 -0.3914353 0.02528816 -0.3062117 -0.3884976 0.02528816 -0.3056561 -0.3853468 0.02528816 -0.3058422 -0.3821528 0.02528816 -0.3067598 -0.3790878 0.02528816 -0.3282696 -0.3739899 0.02528816 -0.3304651 -0.376317 0.02528816 -0.3320649 -0.3790878 0.02528816 -0.3329825 -0.3821528 0.02528816 -0.3331685 -0.3853468 0.02528816 -0.3326129 -0.3884976 0.02528816 -0.3313457 -0.3914353 0.02528816 -0.3294352 -0.3940017 0.02528816 -0.3269843 -0.3960582 0.02528816 -0.3241252 -0.3974941 0.02528816 -0.321012 -0.3982319 0.006238162 -0.3147692 -0.3781548 0.006238162 -0.3169713 -0.3770328 0.006238162 -0.3194123 -0.3766462 0.006238162 -0.3218533 -0.3770328 0.006238162 -0.3240554 -0.3781548 0.006238162 -0.3258031 -0.3891887 0.006238162 -0.3240554 -0.3909363 0.006238162 -0.3218533 -0.3920584 0.006238162 -0.3194123 -0.392445 0.006238162 -0.3169713 -0.3920584 0.006238162 -0.3147692 -0.3909363 0.006238162 -0.3130216 -0.3891887 0.006238162 -0.3258031 -0.3799024 0.006238162 -0.3269251 -0.3821045 0.006238162 -0.3273117 -0.3845456 0.006238162 -0.3269251 -0.3869866 0.006238162 -0.3118996 -0.3869866 0.006238162 -0.3115129 -0.3845456 0.006238162 -0.3118996 -0.3821045 0.006238162 -0.3130216 -0.3799024 -0.00402075 -0.3118996 -0.3869866 -0.001818597 -0.3130216 -0.3891887 -0.002875506 -0.3123739 -0.3881318 0.001050949 -0.3169713 -0.3920584 5.7661e-4 -0.3158261 -0.391584 -7.1058e-5 -0.3147692 -0.3909363 -8.76088e-4 -0.3138266 -0.3901313 0.001340329 -0.3206481 -0.3923477 0.001437544 -0.3194123 -0.392445 0.001340329 -0.3181766 -0.3923477 5.7661e-4 -0.3229986 -0.391584 0.001050949 -0.3218533 -0.3920584 -8.76088e-4 -0.324998 -0.3901313 -7.1058e-5 -0.3240554 -0.3909363 -0.002875506 -0.3264507 -0.3881318 -0.001818597 -0.3258031 -0.3891887 -0.006461799 -0.3273117 -0.3845456 -0.005226016 -0.3272145 -0.3857813 -0.00402075 -0.3269251 -0.3869866 -0.00402075 -0.3269251 -0.3821045 -0.001818597 -0.3258031 -0.3799024 -0.002875506 -0.3264507 -0.3809593 0.001050949 -0.3218533 -0.3770328 5.7661e-4 -0.3229986 -0.3775072 -7.1058e-5 -0.3240554 -0.3781548 -8.76088e-4 -0.324998 -0.3789598 0.001340329 -0.3181766 -0.3767434 0.001437544 -0.3194123 -0.3766462 0.001340329 -0.3206481 -0.3767434 5.7661e-4 -0.3158261 -0.3775072 0.001050949 -0.3169713 -0.3770328 -8.76088e-4 -0.3138266 -0.3789598 -7.1058e-5 -0.3147692 -0.3781548 -0.002875506 -0.3123739 -0.3809593 -0.001818597 -0.3130216 -0.3799024 -0.006461799 -0.3115129 -0.3845456 -0.005226016 -0.3116102 -0.3833099 -0.00402075 -0.3118996 -0.3821045 -0.005226016 -0.3116102 -0.3857813 -0.005226016 -0.3272145 -0.3833099 0.3110382 0.3222569 -0.3798464 0.3110382 0.3198727 -0.3779886 0.3110382 0.3207153 -0.3834913 0.3110382 0.3177216 -0.3830746 0.3110382 0.3212027 -0.3874188 0.3110382 0.3184016 -0.3885547 0.3110382 0.3235885 -0.3905763 0.3110382 0.3217307 -0.3929606 0.3110382 0.3272334 -0.3921179 0.3110382 0.3268166 -0.3951117 0.3110382 0.3311609 -0.3916305 0.3110382 0.3322968 -0.3944316 0.3110382 0.3343184 -0.3892447 0.3110382 0.3367027 -0.3911026 0.3110382 0.33586 -0.3855998 0.3110382 0.3388538 -0.3860166 0.3110382 0.3353726 -0.3816724 0.3110382 0.3381737 -0.3805364 0.3110382 0.3329868 -0.3785148 0.3110382 0.3348447 -0.3761306 0.3110382 0.3293419 -0.3769732 0.3110382 0.3297587 -0.3739795 0.3110382 0.3254145 -0.3774606 0.3110382 0.3242785 -0.3746595 0.006238162 0.3235885 -0.3905763 0.006238162 0.3217307 -0.3929606 0.006238162 0.3212027 -0.3874188 0.006238162 0.3184016 -0.3885547 0.006238162 0.3207153 -0.3834913 0.006238162 0.3177216 -0.3830746 0.006238162 0.3222569 -0.3798464 0.006238162 0.3198727 -0.3779886 0.006238162 0.3254145 -0.3774606 0.006238162 0.3242785 -0.3746595 0.006238162 0.3293419 -0.3769732 0.006238162 0.3297587 -0.3739795 0.006238162 0.3329868 -0.3785148 0.006238162 0.3348447 -0.3761306 0.006238162 0.3353726 -0.3816724 0.006238162 0.3381737 -0.3805364 0.006238162 0.33586 -0.3855998 0.006238162 0.3388538 -0.3860166 0.006238162 0.3343184 -0.3892447 0.006238162 0.3367027 -0.3911026 0.006238162 0.3311609 -0.3916305 0.006238162 0.3322968 -0.3944316 0.006238162 0.3272334 -0.3921179 0.006238162 0.3268166 -0.3951117 -7.1058e-5 0.3236445 -0.3972456 0.001045644 0.3207802 -0.3972456 -0.001818597 0.3218969 -0.3972456 -0.001153171 0.3190929 -0.3972456 -0.00402075 0.3207749 -0.3972456 -0.003713846 0.3180322 -0.3972456 -0.006461799 0.3203883 -0.3972456 -0.006461799 0.3176705 -0.3972456 -0.008902847 0.3207749 -0.3972456 -0.009209692 0.3180322 -0.3972456 -0.01110494 0.3218969 -0.3972456 -0.01177036 0.3190929 -0.3972456 -0.0139693 0.3207802 -0.3972456 -0.01285254 0.3236445 -0.3972456 -0.01565653 0.322979 -0.3972456 -0.01397454 0.3258466 -0.3972456 -0.01671719 0.3255397 -0.3972456 -0.0143612 0.3282877 -0.3972456 -0.01707899 0.3282877 -0.3972456 -0.01397454 0.3307287 -0.3972456 -0.01671719 0.3310356 -0.3972456 -0.01285254 0.3329308 -0.3972456 -0.001818597 0.3346784 -0.3972456 0.001045644 0.3357952 -0.3972456 -7.1058e-5 0.3329308 -0.3972456 0.002732932 0.3335963 -0.3972456 0.001050949 0.3307287 -0.3972456 0.003793597 0.3310356 -0.3972456 0.001437544 0.3282877 -0.3972456 0.004155337 0.3282877 -0.3972456 0.001050949 0.3258466 -0.3972456 0.003793597 0.3255397 -0.3972456 0.002732932 0.322979 -0.3972456 -0.01565653 0.3335963 -0.3972456 -0.0139693 0.3357952 -0.3972456 -0.01110494 0.3346784 -0.3972456 -0.01177036 0.3374825 -0.3972456 -0.008902847 0.3358004 -0.3972456 -0.009209692 0.3385431 -0.3972456 -0.006461799 0.3361871 -0.3972456 -0.006461799 0.3389049 -0.3972456 -0.00402075 0.3358004 -0.3972456 -0.003713846 0.3385431 -0.3972456 -0.001153171 0.3374825 -0.3972456 -0.01285254 0.3329308 -0.3718456 -0.01565653 0.3335963 -0.3718456 -0.01397454 0.3307287 -0.3718456 -0.01671719 0.3310356 -0.3718456 -0.0143612 0.3282877 -0.3718456 -0.01707899 0.3282877 -0.3718456 -0.01397454 0.3258466 -0.3718456 -0.01671719 0.3255397 -0.3718456 -0.01285254 0.3236445 -0.3718456 -7.1058e-5 0.3236445 -0.3718456 0.002732932 0.322979 -0.3718456 0.001050949 0.3258466 -0.3718456 0.003793597 0.3255397 -0.3718456 0.001437544 0.3282877 -0.3718456 0.004155337 0.3282877 -0.3718456 0.001050949 0.3307287 -0.3718456 0.003793597 0.3310356 -0.3718456 -7.1058e-5 0.3329308 -0.3718456 0.002732932 0.3335963 -0.3718456 -0.001818597 0.3346784 -0.3718456 0.001045644 0.3357952 -0.3718456 -0.001153171 0.3374825 -0.3718456 -0.00402075 0.3358004 -0.3718456 -0.003713846 0.3385431 -0.3718456 -0.006461799 0.3361871 -0.3718456 -0.006461799 0.3389049 -0.3718456 -0.008902847 0.3358004 -0.3718456 -0.009209692 0.3385431 -0.3718456 -0.01110494 0.3346784 -0.3718456 -0.01177036 0.3374825 -0.3718456 -0.0139693 0.3357952 -0.3718456 -0.01565653 0.322979 -0.3718456 -0.0139693 0.3207802 -0.3718456 -0.01110494 0.3218969 -0.3718456 -0.01177036 0.3190929 -0.3718456 -0.008902847 0.3207749 -0.3718456 -0.009209692 0.3180322 -0.3718456 -0.006461799 0.3203883 -0.3718456 -0.006461799 0.3176705 -0.3718456 -0.00402075 0.3207749 -0.3718456 -0.003713846 0.3180322 -0.3718456 -0.001818597 0.3218969 -0.3718456 -0.001153171 0.3190929 -0.3718456 0.001045644 0.3207802 -0.3718456 0.006946206 0.3314654 -0.3711375 0.006190717 0.3337454 -0.371893 0.006190717 0.3337454 -0.3527956 -0.006461799 0.3420672 -0.3527956 -0.003283977 0.3416957 -0.3527956 -0.003283977 0.3416957 -0.3813678 -2.77579e-4 0.3406015 -0.3527956 0.002395451 0.3388434 -0.3527956 0.002395451 0.3388434 -0.3756883 0.001766681 0.3393405 -0.376317 -2.77579e-4 0.3406015 -0.3783614 -0.00100398 0.3409402 -0.3790878 0.004591047 0.3365162 -0.3527956 0.005851984 0.3344719 -0.3722318 0.004591047 0.3365162 -0.3734927 0.004093885 0.337145 -0.3739899 0.00710833 0.3306804 -0.3709754 0.00710833 0.3306804 -0.3527956 0.007317662 0.3282877 -0.3707661 0.007294356 0.3274865 -0.3527956 0.007294356 0.3274865 -0.3707894 0.006946206 0.3251099 -0.3711375 0.006738781 0.3243356 -0.3527956 0.006738781 0.3243356 -0.371345 0.005851984 0.3221035 -0.3722318 0.005471587 0.3213979 -0.3527956 0.005471587 0.3213979 -0.3726122 0.004093885 0.3194304 -0.3739899 0.003561019 0.3188316 -0.3527956 0.003561019 0.3188316 -0.3745228 0.001766681 0.3172348 -0.376317 0.001110136 0.3167751 -0.3527956 0.001110136 0.3167751 -0.3769736 -0.00100398 0.3156351 -0.3790878 -0.001748919 0.3153392 -0.3527956 -0.001748919 0.3153392 -0.3798327 -0.00406897 0.3147175 -0.3821528 -0.00486207 0.3146014 -0.3527956 -0.004864335 0.3146011 -0.3829481 -0.00486207 0.3146014 -0.4162956 -0.001748919 0.3153392 -0.4162956 -0.001748919 0.3153392 -0.3892585 -0.002509772 0.315087 -0.3884976 -0.00486207 0.3146014 -0.3861453 -0.008061468 0.3146014 -0.4162956 -0.005661249 0.3145315 -0.3853461 -0.006461799 0.3145081 -0.3845456 0.001110136 0.3167751 -0.4162956 0.003561019 0.3188316 -0.4162956 0.003561019 0.3188316 -0.3945685 0.002994239 0.3182649 -0.3940017 0.001110136 0.3167751 -0.3921176 4.27943e-4 0.3163543 -0.3914353 0.005471587 0.3213979 -0.4162956 0.006738781 0.3243356 -0.4162956 0.006738781 0.3243356 -0.3977462 0.006486654 0.3235748 -0.3974941 0.005471587 0.3213979 -0.396479 0.005050778 0.3207157 -0.3960582 0.00710833 0.3306804 -0.4162956 0.0072245 0.3298874 -0.3982319 0.007294356 0.3274865 -0.4162956 0.007294356 0.3274865 -0.3983018 0.0072245 0.3266879 -0.3982319 0.006190717 0.3337454 -0.4162956 0.006486654 0.3330006 -0.3974941 0.00710833 0.3306804 -0.3981158 0.004591047 0.3365162 -0.4162956 0.005050778 0.3358596 -0.3960582 0.006190717 0.3337454 -0.3971982 0.002395451 0.3388434 -0.4162956 0.002994239 0.3383105 -0.3940017 0.004591047 0.3365162 -0.3955984 -2.77579e-4 0.3406015 -0.4162956 4.27943e-4 0.3402211 -0.3914353 0.002395451 0.3388434 -0.3934029 -0.003283977 0.3416957 -0.4162956 -0.002509772 0.3414883 -0.3884976 -2.77579e-4 0.3406015 -0.3907298 -0.00406897 0.3418578 -0.3821528 -0.006461799 0.3420672 -0.3845456 -0.009639561 0.3416957 -0.3527956 -0.008061468 0.3146014 -0.3527956 -0.01117461 0.3153392 -0.3527956 -0.01117461 0.3153392 -0.4162956 -0.01403373 0.3167751 -0.3527956 -0.01403373 0.3167751 -0.4162956 -0.01648461 0.3188316 -0.3527956 -0.01648461 0.3188316 -0.4162956 -0.01839518 0.3213979 -0.3527956 -0.01839518 0.3213979 -0.4162956 -0.01966238 0.3243356 -0.3527956 -0.01966238 0.3243356 -0.4162956 -0.02021795 0.3274865 -0.3527956 -0.02021795 0.3274865 -0.4162956 -0.02003192 0.3306804 -0.3527956 -0.02003192 0.3306804 -0.4162956 -0.01911431 0.3337454 -0.3527956 -0.01911431 0.3337454 -0.4162956 -0.01751464 0.3365162 -0.3527956 -0.01751464 0.3365162 -0.4162956 -0.01531904 0.3388434 -0.3527956 -0.01531904 0.3388434 -0.4162956 -0.01264601 0.3406015 -0.3527956 -0.01264601 0.3406015 -0.4162956 -0.009639561 0.3416957 -0.4162956 -0.006461799 0.3420672 -0.4162956 -0.005660593 0.3420439 -0.3853468 -0.003283977 0.3416957 -0.3877233 -0.003674387 0.3386903 -0.4162956 -0.001076996 0.3376144 -0.4162956 0.001153409 0.3359029 -0.4162956 0.002864897 0.3336725 -0.4162956 0.00394082 0.331075 -0.4162956 0.004307746 0.3282877 -0.4162956 0.00394082 0.3255003 -0.4162956 0.002864897 0.3229029 -0.4162956 0.001153409 0.3206724 -0.4162956 -0.001076996 0.3189609 -0.4162956 -0.003674387 0.3178851 -0.4162956 -0.006461799 0.3175181 -0.4162956 -0.00924915 0.3178851 -0.4162956 -0.0118466 0.3189609 -0.4162956 -0.01407706 0.3206724 -0.4162956 -0.01578855 0.3229029 -0.4162956 -0.01686441 0.3255003 -0.4162956 -0.0172314 0.3282877 -0.4162956 -0.01686441 0.331075 -0.4162956 -0.01578855 0.3336725 -0.4162956 -0.01407706 0.3359029 -0.4162956 -0.0118466 0.3376144 -0.4162956 -0.00924915 0.3386903 -0.4162956 -0.006461799 0.3390573 -0.4162956 -0.003674387 0.3178851 -0.3527956 -0.001076996 0.3189609 -0.3527956 0.001153409 0.3206724 -0.3527956 0.002864897 0.3229029 -0.3527956 0.00394082 0.3255003 -0.3527956 0.004307746 0.3282877 -0.3527956 0.00394082 0.331075 -0.3527956 0.002864897 0.3336725 -0.3527956 0.001153409 0.3359029 -0.3527956 -0.001076996 0.3376144 -0.3527956 -0.003674387 0.3386903 -0.3527956 -0.006461799 0.3390573 -0.3527956 -0.00924915 0.3386903 -0.3527956 -0.0118466 0.3376144 -0.3527956 -0.01407706 0.3359029 -0.3527956 -0.01578855 0.3336725 -0.3527956 -0.01686441 0.331075 -0.3527956 -0.0172314 0.3282877 -0.3527956 -0.01686441 0.3255003 -0.3527956 -0.01578855 0.3229029 -0.3527956 -0.01407706 0.3206724 -0.3527956 -0.0118466 0.3189609 -0.3527956 -0.00924915 0.3178851 -0.3527956 -0.006461799 0.3175181 -0.3527956 0.006238162 0.3310356 -0.394801 0.02528816 0.331075 -0.3949482 0.006238162 0.3335963 -0.3937404 0.02528816 0.3336725 -0.3938723 0.006238162 0.3357952 -0.3920531 0.02528816 0.3359029 -0.3921608 0.006238162 0.3374825 -0.3898542 0.02528816 0.3376144 -0.3899304 0.006238162 0.3385431 -0.3872935 0.02528816 0.3386903 -0.387333 0.006238162 0.3389049 -0.3845456 0.02528816 0.3390573 -0.3845456 0.006238162 0.3385431 -0.3817976 0.02528816 0.3386903 -0.3817582 0.006238162 0.3374825 -0.379237 0.02528816 0.3376144 -0.3791608 0.006238162 0.3357952 -0.3770381 0.02528816 0.3359029 -0.3769303 0.006238162 0.3335963 -0.3753508 0.02528816 0.3336725 -0.3752188 0.006238162 0.3310356 -0.3742902 0.02528816 0.331075 -0.374143 0.006238162 0.3282877 -0.3739284 0.02528816 0.3282877 -0.373776 0.006238162 0.3255397 -0.3742902 0.02528816 0.3255003 -0.374143 0.006238162 0.322979 -0.3753508 0.02528816 0.3229029 -0.3752188 0.006238162 0.3207802 -0.3770381 0.02528816 0.3206724 -0.3769303 0.006238162 0.3190929 -0.379237 0.02528816 0.3189609 -0.3791608 0.006238162 0.3180322 -0.3817976 0.02528816 0.3178851 -0.3817582 0.006238162 0.3176705 -0.3845456 0.02528816 0.3175181 -0.3845456 0.006238162 0.3180322 -0.3872935 0.02528816 0.3178851 -0.387333 0.006238162 0.3190929 -0.3898542 0.02528816 0.3189609 -0.3899304 0.006238162 0.3207802 -0.3920531 0.02528816 0.3206724 -0.3921608 0.006238162 0.322979 -0.3937404 0.02528816 0.3229029 -0.3938723 0.006238162 0.3255397 -0.394801 0.02528816 0.3255003 -0.3949482 0.006238162 0.3282877 -0.3951628 0.02528816 0.3282877 -0.3953152 0.02528816 0.3393405 -0.376317 0.02528816 0.337145 -0.3739899 0.02528816 0.3344719 -0.3722318 0.02528816 0.3314654 -0.3711375 0.02528816 0.3282877 -0.3707661 0.02528816 0.3251099 -0.3711375 0.02528816 0.3221035 -0.3722318 0.02528816 0.3298874 -0.3982319 0.02528816 0.3330006 -0.3974941 0.02528816 0.3358596 -0.3960582 0.02528816 0.3383105 -0.3940017 0.02528816 0.3402211 -0.3914353 0.02528816 0.3414883 -0.3884976 0.02528816 0.3420439 -0.3853468 0.02528816 0.3418578 -0.3821528 0.02528816 0.3409402 -0.3790878 0.02528816 0.3194304 -0.3739899 0.02528816 0.3172348 -0.376317 0.02528816 0.3156351 -0.3790878 0.02528816 0.3147175 -0.3821528 0.02528816 0.3145315 -0.3853468 0.02528816 0.315087 -0.3884976 0.02528816 0.3163543 -0.3914353 0.02528816 0.3182649 -0.3940017 0.02528816 0.3207157 -0.3960582 0.02528816 0.3235748 -0.3974941 0.02528816 0.3266879 -0.3982319 0.006238162 0.3329308 -0.3781548 0.006238162 0.3307287 -0.3770328 0.006238162 0.3282877 -0.3766462 0.006238162 0.3258466 -0.3770328 0.006238162 0.3236445 -0.3781548 0.006238162 0.3218969 -0.3891887 0.006238162 0.3236445 -0.3909363 0.006238162 0.3258466 -0.3920584 0.006238162 0.3282877 -0.392445 0.006238162 0.3307287 -0.3920584 0.006238162 0.3329308 -0.3909363 0.006238162 0.3346784 -0.3891887 0.006238162 0.3218969 -0.3799024 0.006238162 0.3207749 -0.3821045 0.006238162 0.3203883 -0.3845456 0.006238162 0.3207749 -0.3869866 0.006238162 0.3358004 -0.3869866 0.006238162 0.3361871 -0.3845456 0.006238162 0.3358004 -0.3821045 0.006238162 0.3346784 -0.3799024 -0.00402075 0.3358004 -0.3869866 -0.001818597 0.3346784 -0.3891887 -0.002875506 0.3353261 -0.3881318 0.001050949 0.3307287 -0.3920584 5.7661e-4 0.3318739 -0.391584 -7.1058e-5 0.3329308 -0.3909363 -8.76088e-4 0.3338734 -0.3901313 0.001340329 0.3270519 -0.3923477 0.001437544 0.3282877 -0.392445 0.001340329 0.3295234 -0.3923477 5.7661e-4 0.3247014 -0.391584 0.001050949 0.3258466 -0.3920584 -8.76088e-4 0.3227019 -0.3901313 -7.1058e-5 0.3236445 -0.3909363 -0.002875506 0.3212493 -0.3881318 -0.001818597 0.3218969 -0.3891887 -0.006461799 0.3203883 -0.3845456 -0.005226016 0.3204855 -0.3857813 -0.00402075 0.3207749 -0.3869866 -0.00402075 0.3207749 -0.3821045 -0.001818597 0.3218969 -0.3799024 -0.002875506 0.3212493 -0.3809593 0.001050949 0.3258466 -0.3770328 5.7661e-4 0.3247014 -0.3775072 -7.1058e-5 0.3236445 -0.3781548 -8.76088e-4 0.3227019 -0.3789598 0.001340329 0.3295234 -0.3767434 0.001437544 0.3282877 -0.3766462 0.001340329 0.3270519 -0.3767434 5.7661e-4 0.3318739 -0.3775072 0.001050949 0.3307287 -0.3770328 -8.76088e-4 0.3338734 -0.3789598 -7.1058e-5 0.3329308 -0.3781548 -0.002875506 0.3353261 -0.3809593 -0.001818597 0.3346784 -0.3799024 -0.006461799 0.3361871 -0.3845456 -0.005226016 0.3360898 -0.3833099 -0.00402075 0.3358004 -0.3821045 -0.005226016 0.3360898 -0.3857813 -0.005226016 0.3204855 -0.3833099 -0.002639055 0.3155877 -0.3276667 -0.001127779 0.3155877 -0.3302844 -0.006461799 0.3155877 -0.328691 -0.006461799 0.3155877 -0.3317136 -0.01028448 0.3155877 -0.3276667 -0.01179575 0.3155877 -0.3302844 -0.01308292 0.3155877 -0.3248683 -0.01570051 0.3155877 -0.3263796 -0.01410716 0.3155877 -0.3210456 -0.01712977 0.3155877 -0.3210456 -0.01308292 0.3155877 -0.3172229 -0.01570051 0.3155877 -0.3157116 -0.01028448 0.3155877 -0.3144245 -0.01179575 0.3155877 -0.3118068 -0.006461799 0.3155877 -0.3134002 -0.006461799 0.3155877 -0.3103776 -0.002639055 0.3155877 -0.3144245 -0.001127779 0.3155877 -0.3118068 1.59304e-4 0.3155877 -0.3172229 0.00277692 0.3155877 -0.3157116 0.001183569 0.3155877 -0.3210456 0.00420618 0.3155877 -0.3210456 1.59304e-4 0.3155877 -0.3248683 0.00277692 0.3155877 -0.3263796 0.001183569 -0.3067123 -0.3210456 0.00420618 -0.3067123 -0.3210456 1.59304e-4 -0.3067123 -0.3172229 0.00277692 -0.3067123 -0.3157116 -0.002639055 -0.3067123 -0.3144245 -0.001127779 -0.3067123 -0.3118068 -0.006461799 -0.3067123 -0.3134002 -0.006461799 -0.3067123 -0.3103776 -0.01028448 -0.3067123 -0.3144245 -0.01179575 -0.3067123 -0.3118068 -0.01308292 -0.3067123 -0.3172229 -0.01570051 -0.3067123 -0.3157116 -0.01410716 -0.3067123 -0.3210456 -0.01712977 -0.3067123 -0.3210456 -0.01308292 -0.3067123 -0.3248683 -0.01570051 -0.3067123 -0.3263796 -0.01028448 -0.3067123 -0.3276667 -0.01179575 -0.3067123 -0.3302844 -0.006461799 -0.3067123 -0.328691 -0.006461799 -0.3067123 -0.3317136 -0.002639055 -0.3067123 -0.3276667 -0.001127779 -0.3067123 -0.3302844 1.59304e-4 -0.3067123 -0.3248683 0.00277692 -0.3067123 -0.3263796 0.3110382 -0.3257566 -0.3802791 0.3110382 -0.3282648 -0.3785924 0.3110382 -0.3270398 -0.3840229 0.3110382 -0.3300554 -0.3838163 0.3110382 -0.3262793 -0.3879067 0.3110382 -0.3289941 -0.3892354 0.3110382 -0.3236787 -0.3908898 0.3110382 -0.3253655 -0.3933981 0.3110382 -0.319935 -0.3921731 0.3110382 -0.3201417 -0.3951886 0.3110382 -0.3160513 -0.3914126 0.3110382 -0.3147224 -0.3941274 0.3110382 -0.313068 -0.388812 0.3110382 -0.3105599 -0.3904987 0.3110382 -0.3117848 -0.3850683 0.3110382 -0.3087693 -0.3852749 0.3110382 -0.3125454 -0.3811845 0.3110382 -0.3098305 -0.3798557 0.3110382 -0.3151459 -0.3782013 0.3110382 -0.3134592 -0.3756931 0.3110382 -0.3188896 -0.3769181 0.3110382 -0.318683 -0.3739026 0.3110382 -0.3227734 -0.3776786 0.3110382 -0.3241022 -0.3749638 0.006238162 -0.3236787 -0.3908898 0.006238162 -0.3253655 -0.3933981 0.006238162 -0.3262793 -0.3879067 0.006238162 -0.3289941 -0.3892354 0.006238162 -0.3270398 -0.3840229 0.006238162 -0.3300554 -0.3838163 0.006238162 -0.3257566 -0.3802791 0.006238162 -0.3282648 -0.3785924 0.006238162 -0.3227734 -0.3776786 0.006238162 -0.3241022 -0.3749638 0.006238162 -0.3188896 -0.3769181 0.006238162 -0.318683 -0.3739026 0.006238162 -0.3151459 -0.3782013 0.006238162 -0.3134592 -0.3756931 0.006238162 -0.3125454 -0.3811845 0.006238162 -0.3098305 -0.3798557 0.006238162 -0.3117848 -0.3850683 0.006238162 -0.3087693 -0.3852749 0.006238162 -0.313068 -0.388812 0.006238162 -0.3105599 -0.3904987 0.006238162 -0.3160513 -0.3914126 0.006238162 -0.3147224 -0.3941274 0.006238162 -0.319935 -0.3921731 0.006238162 -0.3201417 -0.3951886</float_array>
          <technique_common>
            <accessor source="#torpedo_mount-mesh-positions-array" count="2672" stride="3">
              <param name="X" type="float"/>
              <param name="Y" type="float"/>
              <param name="Z" type="float"/>
            </accessor>
          </technique_common>
        </source>
        <source id="torpedo_mount-mesh-normals">
          <float_array id="torpedo_mount-mesh-normals-array" count="16104">0 0 1 0 0 1 0 0 1 0 0 1 0 0 1 0 0 1 0 0 1 0 0 1 0 0 1 0 0 1 0 0 1 0 0 1 0 0 1 0 0 1 0 0 1 0 0 1 0 0 1 0 0 1 0 0 1 0 0 1 0 0 1 0 0 1 0 0 1 0 0 1 0 0 1 0 0 1 0 0 1 0 0 1 0 0 1 0 0 1 0 0 1 0 0 1 0 0 1 0 0 1 0 0 1 0 0 1 0 0 1 0 0 1 0 0 1 0 0 1 0 0 1 0 0 1 0 0 1 0 0 1 0 0 -1 0 0 -1 0 0 -1 0 0 -1 0 0 -1 0 0 -1 0 0 -1 0 0 -1 0 0 -1 0 0 -1 0 0 -1 0 0 -1 0 0 -1 0 0 -1 0 0 -1 0 0 -1 0 0 -1 0 0 -1 0 0 -1 0 0 -1 0 0 -1 0 0 -1 0 0 -1 0 0 -1 0 0 -1 0 0 -1 0 0 -1 0 0 -1 0 0 -1 0 0 -1 0 0 -1 0 0 -1 0 0 -1 0 0 -1 0 0 -1 0 0 -1 0 0 -1 0 0 -1 0 0 -1 0 0 -1 0 0 -1 0 0 -1 0 0 -1 0 0 -1 0.3145469 0.9492419 0 0.9932383 0.1160932 0 0.8354874 0.5495095 0 0.7896794 0.6134216 -0.0109806 0.8511168 0.5249764 0 0.9396927 0.3420199 0 0.9099787 0.4145391 -0.009799838 0.9492435 0.3145424 0 0.4999993 0.8660259 0 0.4277818 0.9037792 -0.0136401 0.5249801 0.8511145 0 0.6862421 0.7273734 0 0.6261433 0.779611 -0.01229882 0.7071102 0.7071033 0 0.205137 0.9786212 -0.01481044 0.2868072 0.9579883 0 0.08715158 0.9961951 0 0.05814349 0.9983006 -0.003886938 -0.02907556 0.9995772 0 -0.1449341 0.9894413 0 -0.1736482 0.9848003 -0.003808557 -0.2588175 0.9659262 0 -0.3692033 0.9293487 0 -0.3960785 0.9182096 -0.003594756 -0.4746127 0.8801947 0 -0.573572 0.8191551 0 -0.5971525 0.8021209 -0.003296256 -0.664797 0.7470241 0 -0.747027 0.6647937 0 -0.7660406 0.6427855 -0.002969622 -0.8191459 0.5735852 0 -0.8802014 0.4746003 0 -0.8936312 0.4487944 -0.002657294 -0.9293518 0.3691953 0 -0.9659256 0.2588196 0 -0.9730418 0.2306165 -0.002379536 -0.9894528 0.1448551 2.18079e-6 -0.9730446 0.2306172 0 -0.9519333 0.3061649 0.009274899 -0.9793405 0.2022185 0 -1 0 0 -0.9968536 0.07882231 0.0083642 -0.9996818 0.02487701 0.004186987 -0.7660439 0.6427883 0 -0.7128494 0.7012207 0.0116263 -0.7844147 0.6202368 0 -0.8936343 0.448796 0 -0.85567 0.517418 0.0103693 -0.9063099 0.4226138 0 -0.396081 0.9182156 0 -0.3187735 0.9477237 0.01425939 -0.422618 0.9063079 0 -0.5971558 0.8021253 0 -0.5307058 0.8474569 0.01297593 -0.6202354 0.7844158 0 0.05814349 0.9983008 0.003867387 0.02908354 0.9995769 0 -0.1736494 0.9848076 0 -0.08846706 0.9959622 0.01526021 -0.2022203 0.97934 0 0.2868052 0.9579817 0.003715455 0.2588239 0.9659245 0 0.1449318 0.9894417 0 0.4999963 0.8660206 0.003452539 0.4745953 0.8802042 0 0.3692077 0.9293469 0 0.6862387 0.7273697 0.003133952 0.6647933 0.7470273 0 0.573587 0.8191447 0 0.8354842 0.5495074 0.002810478 0.819149 0.5735809 0 0.7470323 0.6647877 0 0.9396897 0.3420188 0.00251311 0.9293476 0.369206 0 0.8802067 0.4745904 0 0.9810087 0.1937638 -0.008797347 0.9961946 0.08715599 0 0.9932383 -0.1160932 0 -0.9983132 0.05805885 -4.32994e-6 -0.9999957 0 -0.002934515 -0.9983082 -0.0581445 0 -0.973045 -0.2306151 0 -0.973045 -0.2306151 0 -0.8936324 -0.4487997 0 -0.8936324 -0.4487997 0 -0.7660439 -0.6427883 0 -0.7660439 -0.6427883 0 -0.5971617 -0.8021208 0 -0.5971617 -0.8021208 0 -0.3960732 -0.9182189 0 -0.3960732 -0.9182189 0 -0.1736494 -0.9848076 0 -0.1736494 -0.9848076 0 0.05814397 -0.9983082 0 0.05814397 -0.9983082 0 0.2867987 -0.9579909 0 0.2867987 -0.9579909 0 0.5000063 -0.8660218 0 0.5000063 -0.8660218 0 0.686237 -0.727378 0 0.686237 -0.727378 0 0.8354902 -0.5495052 0 0.8354902 -0.5495052 0 0.9396927 -0.3420199 0 0.9396927 -0.3420199 0 0.9932383 -0.1160932 0 0.9932383 -0.1160932 0 0.999577 0.02908372 0 0.9932358 0.1160929 0.002257227 0.9894416 0.1449326 0 0.9659261 0.2588183 0 -0.9238509 -0.3826703 0.00793153 -0.9238505 -0.3826714 0.007931351 -0.7933298 -0.6087405 0.007931411 -0.7933255 -0.6087461 0.007930397 -0.6087395 -0.7933305 0.007930099 -0.6087485 -0.7933236 0.007931768 -0.3826719 -0.9238503 0.007931888 -0.3826642 -0.9238535 0.007930636 -0.1305214 -0.9914137 0.007930576 -0.1305292 -0.9914128 0.007931768 0.1305214 -0.9914138 0.007931768 0.1305293 -0.9914127 0.007930576 0.382672 -0.9238502 0.007930636 0.3826642 -0.9238535 0.007931888 0.6087394 -0.7933306 0.007931768 0.6087485 -0.7933236 0.007930099 0.7933298 -0.6087404 0.007930338 0.7933253 -0.6087463 0.00793147 0.9238509 -0.3826702 0.007931411 0.9238506 -0.3826711 0.00793153 0.9914136 -0.1305225 0.007931351 0.9914137 -0.1305219 0.007931292 0.9914136 0.1305225 0.007931292 0.9914137 0.1305219 0.007931351 0.9238509 0.3826703 0.00793153 0.9238506 0.3826711 0.007931411 0.7933298 0.6087404 0.00793147 0.7933292 0.6087412 0.007931292 0.6087394 0.7933306 0.007931351 0.6087418 0.7933288 0.007931768 0.382672 0.9238502 0.007931888 0.3826732 0.9238497 0.007932066 0.1305214 0.9914138 0.007932126 0.1305189 0.9914141 0.007931768 -0.1305214 0.9914137 0.007931768 -0.1305188 0.9914141 0.007932126 -0.3826719 0.9238502 0.007932066 -0.3826732 0.9238497 0.007931888 -0.6087395 0.7933305 0.007931768 -0.6087418 0.7933288 0.007931351 -0.7933298 0.6087405 0.007931351 -0.7933294 0.608741 0.007931411 -0.9238509 0.3826703 0.007931351 -0.9238505 0.3826714 0.00793153 -0.9914136 0.1305225 0.007931351 -0.9914137 0.1305219 0.007931292 -0.9914136 -0.1305225 0.007931292 -0.9914137 -0.1305219 0.007931351 0.9238509 -0.3826703 -0.00793153 0.9238506 -0.3826711 -0.007931411 0.7933298 -0.6087404 -0.00793147 0.7933253 -0.6087463 -0.007930397 0.6087394 -0.7933306 -0.007930099 0.6087485 -0.7933236 -0.007931768 0.382672 -0.9238502 -0.007931888 0.3826642 -0.9238535 -0.007930636 0.1305214 -0.9914137 -0.007930576 0.1305293 -0.9914127 -0.007931768 -0.1305214 -0.9914137 -0.007931768 -0.1305292 -0.9914128 -0.007930576 -0.3826719 -0.9238502 -0.007930636 -0.3826642 -0.9238535 -0.007931888 -0.6087395 -0.7933305 -0.007931768 -0.6087485 -0.7933236 -0.007930099 -0.7933298 -0.6087405 -0.007930397 -0.7933255 -0.6087461 -0.007931411 -0.9238509 -0.3826703 -0.007931351 -0.9238505 -0.3826714 -0.00793153 -0.9914136 -0.1305225 -0.007931351 -0.9914137 -0.1305219 -0.007931292 -0.9914136 0.1305225 -0.007931292 -0.9914137 0.1305219 -0.007931351 -0.9238509 0.3826703 -0.00793153 -0.9238505 0.3826714 -0.007931351 -0.7933298 0.6087405 -0.007931411 -0.7933294 0.608741 -0.007931351 -0.6087395 0.7933305 -0.007931351 -0.6087418 0.7933288 -0.007931768 -0.3826719 0.9238503 -0.007931888 -0.3826732 0.9238497 -0.007932066 -0.1305214 0.9914137 -0.007932126 -0.1305188 0.9914141 -0.007931768 0.1305214 0.9914138 -0.007931768 0.1305189 0.9914141 -0.007932126 0.382672 0.9238502 -0.007932066 0.3826732 0.9238497 -0.007931888 0.6087394 0.7933306 -0.007931768 0.6087418 0.7933288 -0.007931351 0.7933299 0.6087403 -0.007931292 0.7933292 0.6087412 -0.00793147 0.9238509 0.3826702 -0.007931411 0.9238506 0.3826711 -0.00793153 0.9914136 0.1305225 -0.007931351 0.9914137 0.1305219 -0.007931292 0.9914136 -0.1305225 -0.007931292 0.9914137 -0.1305219 -0.007931351 -0.3826719 0.007930636 -0.9238502 -0.3826732 0.007930397 -0.9238498 -0.6087463 0.007930517 -0.7933254 -0.6087418 0.007931351 -0.7933288 -0.7933259 0.007931351 -0.6087456 -0.7933255 0.007931411 -0.6087461 -0.9238509 0.007931351 -0.3826703 -0.9238505 0.00793153 -0.3826714 -0.9914136 0.007931351 -0.1305225 -0.9914137 0.007931292 -0.1305219 -0.9914138 0.007931292 0.1305211 -0.9914137 0.007931172 0.1305219 -0.9238493 0.007930934 0.382674 -0.9238505 0.007931351 0.3826714 -0.7933298 0.007931411 0.6087405 -0.7933294 0.007931351 0.608741 -0.6087395 0.007931351 0.7933305 -0.6087418 0.007931768 0.7933287 -0.3826719 0.007931888 0.9238503 -0.3826732 0.007932066 0.9238497 -0.1305214 0.007932126 0.9914137 -0.1305189 0.007931768 0.9914141 0.1305214 0.007931768 0.9914138 0.1305189 0.007932126 0.9914141 0.382672 0.007932066 0.9238502 0.3826732 0.007931888 0.9238497 0.6087394 0.007931768 0.7933306 0.6087418 0.007931351 0.7933288 0.7933299 0.007931292 0.6087403 0.7933292 0.00793147 0.6087412 0.9238494 0.007931411 0.382674 0.9238506 0.007930934 0.3826711 0.9914138 0.007931172 0.1305211 0.9914137 0.007931292 0.1305219 0.9914136 0.007931292 -0.1305225 0.9914137 0.007931351 -0.1305219 0.9238509 0.00793153 -0.3826703 0.9238506 0.007931411 -0.3826711 0.7933259 0.00793147 -0.6087456 0.7933253 0.007931351 -0.6087463 0.6087462 0.007931351 -0.7933254 0.6087418 0.007930517 -0.7933288 0.382672 0.007930397 -0.9238502 0.3826732 0.007930636 -0.9238498 0.1305214 0.007930576 -0.9914138 0.1305189 0.007930219 -0.9914141 -0.1305214 0.007930219 -0.9914138 -0.1305189 0.007930576 -0.9914141 0 1 0 0 1 0 0 1 0 0 1 0 0 1 0 0 1 0 0 1 0 0 1 0 0 1 0 0 1 0 0 1 0 0 1 0 0 1 0 0 1 0 0 1 0 0 1 0 0 1 0 0 1 0 0 1 0 0 1 0 0 1 0 0 1 0 0 1 0 0 1 0 0 1 0 0 1 0 0 1 0 0 1 0 0 1 0 0 1 0 0 1 0 0 1 0 0 1 0 0 1 0 0 1 0 0 1 0 0 1 0 0 1 0 0 1 0 0 1 0 0 1 0 0 1 0 0 1 0 0 1 0 0 1 0 0 1 0 0 1 0 0 1 0 0 1 0 0 1 0 0 1 0 -0.1449219 0 -0.9894431 0.2588239 0 0.9659245 0.9983081 0 -0.05814456 0.9848077 0 0.1736487 0.9681075 0.009030103 0.2503727 0.9894415 0 0.1449326 0.8021255 0 0.5971555 0.7525692 0.01129883 0.6584162 0.819153 0 0.5735751 0.9182156 0 0.3960809 0.8843296 0.01007872 0.4667543 0.9293476 0 0.369206 0.4487956 0 0.8936344 0.3739551 0.01395499 0.9273418 0.4745953 0 0.8802042 0.6427878 0 0.7660441 0.5794622 0.01263403 0.8149012 0.6647933 0 0.7470274 0.1470733 0.01505088 0.9890111 0.2306195 0 0.973044 0.0290836 0 0.999577 0 0.003882229 0.9999925 -0.08715236 0 0.996195 -0.2022203 0 0.97934 -0.230618 0.003766179 0.9730371 -0.314551 0 0.9492406 -0.4226181 0 0.9063079 -0.4487928 0.00352478 0.8936289 -0.5249643 0 0.8511242 -0.6202353 0 0.7844158 -0.6427846 0.003215312 0.7660403 -0.707108 0 0.7071056 -0.7844194 0 0.6202308 -0.8021222 0.002889156 0.5971531 -0.8511157 0 0.5249782 -0.9063077 0 0.4226185 -0.9182125 0.002583682 0.3960795 -0.9492416 0 0.3145478 -0.9793405 0 0.2022185 -0.984805 0.002317011 0.1736482 -0.996197 -6.70662e-7 0.08712983 -0.9579893 0 -0.286804 -0.9989446 0.04357123 -0.01452863 -0.9995786 1.90619e-6 -0.02902686 -0.99061 0.008568167 -0.136449 -0.9983082 0 -0.05814433 -0.9659257 0 -0.2588196 -0.9325385 0.00953108 -0.3609446 -0.727371 0 -0.6862444 -0.6706674 0.01195889 -0.7416617 -0.7470214 0 -0.6647999 -0.8660265 0 -0.499998 -0.8240926 0.01066863 -0.5663546 -0.8802015 0 -0.4746003 -0.3420258 0 -0.9396905 -0.2624253 0.014548 -0.9648427 -0.3692141 0 -0.9293444 -0.5495083 0 -0.8354882 -0.4800938 0.01331204 -0.8771162 -0.5735804 0 -0.8191494 -0.0295577 0.01543039 -0.999444 -0.1160923 0 -0.9932384 0.08716386 0 -0.996194 0.1160914 0.003841459 -0.9932311 0.2021917 0 -0.9793459 0.3145469 0 -0.9492419 0.3420236 0.003658473 -0.9396843 0.4226338 0 -0.9063006 0.5249711 0 -0.8511201 0.5495051 0.003375887 -0.8354835 0.6202472 0 -0.7844064 0.707104 0 -0.7071095 0.7273676 0.003051519 -0.6862413 0.7844135 0 -0.6202384 0.8511167 0 -0.5249764 0.8660233 0.002732694 -0.4999961 0.9063109 0 -0.4226117 0.9492422 0 -0.3145461 0.9579865 0.002445042 -0.2868028 0.9793408 0 -0.2022168 0.9983082 0 -0.05814456 0.9978815 0.05816882 -0.02913439 0 0 1 0 0 1 0 0 1 0 0 1 0 0 1 0 0 1 0 0 1 0 0 1 0 0 1 0 0 1 0 0 1 0 0 1 0 0 1 0 0 1 0 0 1 0 0 1 0 0 1 0 0 1 0 0 1 0 0 1 0 0 1 0 0 1 0 0 1 0 0 1 0 0 1 0 0 1 0 0 1 0 0 1 0 0 1 0 0 1 0 0 1 0 0 1 0 0 1 0 0 1 0 0 1 0 0 1 0 0 1 0 0 1 0 0 1 0 0 1 0 0 1 0 0 1 0 0 1 0 0 1 0 0 1 0 0 1 0 0 1 0 0 1 0 0 1 0 0 1 0 0 1 0 0 -1 0 0 -1 0 0 -1 0 0 -1 0 0 -1 0 0 -1 0 0 -1 0 0 -1 0 0 -1 0 0 -1 0 0 -1 0 0 -1 0 0 -1 0 0 -1 0 0 -1 0 0 -1 0 0 -1 0 0 -1 0 0 -1 0 0 -1 0 0 -1 0 0 -1 0 0 -1 0 0 -1 0 0 -1 0 0 -1 0 0 -1 0 0 -1 0 0 -1 0 0 -1 0 0 -1 0 0 -1 0 0 -1 0 0 -1 0 0 -1 0 0 -1 0 0 -1 0 0 -1 0 0 -1 0 0 -1 0 0 -1 0 0 -1 0 0 -1 0 0 -1 0 0 -1 0 0 -1 0 0 -1 0 0 -1 0 0 -1 0 0 -1 0 0 -1 0 1 0 0 1 0 0 1 0 0 1 0 0 1 0 0 1 0 0 1 0 0 1 0 0 1 0 0 1 0 0 1 0 0 1 0 0 1 0 0 1 0 0 1 0 0 1 0 0 1 0 0 1 0 0 1 0 0 1 0 0 1 0 0 1 0 0 1 0 0 1 0 0 1 0 0 1 0 0 1 0 0 1 0 0 1 0 0 1 0 0 1 0 0 1 0 0 1 0 0 1 0 0 1 0 0 1 0 0 1 0 0 1 0 0 1 0 0 1 0 0 1 0 0 1 0 0 1 0 0 1 0 -0.9876884 -0.1564344 0 -0.8910059 -0.4539918 0 -0.8608708 -0.5084654 -0.0190854 -0.9238808 -0.3826805 0 -0.4539908 -0.8910064 0 -0.3936444 -0.9187191 -0.03161293 -0.5224962 -0.8526417 0 -0.7071088 -0.7071048 0 -0.6612702 -0.7497475 -0.02450853 -0.7604125 -0.6494405 0 0.1564041 -0.9874937 -0.0198487 0.07847517 -0.9969161 0 -0.156435 -0.9876883 0 -0.08145052 -0.9959222 -0.03879189 -0.2334311 -0.9723734 0 0.4539239 -0.8908749 -0.01717483 0.3826867 -0.9238782 0 0.2334311 -0.9723734 0 0.7070426 -0.7070388 -0.0136705 0.6494435 -0.7604099 0 0.5224965 -0.8526415 0 0.8909552 -0.4539659 -0.01067125 0.8526362 -0.522505 0 0.7604125 -0.6494404 0 0.9876883 0.1564342 0 0.9969173 -0.07845968 0 0.9876528 -0.1564286 -0.008482754 0.9723706 -0.2334426 0 0.9238808 -0.3826805 0 0.9876884 -0.1564342 0 0.8910059 -0.4539918 0 0.8608708 -0.5084654 0.0190854 0.9238808 -0.3826805 0 0.4539908 -0.8910064 0 0.3936443 -0.9187191 0.03161287 0.5224965 -0.8526414 0 0.7071086 -0.7071049 0 0.6612695 -0.7497479 0.02450865 0.7604125 -0.6494405 0 -0.1564041 -0.9874937 0.0198487 -0.07847517 -0.9969161 0 0.156435 -0.9876883 0 0.08144962 -0.9959222 0.03879213 0.2334311 -0.9723733 0 -0.4539238 -0.890875 0.01717466 -0.3826867 -0.9238782 0 -0.2334311 -0.9723733 0 -0.7070427 -0.7070387 0.01367044 -0.6494437 -0.7604098 0 -0.5224962 -0.8526416 0 -0.8909552 -0.4539659 0.01067125 -0.8526362 -0.522505 0 -0.7604125 -0.6494404 0 -0.9876884 0.1564344 0 -0.9969173 -0.07846003 0 -0.9876528 -0.1564288 0.008482754 -0.9723706 -0.2334426 0 -0.9238808 -0.3826805 0 -0.9756259 -0.218905 -0.01531904 -0.9969173 -0.07846003 0 -0.9876883 0.1564344 0 -0.9876883 0.1564344 0 -0.8910059 0.4539918 0 -0.8910059 0.4539918 0 -0.7071088 0.7071048 0 -0.7071088 0.7071048 0 -0.4539908 0.8910064 0 -0.4539908 0.8910064 0 -0.156435 0.9876883 0 -0.156435 0.9876883 0 0.156435 0.9876883 0 0.156435 0.9876883 0 0.4539909 0.8910063 0 0.4539909 0.8910063 0 0.7071087 0.7071049 0 0.7071087 0.7071049 0 0.8910059 0.4539918 0 0.8910059 0.4539918 0 0.9876884 0.1564342 0 0.9876884 0.1564342 0 0.9969173 -0.07845968 0 0.9756258 -0.2189053 0.0153191 0.2334311 0 -0.9723734 0.8910059 0 -0.4539918 0.9756259 -0.0153191 -0.218905 0.9876884 0 -0.1564342 0.9238772 0 -0.382689 0.8608757 -0.01908254 -0.5084574 0.4539909 0 -0.8910064 0.3936443 -0.03161299 -0.9187191 0.5224965 0 -0.8526414 0.7071087 0 -0.7071049 0.6612804 -0.02450311 -0.7497385 0.7604023 0 -0.6494522 0.08145052 -0.03879189 -0.9959222 0.156435 0 -0.9876883 -0.07847517 0 -0.9969161 -0.1564041 -0.0198487 -0.9874937 -0.2334311 0 -0.9723734 -0.3826867 0 -0.9238782 -0.4539238 -0.01717478 -0.890875 -0.5224962 0 -0.8526417 -0.6494576 0 -0.7603979 -0.7070428 -0.01366758 -0.7070388 -0.7604023 0 -0.6494522 -0.8526428 0 -0.5224944 -0.8909552 -0.01066982 -0.4539659 -0.9238772 0 -0.382689 -0.9723706 0 -0.2334426 -0.9876528 -0.008482754 -0.1564288 -0.9969173 0 -0.07846003 -0.8910084 0 0.4539869 -0.8608763 -0.01908403 0.5084563 -0.9238808 0 0.3826805 -0.9876884 0 0.1564344 -0.9756249 -0.01532006 0.2189092 -0.9969174 0 0.07845813 -0.4539908 0 0.8910064 -0.3936443 -0.03161293 0.918719 -0.5224962 0 0.8526417 -0.7071027 0 0.7071108 -0.6612684 -0.02450585 0.749749 -0.7604023 0 0.6494522 0.1564041 -0.01985472 0.9874935 0.07845127 0 0.996918 -0.156435 0 0.9876883 -0.08142757 -0.03880369 0.9959236 -0.2334538 0 0.972368 0.4539239 -0.01717483 0.8908749 0.3826867 0 0.9238782 0.2334538 0 0.972368 0.7070366 -0.01366907 0.7070449 0.6494435 0 0.7604099 0.5224965 0 0.8526415 0.8909576 -0.01067054 0.453961 0.8526428 0 0.5224943 0.7604023 0 0.6494522 0.9969173 0 -0.07845968 0.9969175 0 0.07845777 0.9876528 -0.008483171 0.1564286 0.9723693 0 0.2334481 0.9238808 0 0.3826805 0 0 1 0 0 1 0 0 1 0 0 1 0 0 1 0 0 1 0 0 1 0 0 1 0 0 1 0 0 1 0 0 1 0 0 1 0 0 1 0 0 1 0 0 1 0 0 1 0 0 1 0 0 1 0 0 1 0 0 1 0 0 1 0 0 1 0 0 1 0 0 1 0 0 -1 0 0 -1 0 0 -1 0 0 -1 0 0 -1 0 0 -1 0 0 -1 0 0 -1 0 0 -1 0 0 -1 0 0 -1 0 0 -1 0 0 -1 0 0 -1 0 0 -1 0 0 -1 0 0 -1 0 0 -1 0 0 -1 0 0 -1 0 0 -1 0 0 -1 0 0 -1 0 0 -1 -0.9659261 0.2588182 0 -0.7071069 0.7071068 0 -0.7071069 0.7071068 0 -0.2588172 0.9659264 0 -0.2588172 0.9659264 0 0.2588171 0.9659264 0 0.2588171 0.9659264 0 0.7071069 0.7071068 0 0.7071069 0.7071068 0 0.9659261 0.2588182 0 0.9659261 0.2588182 0 0.9659257 -0.2588195 0 0.9659257 -0.2588195 0 0.7071069 -0.7071068 0 0.7071069 -0.7071068 0 0.2588171 -0.9659264 0 0.2588171 -0.9659264 0 -0.2588172 -0.9659264 0 -0.2588172 -0.9659264 0 -0.7071069 -0.7071068 0 -0.7071069 -0.7071068 0 -0.9659257 -0.2588195 0 -0.9659257 -0.2588195 0 -0.9659261 0.2588182 0 0.9659261 -0.258818 0 0.9659261 -0.258818 0 0.7071064 -0.7071071 0 0.7071064 -0.7071071 0 0.2588229 -0.9659247 0 0.2588229 -0.9659247 0 -0.2588229 -0.9659249 0 -0.2588229 -0.9659249 0 -0.7071065 -0.7071071 0 -0.7071065 -0.7071071 0 -0.9659261 -0.258818 0 -0.9659261 -0.258818 0 -0.9659256 0.2588199 0 -0.9659256 0.2588199 0 -0.7071065 0.7071071 0 -0.7071065 0.7071071 0 -0.2588229 0.9659249 0 -0.2588229 0.9659249 0 0.2588229 0.9659247 0 0.2588229 0.9659247 0 0.7071064 0.7071071 0 0.7071064 0.7071071 0 0.9659256 0.2588199 0 0.9659256 0.2588199 0 0 0 1 0 0 1 0 0 1 0 0 1 0 0 1 0 0 1 0 0 1 0 0 1 0 0 1 0 0 1 0 0 1 0 0 1 0 0 1 0 0 1 0 0 1 0 0 1 0 0 1 0 0 1 0 0 1 0 0 1 0 0 1 0 0 1 0 0 1 0 0 1 0 0 1 0 0 1 0 0 -1 0 0 -1 0 0 -1 0 0 -1 0 0 -1 0 0 -1 0 0 -1 0 0 -1 0 0 -1 0 0 -1 0 0 -1 0 0 -1 0 0 -1 0 0 -1 0 0 -1 0 0 -1 0 0 -1 0 0 -1 0 0 -1 0 0 -1 0 0 -1 0 0 -1 0 0 -1 0 0 -1 0 0 -1 0 0 -1 0.9927089 0.1205364 0 0.9927089 -0.1205373 0 0.9927089 -0.1205373 0 0.8854559 -0.4647235 0 0.8854559 -0.4647235 0 0.5680658 -0.8229832 0 0.5680658 -0.8229832 0 0.1205383 -0.9927088 0 0.1205383 -0.9927088 0 -0.3546056 -0.935016 0 -0.3546056 -0.935016 0 -0.7485114 -0.6631219 0 -0.7485114 -0.6631219 0 -0.9709417 -0.2393162 0 -0.9709417 -0.2393162 0 -0.9709419 0.2393153 0 -0.9709419 0.2393153 0 -0.7485114 0.6631219 0 -0.7485114 0.6631219 0 -0.3546023 0.9350172 0 -0.3546023 0.9350172 0 0.1205346 0.9927092 0 0.1205346 0.9927092 0 0.5680658 0.8229832 0 0.5680658 0.8229832 0 0.8854559 0.4647235 0 0.8854559 0.4647235 0 0.9927089 0.1205364 0 0.9659259 -0.2588186 0 0.9659259 -0.2588186 0 0.707107 -0.7071067 0 0.707107 -0.7071067 0 0.25882 -0.9659255 0 0.25882 -0.9659255 0 -0.2588199 -0.9659255 0 -0.2588199 -0.9659255 0 -0.707107 -0.7071065 0 -0.707107 -0.7071065 0 -0.9659259 -0.2588187 0 -0.9659259 -0.2588187 0 -0.9659256 0.2588198 0 -0.9659256 0.2588198 0 -0.707107 0.7071065 0 -0.707107 0.7071065 0 -0.2588199 0.9659255 0 -0.2588199 0.9659255 0 0.25882 0.9659255 0 0.25882 0.9659255 0 0.707107 0.7071067 0 0.707107 0.7071067 0 0.9659256 0.2588196 0 0.9659256 0.2588196 0 0 -1 0 0 -1 0 0 -1 0 0 -1 0 0 -1 0 0 -1 0 0 -1 0 0 -1 0 0 -1 0 0 -1 0 0 -1 0 0 -1 0 0 -1 0 0 -1 0 0 -1 0 0 -1 0 0 -1 0 0 -1 0 0 -1 0 0 -1 0 0 -1 0 0 -1 0 0 -1 0 0 -1 0 0 -1 0 0 -1 0 0 -1 0 0 -1 0 0 -1 0 0 -1 0 0 -1 0 0 -1 0 0 -1 0 0 -1 0 0 -1 0 0 -1 0 0 -1 0 0 -1 0 0 -1 0 0 -1 0 0 -1 0 0 -1 0 0 -1 0 0 -1 0 0 1 0 0 1 0 0 1 0 0 1 0 0 1 0 0 1 0 0 1 0 0 1 0 0 1 0 0 1 0 0 1 0 0 1 0 0 1 0 0 1 0 0 1 0 0 1 0 0 1 0 0 1 0 0 1 0 0 1 0 0 1 0 0 1 0 0 1 0 0 1 0 0 1 0 0 1 0 0 1 0 0 1 0 0 1 0 0 1 0 0 1 0 0 1 0 0 1 0 0 1 0 0 1 0 0 1 0 0 1 0 0 1 0 0 1 0 0 1 0 0 1 0 0 1 0 0 1 0 0 1 0 -0.3145469 0 -0.9492419 -0.9932383 0 -0.1160932 -0.8354876 0 -0.5495093 -0.7896799 0.01098048 -0.6134209 -0.8511168 0 -0.5249764 -0.9396926 0 -0.3420201 -0.9099845 0.009798109 -0.4145266 -0.9492421 0 -0.3145464 -0.4999993 0 -0.8660259 -0.4277816 0.01364016 -0.9037792 -0.5249801 0 -0.8511145 -0.6862418 0 -0.7273734 -0.6261432 0.01229882 -0.7796111 -0.7071101 0 -0.7071035 -0.2051371 0.01481038 -0.9786212 -0.2868072 0 -0.9579883 -0.08715158 0 -0.9961951 -0.05814349 0.003886938 -0.9983006 0.02907556 0 -0.9995772 0.1449341 0 -0.9894413 0.1736481 0.003808557 -0.9848004 0.2588175 0 -0.9659262 0.3692034 0 -0.9293486 0.3960785 0.003594756 -0.9182096 0.4746127 0 -0.8801947 0.573572 0 -0.8191552 0.5971525 0.003296315 -0.802121 0.664797 0 -0.7470241 0.747027 0 -0.6647937 0.7660445 0.002970218 -0.6427807 0.8191587 0 -0.573567 0.8802013 0 -0.4746006 0.8936291 0.002656936 -0.4487984 0.9293467 0 -0.369208 0.9659258 0 -0.2588192 0.9730419 0.002379536 -0.2306162 0.9894534 -2.29309e-6 -0.144851 0.9730446 0 -0.2306169 0.9519333 -0.009274959 -0.3061648 0.9793405 0 -0.2022181 1 0 0 0.9968535 -0.008364319 -0.07882338 0.9996818 -0.004186928 -0.02487587 0.7660478 0 -0.6427835 0.7128499 -0.01162719 -0.7012203 0.7844196 0 -0.6202305 0.8936324 0 -0.4488 0.8556693 -0.01036882 -0.5174192 0.9063076 0 -0.4226185 0.3960811 0 -0.9182155 0.3187734 -0.01425939 -0.9477236 0.4226181 0 -0.9063079 0.5971557 0 -0.8021253 0.5307058 -0.01297587 -0.8474568 0.6202354 0 -0.7844157 -0.05814349 -0.003867387 -0.9983008 -0.0290836 0 -0.9995769 0.1736494 0 -0.9848076 0.08846759 -0.0152601 -0.9959622 0.2022203 0 -0.97934 -0.2868053 -0.003715455 -0.9579817 -0.2588239 0 -0.9659245 -0.1449318 0 -0.9894417 -0.4999963 -0.003452479 -0.8660206 -0.4745953 0 -0.8802042 -0.3692077 0 -0.9293469 -0.6862385 -0.003133893 -0.7273699 -0.6647933 0 -0.7470274 -0.573587 0 -0.8191447 -0.8354843 -0.002809822 -0.5495071 -0.8191532 0 -0.5735748 -0.7470318 0 -0.6647884 -0.9396896 -0.002513051 -0.342019 -0.9293476 0 -0.369206 -0.8801984 0 -0.4746059 -0.9810087 0.008797347 -0.1937638 -0.9961946 0 -0.08715599 -0.9932385 0 0.1160922 0.9983131 4.30335e-6 -0.05805939 0.9999957 0.002934515 0 0.9983082 0 0.0581445 0.9730451 0 0.2306148 0.9730451 0 0.2306148 0.8936322 0 0.4487999 0.8936322 0 0.4487999 0.766044 0 0.6427882 0.766044 0 0.6427882 0.5971617 0 0.8021209 0.5971617 0 0.8021209 0.3960732 0 0.9182189 0.3960732 0 0.9182189 0.1736494 0 0.9848076 0.1736494 0 0.9848076 -0.05814397 0 0.9983082 -0.05814397 0 0.9983082 -0.2867987 0 0.9579909 -0.2867987 0 0.9579909 -0.4999993 0 0.8660258 -0.4999993 0 0.8660258 -0.6862419 0 0.7273735 -0.6862419 0 0.7273735 -0.8354876 0 0.5495094 -0.8354876 0 0.5495094 -0.9396926 0 0.3420201 -0.9396926 0 0.3420201 -0.9932385 0 0.1160922 -0.9932385 0 0.1160922 -0.9995769 0 -0.02908492 -0.9932358 -0.002257227 -0.1160929 -0.9894416 0 -0.1449323 -0.9659258 0 -0.2588194 0.9238509 -0.00793153 0.3826703 0.9238506 -0.007931411 0.3826711 0.7933259 -0.00793147 0.6087456 0.7933253 -0.007931351 0.6087463 0.6087462 -0.007931351 0.7933254 0.6087418 -0.007930517 0.7933288 0.382672 -0.007930397 0.9238502 0.3826732 -0.007930636 0.9238498 0.1305214 -0.007930576 0.9914138 0.1305293 -0.007931768 0.9914127 -0.1305214 -0.007931768 0.9914138 -0.1305292 -0.007930576 0.9914128 -0.3826719 -0.007930636 0.9238502 -0.3826732 -0.007930397 0.9238498 -0.6087463 -0.007930517 0.7933254 -0.6087418 -0.007931351 0.7933288 -0.7933259 -0.007931351 0.6087456 -0.7933255 -0.007931411 0.6087461 -0.9238509 -0.007931351 0.3826703 -0.9238505 -0.00793153 0.3826714 -0.9914136 -0.007931351 0.1305225 -0.9914137 -0.007931292 0.1305219 -0.9914138 -0.007931292 -0.1305211 -0.9914137 -0.007931172 -0.1305219 -0.9238493 -0.007930934 -0.382674 -0.9238505 -0.007931351 -0.3826714 -0.7933298 -0.007931411 -0.6087405 -0.7933294 -0.007931351 -0.608741 -0.6087395 -0.007931351 -0.7933305 -0.6087418 -0.007931768 -0.7933287 -0.3826719 -0.007931888 -0.9238503 -0.3826732 -0.007932066 -0.9238497 -0.1305214 -0.007932126 -0.9914137 -0.1305189 -0.007931768 -0.9914141 0.1305214 -0.007931768 -0.9914138 0.1305189 -0.007932126 -0.9914141 0.382672 -0.007932066 -0.9238502 0.3826732 -0.007931888 -0.9238497 0.6087394 -0.007931768 -0.7933306 0.6087418 -0.007931351 -0.7933288 0.7933299 -0.007931292 -0.6087403 0.7933292 -0.00793147 -0.6087412 0.9238494 -0.007931411 -0.382674 0.9238506 -0.007930934 -0.3826711 0.9914138 -0.007931172 -0.1305211 0.9914137 -0.007931292 -0.1305219 0.9914136 -0.007931292 0.1305225 0.9914137 -0.007931351 0.1305219 -0.9238509 0.00793153 0.3826703 -0.9238505 0.007931351 0.3826714 -0.7933259 0.007931411 0.6087456 -0.7933255 0.007931351 0.6087461 -0.6087463 0.007931351 0.7933254 -0.6087418 0.007930517 0.7933288 -0.3826719 0.007930397 0.9238503 -0.3826732 0.007930636 0.9238498 -0.1305214 0.007930576 0.9914138 -0.1305292 0.007931768 0.9914128 0.1305214 0.007931768 0.9914138 0.1305293 0.007930576 0.9914127 0.382672 0.007930636 0.9238502 0.3826732 0.007930397 0.9238498 0.6087462 0.007930517 0.7933254 0.6087418 0.007931351 0.7933288 0.7933259 0.007931351 0.6087456 0.7933253 0.00793147 0.6087463 0.9238509 0.007931411 0.3826702 0.9238506 0.00793153 0.3826711 0.9914136 0.007931351 0.1305225 0.9914137 0.007931292 0.1305219 0.9914138 0.007931292 -0.1305211 0.9914137 0.007931172 -0.1305219 0.9238493 0.007930934 -0.382674 0.9238506 0.007931411 -0.3826711 0.7933298 0.00793147 -0.6087404 0.7933292 0.007931292 -0.6087412 0.6087394 0.007931351 -0.7933306 0.6087418 0.007931768 -0.7933287 0.382672 0.007931888 -0.9238502 0.3826732 0.007932066 -0.9238497 0.1305214 0.007932126 -0.9914137 0.1305189 0.007931768 -0.9914141 -0.1305214 0.007931768 -0.9914138 -0.1305189 0.007932126 -0.9914141 -0.3826719 0.007932066 -0.9238502 -0.3826732 0.007931888 -0.9238497 -0.6087395 0.007931768 -0.7933305 -0.6087418 0.007931351 -0.7933288 -0.7933298 0.007931351 -0.6087405 -0.7933294 0.007931411 -0.608741 -0.9238494 0.007931351 -0.3826741 -0.9238505 0.007930934 -0.3826714 -0.9914138 0.007931172 -0.1305211 -0.9914137 0.007931292 -0.1305219 -0.9914136 0.007931292 0.1305225 -0.9914137 0.007931351 0.1305219 0.382672 0.9238502 -0.007930636 0.3826732 0.9238497 -0.007930397 0.6087462 0.7933254 -0.007930517 0.6087418 0.7933288 -0.007931351 0.7933259 0.6087456 -0.007931351 0.7933292 0.6087412 -0.007930517 0.9238509 0.3826702 -0.007930815 0.9238506 0.3826711 -0.007930934 0.9914136 0.1305225 -0.007931172 0.9914135 0.1305233 -0.007931292 0.9914138 -0.1305211 -0.007931292 0.9914137 -0.1305219 -0.007931172 0.9238509 -0.3826703 -0.007930934 0.9238506 -0.3826711 -0.007930815 0.7933259 -0.6087456 -0.007930517 0.7933292 -0.6087412 -0.007931292 0.6087462 -0.7933254 -0.007931351 0.6087418 -0.7933288 -0.007930517 0.382672 -0.9238502 -0.007930397 0.3826732 -0.9238497 -0.007930636 0.1305214 -0.9914137 -0.007930576 0.1305189 -0.9914141 -0.007930219 -0.1305214 -0.9914137 -0.007930219 -0.1305188 -0.9914141 -0.007930576 -0.3826719 -0.9238502 -0.007930636 -0.3826732 -0.9238497 -0.007930397 -0.6087463 -0.7933254 -0.007930517 -0.6087418 -0.7933288 -0.007931351 -0.7933259 -0.6087456 -0.007931351 -0.7933294 -0.608741 -0.007930457 -0.9238509 -0.3826703 -0.007930755 -0.9238505 -0.3826714 -0.007930934 -0.9914138 -0.1305211 -0.007931172 -0.9914137 -0.1305219 -0.007931292 -0.9914136 0.1305225 -0.007931292 -0.9914135 0.1305233 -0.007931172 -0.9238509 0.3826703 -0.007930934 -0.9238505 0.3826714 -0.007930755 -0.7933259 0.6087456 -0.007930457 -0.7933294 0.608741 -0.007931351 -0.6087463 0.7933254 -0.007931351 -0.6087418 0.7933288 -0.007930517 -0.3826719 0.9238503 -0.007930397 -0.3826732 0.9238497 -0.007930636 -0.1305214 0.9914137 -0.007930576 -0.1305189 0.9914141 -0.007930219 0.1305214 0.9914138 -0.007930219 0.1305189 0.9914141 -0.007930576 0 0 -1 0 0 -1 0 0 -1 0 0 -1 0 0 -1 0 0 -1 0 0 -1 0 0 -1 0 0 -1 0 0 -1 0 0 -1 0 0 -1 0 0 -1 0 0 -1 0 0 -1 0 0 -1 0 0 -1 0 0 -1 0 0 -1 0 0 -1 0 0 -1 0 0 -1 0 0 -1 0 0 -1 0 0 -1 0 0 -1 0 0 -1 0 0 -1 0 0 -1 0 0 -1 0 0 -1 0 0 -1 0 0 -1 0 0 -1 0 0 -1 0 0 -1 0 0 -1 0 0 -1 0 0 -1 0 0 -1 0 0 -1 0 0 -1 0 0 -1 0 0 -1 0 0 -1 0 0 -1 0 0 -1 0 0 -1 0 0 -1 0 0 -1 0 0 -1 0.1449341 0.9894413 0 -0.2588123 -0.9659276 0 -0.9983082 0.05814427 0 -0.9848077 -0.1736487 0 -0.9681072 -0.2503737 -0.009030222 -0.9894415 -0.1449323 0 -0.8021221 -0.59716 0 -0.7525538 -0.6584339 -0.01130127 -0.8191533 -0.5735748 0 -0.9182156 -0.3960809 0 -0.8843294 -0.4667546 -0.01007878 -0.9293476 -0.369206 0 -0.4488031 -0.8936307 0 -0.3739556 -0.9273416 -0.01395636 -0.4746049 -0.8801989 0 -0.6427878 -0.7660441 0 -0.5794395 -0.8149172 -0.01263839 -0.6648002 -0.7470213 0 -0.1470731 -0.9890111 -0.01504927 -0.2306107 -0.9730461 0 -0.029096 -0.9995766 0 0 -0.9999925 -0.003883838 0.08718925 -0.9961917 0 0.2022084 -0.9793426 0 0.2306091 -0.9730392 -0.003766596 0.3145509 -0.9492406 0 0.4226181 -0.9063078 0 0.4488002 -0.8936251 -0.003525793 0.5249909 -0.8511078 0 0.6202354 -0.7844158 0 0.6427846 -0.7660403 -0.003215312 0.707108 -0.7071056 0 0.7844148 -0.6202365 0 0.8021188 -0.5971575 -0.002889275 0.8511152 -0.5249789 0 0.9063076 -0.4226185 0 0.9182125 -0.3960795 -0.002583682 0.9492416 -0.3145478 0 0.9793405 -0.2022181 0 0.984805 -0.1736482 -0.002317011 0.9961969 -0.08713096 6.70688e-7 0.9579894 0.2868037 0 0.9989447 0.01452934 -0.04357075 0.9995786 0.02902686 -1.90619e-6 0.99061 0.1364498 -0.008568167 0.9983082 0.05814456 0 0.9659258 0.2588192 0 0.9325385 0.360945 -0.00953114 0.727371 0.6862444 0 0.6706674 0.7416617 -0.01195889 0.7470214 0.6647999 0 0.8660265 0.499998 0 0.8240932 0.5663537 -0.01066845 0.8802012 0.4746006 0 0.3420259 0.9396905 0 0.2624253 0.9648427 -0.014548 0.3692141 0.9293444 0 0.5495083 0.8354883 0 0.4800937 0.8771162 -0.01331204 0.5735803 0.8191494 0 0.02952075 0.999445 -0.01543694 0.1160923 0.9932384 0 -0.08716386 0.996194 0 -0.1160915 0.9932311 -0.003841459 -0.2021918 0.9793459 0 -0.3145469 0.9492419 0 -0.3420236 0.9396842 -0.003658473 -0.4226336 0.9063006 0 -0.5249711 0.85112 0 -0.5495052 0.8354834 -0.003375887 -0.6202471 0.7844066 0 -0.7071039 0.7071096 0 -0.7273676 0.6862413 -0.003051578 -0.784414 0.6202376 0 -0.8511167 0.5249764 0 -0.8660233 0.4999961 -0.002732694 -0.9063109 0.4226117 0 -0.9492422 0.3145465 0 -0.9579865 0.2868031 -0.002445042 -0.9793408 0.2022168 0 -0.9983082 0.05814433 0 -0.9978815 0.02913379 -0.05816936 0 -1 0 0 -1 0 0 -1 0 0 -1 0 0 -1 0 0 -1 0 0 -1 0 0 -1 0 0 -1 0 0 -1 0 0 -1 0 0 -1 0 0 -1 0 0 -1 0 0 -1 0 0 -1 0 0 -1 0 0 -1 0 0 -1 0 0 -1 0 0 -1 0 0 -1 0 0 -1 0 0 -1 0 0 -1 0 0 -1 0 0 -1 0 0 -1 0 0 -1 0 0 -1 0 0 -1 0 0 -1 0 0 -1 0 0 -1 0 0 -1 0 0 -1 0 0 -1 0 0 -1 0 0 -1 0 0 -1 0 0 -1 0 0 -1 0 0 -1 0 0 -1 0 0 -1 0 0 -1 0 0 -1 0 0 -1 0 0 -1 0 0 -1 0 0 -1 0 0 1 0 0 1 0 0 1 0 0 1 0 0 1 0 0 1 0 0 1 0 0 1 0 0 1 0 0 1 0 0 1 0 0 1 0 0 1 0 0 1 0 0 1 0 0 1 0 0 1 0 0 1 0 0 1 0 0 1 0 0 1 0 0 1 0 0 1 0 0 1 0 0 1 0 0 1 0 0 1 0 0 1 0 0 1 0 0 1 0 0 1 0 0 1 0 0 1 0 0 1 0 0 1 0 0 1 0 0 1 0 0 1 0 0 1 0 0 1 0 0 1 0 0 1 0 0 1 0 0 1 0 0 1 0 0 1 0 0 1 0 0 1 0 0 1 0 0 1 0 0 1 0 0 0 -1 0 0 -1 0 0 -1 0 0 -1 0 0 -1 0 0 -1 0 0 -1 0 0 -1 0 0 -1 0 0 -1 0 0 -1 0 0 -1 0 0 -1 0 0 -1 0 0 -1 0 0 -1 0 0 -1 0 0 -1 0 0 -1 0 0 -1 0 0 -1 0 0 -1 0 0 -1 0 0 -1 0 0 -1 0 0 -1 0 0 -1 0 0 -1 0 0 -1 0 0 -1 0 0 -1 0 0 -1 0 0 -1 0 0 -1 0 0 -1 0 0 -1 0 0 -1 0 0 -1 0 0 -1 0 0 -1 0 0 -1 0 0 -1 0 0 -1 0 0 -1 0.9876884 0 0.1564342 0.8910059 0 0.4539918 0.8608759 0.01908242 0.5084571 0.9238772 0 0.382689 0.4539908 0 0.8910064 0.3936437 0.03161317 0.9187194 0.5224965 0 0.8526414 0.7071086 0 0.7071049 0.6612804 0.02450299 0.7497385 0.7604024 0 0.6494523 -0.1564041 0.0198487 0.9874937 -0.07847517 0 0.9969161 0.156435 0 0.9876883 0.08144962 0.03879213 0.9959223 0.2334311 0 0.9723733 -0.4539238 0.01717478 0.890875 -0.3826867 0 0.9238782 -0.2334311 0 0.9723733 -0.7070427 0.01366752 0.7070387 -0.6494575 0 0.7603978 -0.5224962 0 0.8526416 -0.8909552 0.01066976 0.4539659 -0.8526428 0 0.5224944 -0.7604023 0 0.6494522 -0.9876883 0 -0.1564344 -0.9969173 0 0.07846003 -0.9876528 0.008482754 0.1564288 -0.9723706 0 0.2334426 -0.9238772 0 0.382689 -0.9876883 0 0.1564344 -0.8910059 0 0.4539918 -0.8608759 -0.01908242 0.5084571 -0.9238772 0 0.3826891 -0.4539908 0 0.8910064 -0.3936437 -0.03161311 0.9187194 -0.5224962 0 0.8526416 -0.7071087 0 0.7071048 -0.6612805 -0.02450299 0.7497383 -0.7604024 0 0.6494523 0.1564041 -0.0198487 0.9874937 0.07847517 0 0.9969161 -0.156435 0 0.9876883 -0.08144962 -0.03879213 0.9959223 -0.2334311 0 0.9723733 0.4539239 -0.01717483 0.8908749 0.3826867 0 0.9238782 0.2334311 0 0.9723733 0.7070426 -0.01366752 0.7070389 0.6494573 0 0.760398 0.5224965 0 0.8526414 0.8909552 -0.01066976 0.4539659 0.8526428 0 0.5224944 0.7604023 0 0.6494522 0.9876884 0 -0.1564342 0.9969173 0 0.07845968 0.9876528 -0.008482754 0.1564286 0.9723706 0 0.2334426 0.9238772 0 0.3826891 0.9756259 0.0153191 0.218905 0.9969173 0 0.07845968 0.9876883 0 -0.1564342 0.9876884 0 -0.1564342 0.8910084 0 -0.4539869 0.8910084 0 -0.4539869 0.7071026 0 -0.7071109 0.7071026 0 -0.7071109 0.4539909 0 -0.8910063 0.4539909 0 -0.8910063 0.156435 0 -0.9876883 0.156435 0 -0.9876883 -0.156435 0 -0.9876883 -0.156435 0 -0.9876883 -0.4539908 0 -0.8910064 -0.4539908 0 -0.8910064 -0.7071027 0 -0.7071108 -0.7071027 0 -0.7071108 -0.8910084 0 -0.4539869 -0.8910084 0 -0.4539869 -0.9876883 0 -0.1564344 -0.9876884 0 -0.1564344 -0.9969173 0 0.07846003 -0.9756258 -0.01531904 0.2189054 -0.2334538 0.972368 0 -0.8910059 0.4539918 0 -0.9756259 0.218905 0.01531904 -0.9876884 0.1564344 0 -0.9238772 0.382689 0 -0.8608759 0.5084571 0.01908242 -0.4539908 0.8910064 0 -0.3936271 0.9187262 0.03162181 -0.5225138 0.8526309 0 -0.7071027 0.7071108 0 -0.6612688 0.7497487 0.02450567 -0.7604024 0.6494523 0 -0.08142757 0.9959236 0.03880369 -0.156435 0.9876883 0 0.07845127 0.9969179 0 0.1564041 0.9874935 0.01985472 0.2334538 0.972368 0 0.3826662 0.9238867 0 0.4539238 0.8908748 0.01717948 0.522514 0.8526308 0 0.6494435 0.7604099 0 0.7070366 0.7070448 0.01366901 0.7604023 0.6494522 0 0.8526428 0.5224944 0 0.8909552 0.4539659 0.01066976 0.9238772 0.382689 0 0.9723706 0.2334426 0 0.9876528 0.1564286 0.008482754 0.9969173 0.07845968 0 0.8910084 -0.4539869 0 0.8608765 -0.508456 0.01908391 0.9238808 -0.3826805 0 0.9876884 -0.1564342 0 0.9756249 -0.2189092 0.01532012 0.9969175 -0.07845777 0 0.4539909 -0.8910064 0 0.3936271 -0.9187262 0.03162187 0.5225141 -0.8526307 0 0.7071027 -0.707111 0 0.6612686 -0.7497488 0.02450573 0.7604024 -0.6494523 0 -0.1564041 -0.9874935 0.01985472 -0.07845127 -0.996918 0 0.156435 -0.9876883 0 0.08142757 -0.9959236 0.03880369 0.2334538 -0.972368 0 -0.4539238 -0.8908749 0.01717948 -0.3826662 -0.9238867 0 -0.2334538 -0.972368 0 -0.7070367 -0.7070448 0.01366895 -0.6494437 -0.7604098 0 -0.5225137 -0.8526309 0 -0.8909576 -0.453961 0.01067054 -0.8526428 -0.5224944 0 -0.7604023 -0.6494522 0 -0.9969173 0.07846003 0 -0.9969174 -0.07845818 0 -0.9876528 -0.1564288 0.008483171 -0.9723693 -0.2334481 0 -0.9238808 -0.3826805 0 0 0 1 0 0 1 0 0 1 0 0 1 0 0 1 0 0 1 0 0 1 0 0 1 0 0 1 0 0 1 0 0 1 0 0 1 0 0 1 0 0 1 0 0 1 0 0 1 0 0 1 0 0 1 0 0 1 0 0 1 0 0 1 0 0 1 0 0 1 0 0 1 0 0 1 0 0 1 0 0 -1 0 0 -1 0 0 -1 0 0 -1 0 0 -1 0 0 -1 0 0 -1 0 0 -1 0 0 -1 0 0 -1 0 0 -1 0 0 -1 0 0 -1 0 0 -1 0 0 -1 0 0 -1 0 0 -1 0 0 -1 0 0 -1 0 0 -1 0 0 -1 0 0 -1 0 0 -1 0 0 -1 0 0 -1 0 0 -1 -0.1440206 -0.9895747 0 -0.3766553 -0.9263535 0 -0.3766553 -0.9263535 0 -0.6806696 -0.7325905 0 -0.6806696 -0.7325905 0 -0.9431539 -0.3323563 0 -0.9431539 -0.3323563 0 -0.9895748 0.1440197 0 -0.9895748 0.1440197 0 -0.8092958 0.5874012 0 -0.8092958 0.5874012 0 -0.4436169 0.8962165 0 -0.4436169 0.8962165 0 0.02368634 0.9997195 0 0.02368634 0.9997195 0 0.4855685 0.8741986 0 0.4855685 0.8741986 0 0.8362103 0.548409 0 0.8362103 0.548409 0 0.9952858 0.09698605 0 0.9952858 0.09698605 0 0.9263538 -0.3766545 0 0.9263538 -0.3766545 0 0.6452035 -0.7640107 0 0.6452035 -0.7640107 0 0.2162494 -0.9763382 0 0.2162494 -0.9763382 0 -0.1440206 -0.9895747 0 -0.5030748 -0.8642428 0 -0.5030748 -0.8642428 0 -0.8677966 -0.4969196 0 -0.8677966 -0.4969196 0 -0.9999937 0.003553092 0 -0.9999937 0.003553092 0 -0.8642441 0.5030729 0 -0.8642441 0.5030729 0 -0.4969204 0.8677961 0 -0.4969204 0.8677961 0 0.003555297 0.9999937 0 0.003555297 0.9999937 0 0.5030749 0.8642428 0 0.5030749 0.8642428 0 0.8677967 0.4969195 0 0.8677967 0.4969195 0 0.9999937 -0.003553092 0 0.9999937 -0.003553092 0 0.864243 -0.5030746 0 0.864243 -0.5030746 0 0.4969203 -0.8677961 0 0.4969203 -0.8677961 0 -0.003550887 -0.9999937 0 -0.003550887 -0.9999937 0 0 -1 0 0 -1 0 0 -1 0 0 -1 0 0 -1 0 0 -1 0 0 -1 0 0 -1 0 0 -1 0 0 -1 0 0 -1 0 0 -1 0 0 -1 0 0 -1 0 0 -1 0 0 -1 0 0 -1 0 0 -1 0 0 -1 0 0 -1 0 0 -1 0 0 -1 0 0 -1 0 0 -1 0 0 -1 0 0 -1 0 0 -1 0 0 -1 0 0 -1 0 0 -1 0 0 -1 0 0 -1 0 0 -1 0 0 -1 0 0 -1 0 0 -1 0 0 -1 0 0 -1 0 0 -1 0 0 -1 0 0 -1 0 0 -1 0 0 -1 0 0 -1 0 0 1 0 0 1 0 0 1 0 0 1 0 0 1 0 0 1 0 0 1 0 0 1 0 0 1 0 0 1 0 0 1 0 0 1 0 0 1 0 0 1 0 0 1 0 0 1 0 0 1 0 0 1 0 0 1 0 0 1 0 0 1 0 0 1 0 0 1 0 0 1 0 0 1 0 0 1 0 0 1 0 0 1 0 0 1 0 0 1 0 0 1 0 0 1 0 0 1 0 0 1 0 0 1 0 0 1 0 0 1 0 0 1 0 0 1 0 0 1 0 0 1 0 0 1 0 0 1 0 0 1 0 -0.3145469 0 -0.9492419 -0.9932383 0 -0.1160932 -0.8354876 0 -0.5495093 -0.7896799 0.01098048 -0.6134209 -0.8511168 0 -0.5249764 -0.9396926 0 -0.3420201 -0.9099844 0.009798109 -0.4145269 -0.9492421 0 -0.3145464 -0.4999993 0 -0.8660259 -0.4277811 0.01364022 -0.9037795 -0.5249801 0 -0.8511145 -0.6862418 0 -0.7273734 -0.6261429 0.01229888 -0.7796114 -0.7071101 0 -0.7071035 -0.2051376 0.01481032 -0.9786211 -0.2868072 0 -0.9579883 -0.08715158 0 -0.996195 -0.05814349 0.003886938 -0.9983006 0.02907556 0 -0.9995772 0.1449341 0 -0.9894413 0.1736481 0.003808557 -0.9848004 0.2588175 0 -0.9659262 0.3692034 0 -0.9293486 0.3960785 0.003594756 -0.9182096 0.4746127 0 -0.8801947 0.573572 0 -0.8191552 0.5971524 0.003296315 -0.802121 0.664797 0 -0.7470241 0.747027 0 -0.6647938 0.7660445 0.002970218 -0.6427807 0.8191587 0 -0.573567 0.8802013 0 -0.4746006 0.8936291 0.002656936 -0.4487983 0.9293467 0 -0.369208 0.9659258 0 -0.2588192 0.9730419 0.002379536 -0.2306162 0.9894534 -2.29309e-6 -0.144851 0.9730446 0 -0.2306169 0.9519335 -0.009274899 -0.3061645 0.9793405 0 -0.2022181 1 0 0 0.9968535 -0.008364319 -0.07882338 0.9996818 -0.004186928 -0.02487587 0.7660478 0 -0.6427835 0.7128499 -0.01162725 -0.7012202 0.7844196 0 -0.6202305 0.8936323 0 -0.4487999 0.8556693 -0.01036882 -0.5174192 0.9063077 0 -0.4226185 0.3960811 0 -0.9182155 0.318773 -0.01425951 -0.9477239 0.4226181 0 -0.9063079 0.5971557 0 -0.8021253 0.5307059 -0.01297593 -0.8474568 0.6202354 0 -0.7844158 -0.05814349 -0.003867387 -0.9983008 -0.02908354 0 -0.9995769 0.1736494 0 -0.9848076 0.08846706 -0.01526021 -0.9959622 0.2022203 0 -0.97934 -0.2868053 -0.003715455 -0.9579817 -0.2588239 0 -0.9659245 -0.1449318 0 -0.9894417 -0.4999963 -0.003452539 -0.8660206 -0.4745953 0 -0.8802042 -0.3692077 0 -0.9293469 -0.6862385 -0.003133893 -0.7273699 -0.6647933 0 -0.7470274 -0.573587 0 -0.8191447 -0.8354843 -0.002809822 -0.5495071 -0.8191532 0 -0.5735748 -0.7470318 0 -0.6647884 -0.9396896 -0.002513051 -0.342019 -0.9293476 0 -0.369206 -0.8801984 0 -0.4746059 -0.9810087 0.008797347 -0.1937638 -0.9961946 0 -0.08715599 -0.9932385 0 0.1160922 0.9983131 4.30335e-6 -0.05805939 0.9999957 0.002934515 0 0.9983082 0 0.0581445 0.9730451 0 0.2306148 0.9730451 0 0.2306148 0.8936323 0 0.4488 0.8936323 0 0.4488 0.766044 0 0.6427881 0.766044 0 0.6427881 0.5971617 0 0.8021209 0.5971617 0 0.8021209 0.3960733 0 0.9182189 0.3960733 0 0.9182189 0.1736494 0 0.9848076 0.1736494 0 0.9848076 -0.05814397 0 0.9983082 -0.05814397 0 0.9983082 -0.2867987 0 0.9579909 -0.2867987 0 0.9579909 -0.4999993 0 0.8660258 -0.4999993 0 0.8660258 -0.6862419 0 0.7273735 -0.6862419 0 0.7273735 -0.8354876 0 0.5495093 -0.8354876 0 0.5495093 -0.9396927 0 0.3420201 -0.9396927 0 0.3420201 -0.9932385 0 0.1160922 -0.9932385 0 0.1160922 -0.9995769 0 -0.02908492 -0.9932358 -0.002257227 -0.1160929 -0.9894416 0 -0.1449323 -0.9659258 0 -0.2588194 0.9238509 -0.00793153 0.3826703 0.9238506 -0.007931411 0.3826711 0.7933259 -0.00793147 0.6087456 0.7933253 -0.007931351 0.6087463 0.6087462 -0.007931351 0.7933254 0.6087418 -0.007930517 0.7933288 0.382672 -0.007930397 0.9238502 0.3826732 -0.007930636 0.9238498 0.1305214 -0.007930576 0.9914138 0.1305293 -0.007931768 0.9914127 -0.1305214 -0.007931768 0.9914138 -0.1305292 -0.007930576 0.9914128 -0.3826719 -0.007930636 0.9238502 -0.3826732 -0.007930397 0.9238498 -0.6087463 -0.007930517 0.7933254 -0.6087418 -0.007931351 0.7933288 -0.7933259 -0.007931351 0.6087456 -0.7933255 -0.007931411 0.6087461 -0.9238509 -0.007931351 0.3826703 -0.9238505 -0.00793153 0.3826714 -0.9914136 -0.007931351 0.1305225 -0.9914137 -0.007931292 0.1305219 -0.9914138 -0.007931292 -0.1305211 -0.9914137 -0.007931172 -0.1305219 -0.9238493 -0.007930934 -0.382674 -0.9238505 -0.007931351 -0.3826714 -0.7933298 -0.007931411 -0.6087405 -0.7933294 -0.007931351 -0.608741 -0.6087395 -0.007931351 -0.7933305 -0.6087418 -0.007931768 -0.7933287 -0.3826719 -0.007931888 -0.9238503 -0.3826732 -0.007932066 -0.9238497 -0.1305214 -0.007932126 -0.9914137 -0.1305189 -0.007931768 -0.9914141 0.1305214 -0.007931768 -0.9914138 0.1305189 -0.007932126 -0.9914141 0.382672 -0.007932066 -0.9238502 0.3826732 -0.007931888 -0.9238497 0.6087394 -0.007931768 -0.7933306 0.6087418 -0.007931351 -0.7933288 0.7933299 -0.007931292 -0.6087403 0.7933292 -0.00793147 -0.6087412 0.9238494 -0.007931411 -0.382674 0.9238506 -0.007930934 -0.3826711 0.9914138 -0.007931172 -0.1305211 0.9914137 -0.007931292 -0.1305219 0.9914136 -0.007931292 0.1305225 0.9914137 -0.007931351 0.1305219 -0.9238509 0.00793153 0.3826703 -0.9238505 0.007931351 0.3826714 -0.7933259 0.007931411 0.6087456 -0.7933255 0.007931351 0.6087461 -0.6087463 0.007931351 0.7933254 -0.6087418 0.007930517 0.7933288 -0.3826719 0.007930397 0.9238503 -0.3826732 0.007930636 0.9238498 -0.1305214 0.007930576 0.9914138 -0.1305292 0.007931768 0.9914128 0.1305214 0.007931768 0.9914138 0.1305293 0.007930576 0.9914127 0.382672 0.007930636 0.9238502 0.3826732 0.007930397 0.9238498 0.6087462 0.007930517 0.7933254 0.6087418 0.007931351 0.7933288 0.7933259 0.007931351 0.6087456 0.7933253 0.00793147 0.6087463 0.9238509 0.007931411 0.3826702 0.9238506 0.00793153 0.3826711 0.9914136 0.007931351 0.1305225 0.9914137 0.007931292 0.1305219 0.9914138 0.007931292 -0.1305211 0.9914137 0.007931172 -0.1305219 0.9238493 0.007930934 -0.382674 0.9238506 0.007931411 -0.3826711 0.7933298 0.00793147 -0.6087404 0.7933292 0.007931292 -0.6087412 0.6087394 0.007931351 -0.7933306 0.6087418 0.007931768 -0.7933287 0.382672 0.007931888 -0.9238502 0.3826732 0.007932066 -0.9238497 0.1305214 0.007932126 -0.9914137 0.1305189 0.007931768 -0.9914141 -0.1305214 0.007931768 -0.9914138 -0.1305189 0.007932126 -0.9914141 -0.3826719 0.007932066 -0.9238502 -0.3826732 0.007931888 -0.9238497 -0.6087395 0.007931768 -0.7933305 -0.6087418 0.007931351 -0.7933288 -0.7933298 0.007931351 -0.6087405 -0.7933294 0.007931411 -0.608741 -0.9238494 0.007931351 -0.3826741 -0.9238505 0.007930934 -0.3826714 -0.9914138 0.007931172 -0.1305211 -0.9914137 0.007931292 -0.1305219 -0.9914136 0.007931292 0.1305225 -0.9914137 0.007931351 0.1305219 0.382672 0.9238502 -0.007932066 0.3826732 0.9238497 -0.007931888 0.6087394 0.7933306 -0.007931768 0.6087418 0.7933288 -0.007931351 0.7933299 0.6087403 -0.007931292 0.7933292 0.6087412 -0.00793147 0.9238509 0.3826702 -0.007931411 0.9238506 0.3826711 -0.00793153 0.9914136 0.1305225 -0.007931351 0.9914137 0.1305219 -0.007931292 0.9914136 -0.1305225 -0.007931292 0.9914137 -0.1305219 -0.007931351 0.9238509 -0.3826703 -0.00793153 0.9238506 -0.3826711 -0.007931411 0.7933298 -0.6087404 -0.00793147 0.7933253 -0.6087463 -0.007930397 0.6087394 -0.7933306 -0.007930099 0.6087485 -0.7933236 -0.007931768 0.382672 -0.9238502 -0.007931888 0.3826642 -0.9238535 -0.007930636 0.1305214 -0.9914137 -0.007930576 0.1305293 -0.9914127 -0.007931768 -0.1305214 -0.9914137 -0.007931768 -0.1305292 -0.9914128 -0.007930576 -0.3826719 -0.9238502 -0.007930636 -0.3826642 -0.9238535 -0.007931888 -0.6087395 -0.7933305 -0.007931768 -0.6087485 -0.7933236 -0.007930099 -0.7933298 -0.6087405 -0.007930397 -0.7933255 -0.6087461 -0.007931411 -0.9238509 -0.3826703 -0.007931351 -0.9238505 -0.3826714 -0.00793153 -0.9914136 -0.1305225 -0.007931351 -0.9914137 -0.1305219 -0.007931292 -0.9914136 0.1305225 -0.007931292 -0.9914137 0.1305219 -0.007931351 -0.9238509 0.3826703 -0.00793153 -0.9238505 0.3826714 -0.007931351 -0.7933298 0.6087405 -0.007931411 -0.7933294 0.608741 -0.007931351 -0.6087395 0.7933305 -0.007931351 -0.6087418 0.7933288 -0.007931768 -0.3826719 0.9238503 -0.007931888 -0.3826732 0.9238497 -0.007932066 -0.1305214 0.9914137 -0.007932126 -0.1305188 0.9914141 -0.007931768 0.1305214 0.9914138 -0.007931768 0.1305189 0.9914141 -0.007932126 0 0 -1 0 0 -1 0 0 -1 0 0 -1 0 0 -1 0 0 -1 0 0 -1 0 0 -1 0 0 -1 0 0 -1 0 0 -1 0 0 -1 0 0 -1 0 0 -1 0 0 -1 0 0 -1 0 0 -1 0 0 -1 0 0 -1 0 0 -1 0 0 -1 0 0 -1 0 0 -1 0 0 -1 0 0 -1 0 0 -1 0 0 -1 0 0 -1 0 0 -1 0 0 -1 0 0 -1 0 0 -1 0 0 -1 0 0 -1 0 0 -1 0 0 -1 0 0 -1 0 0 -1 0 0 -1 0 0 -1 0 0 -1 0 0 -1 0 0 -1 0 0 -1 0 0 -1 0 0 -1 0 0 -1 0 0 -1 0 0 -1 0 0 -1 0 0 -1 0.1449341 0.9894413 0 -0.2588123 -0.9659276 0 -0.9983082 0.05814486 0 -0.9848077 -0.1736487 0 -0.9681072 -0.2503737 -0.009030222 -0.9894415 -0.1449323 0 -0.8021221 -0.59716 0 -0.7525538 -0.6584339 -0.01130127 -0.8191533 -0.5735748 0 -0.9182171 -0.3960775 0 -0.8843369 -0.4667404 -0.01007729 -0.9293476 -0.369206 0 -0.4488031 -0.8936307 0 -0.3739556 -0.9273416 -0.01395636 -0.4746049 -0.8801989 0 -0.6427878 -0.7660441 0 -0.5794622 -0.8149012 -0.01263403 -0.6647933 -0.7470274 0 -0.1470731 -0.9890111 -0.01504927 -0.2306107 -0.9730461 0 -0.0290836 -0.999577 0 0 -0.9999925 -0.003882229 0.08715236 -0.996195 0 0.2022203 -0.97934 0 0.2306091 -0.9730392 -0.003765046 0.3145174 -0.9492517 0 0.4226181 -0.9063078 0 0.4488002 -0.8936251 -0.003525793 0.5249909 -0.8511078 0 0.6202354 -0.7844158 0 0.6427846 -0.7660403 -0.003215312 0.707108 -0.7071056 0 0.7844148 -0.6202365 0 0.8021188 -0.5971575 -0.002889275 0.8511152 -0.5249789 0 0.9063076 -0.4226185 0 0.9182141 -0.3960762 -0.00258404 0.9492453 -0.3145368 0 0.9793405 -0.2022181 0 0.984805 -0.1736482 -0.002317011 0.9961969 -0.08713096 6.70688e-7 0.9579901 0.2868012 0 0.9989447 0.01452934 -0.04357075 0.9995786 0.02902686 -1.90619e-6 0.9906093 0.1364545 -0.008568584 0.9983082 0.05814516 0 0.9659258 0.2588192 0 0.932543 0.3609334 -0.009530007 0.7273755 0.6862398 0 0.670668 0.7416613 -0.01195985 0.747027 0.6647938 0 0.8660242 0.500002 0 0.8240822 0.5663697 -0.01067036 0.8802012 0.4746006 0 0.3420177 0.9396935 0 0.262425 0.9648428 -0.01454651 0.3692034 0.9293486 0 0.5495083 0.8354883 0 0.4801203 0.8771017 -0.01330703 0.573572 0.8191552 0 0.02952075 0.999445 -0.01543694 0.1160923 0.9932384 0 -0.08715158 0.996195 0 -0.1160915 0.9932311 -0.003843128 -0.2022275 0.9793385 0 -0.3145469 0.9492419 0 -0.3420153 0.9396873 -0.0036574 -0.4226031 0.9063149 0 -0.5249801 0.8511145 0 -0.5495052 0.8354835 -0.003374695 -0.6202242 0.7844246 0 -0.7071101 0.7071035 0 -0.7273721 0.6862366 -0.00305134 -0.784414 0.6202376 0 -0.8511167 0.5249764 0 -0.866021 0.5000002 -0.002732276 -0.9063042 0.4226259 0 -0.9492434 0.3145427 0 -0.9579873 0.2868006 -0.002444982 -0.9793408 0.2022168 0 -0.9983083 0.05814486 0 -0.9978815 0.02913397 -0.05816954 0 -1 0 0 -1 0 0 -1 0 0 -1 0 0 -1 0 0 -1 0 0 -1 0 0 -1 0 0 -1 0 0 -1 0 0 -1 0 0 -1 0 0 -1 0 0 -1 0 0 -1 0 0 -1 0 0 -1 0 0 -1 0 0 -1 0 0 -1 0 0 -1 0 0 -1 0 0 -1 0 0 -1 0 0 -1 0 0 -1 0 0 -1 0 0 -1 0 0 -1 0 0 -1 0 0 -1 0 0 -1 0 0 -1 0 0 -1 0 0 -1 0 0 -1 0 0 -1 0 0 -1 0 0 -1 0 0 -1 0 0 -1 0 0 -1 0 0 -1 0 0 -1 0 0 -1 0 0 -1 0 0 -1 0 0 -1 0 0 -1 0 0 -1 0 0 -1 0 0 1 0 0 1 0 0 1 0 0 1 0 0 1 0 0 1 0 0 1 0 0 1 0 0 1 0 0 1 0 0 1 0 0 1 0 0 1 0 0 1 0 0 1 0 0 1 0 0 1 0 0 1 0 0 1 0 0 1 0 0 1 0 0 1 0 0 1 0 0 1 0 0 1 0 0 1 0 0 1 0 0 1 0 0 1 0 0 1 0 0 1 0 0 1 0 0 1 0 0 1 0 0 1 0 0 1 0 0 1 0 0 1 0 0 1 0 0 1 0 0 1 0 0 1 0 0 1 0 0 1 0 0 1 0 0 1 0 0 1 0 0 1 0 0 1 0 0 1 0 0 1 0 0 0 -1 0 0 -1 0 0 -1 0 0 -1 0 0 -1 0 0 -1 0 0 -1 0 0 -1 0 0 -1 0 0 -1 0 0 -1 0 0 -1 0 0 -1 0 0 -1 0 0 -1 0 0 -1 0 0 -1 0 0 -1 0 0 -1 0 0 -1 0 0 -1 0 0 -1 0 0 -1 0 0 -1 0 0 -1 0 0 -1 0 0 -1 0 0 -1 0 0 -1 0 0 -1 0 0 -1 0 0 -1 0 0 -1 0 0 -1 0 0 -1 0 0 -1 0 0 -1 0 0 -1 0 0 -1 0 0 -1 0 0 -1 0 0 -1 0 0 -1 0 0 -1 0.9876884 0 0.1564342 0.8910059 0 0.4539918 0.8608757 0.01908254 0.5084574 0.9238772 0 0.382689 0.4539909 0 0.8910064 0.3936443 0.03161299 0.9187191 0.5224965 0 0.8526414 0.7071087 0 0.7071049 0.6612804 0.02450311 0.7497385 0.7604023 0 0.6494522 -0.1564041 0.01984882 0.9874937 -0.07847517 0 0.9969161 0.156435 0 0.9876883 0.08144962 0.03879237 0.9959223 0.2334311 0 0.9723734 -0.4539238 0.01717478 0.890875 -0.3826867 0 0.9238782 -0.2334311 0 0.9723734 -0.7070428 0.01366752 0.7070388 -0.6494575 0 0.7603979 -0.5224962 0 0.8526417 -0.8909552 0.01066982 0.4539659 -0.8526428 0 0.5224943 -0.7604023 0 0.6494522 -0.9876883 0 -0.1564344 -0.9969173 0 0.07846003 -0.9876528 0.008482754 0.1564288 -0.9723706 0 0.2334426 -0.9238772 0 0.382689 -0.9876884 0 0.1564344 -0.8910059 0 0.4539918 -0.8608757 -0.01908254 0.5084574 -0.9238772 0 0.382689 -0.4539908 0 0.8910064 -0.3936443 -0.03161293 0.918719 -0.5224962 0 0.8526417 -0.7071088 0 0.7071048 -0.6612806 -0.02450305 0.7497383 -0.7604023 0 0.6494522 0.1564041 -0.0198487 0.9874937 0.07847517 0 0.9969161 -0.156435 0 0.9876883 -0.08145052 -0.03879189 0.9959222 -0.2334311 0 0.9723734 0.4539239 -0.01717483 0.8908749 0.3826867 0 0.9238782 0.2334311 0 0.9723734 0.7070426 -0.01366758 0.7070388 0.6494573 0 0.7603981 0.5224965 0 0.8526415 0.8909552 -0.01066982 0.4539659 0.8526428 0 0.5224943 0.7604023 0 0.6494522 0.9876883 0 -0.1564342 0.9969173 0 0.07845968 0.9876528 -0.008482754 0.1564286 0.9723706 0 0.2334426 0.9238772 0 0.382689 0.9756259 0.01531916 0.2189053 0.9969173 0 0.07845968 0.9876883 0 -0.1564342 0.9876883 0 -0.1564342 0.8910083 0 -0.4539869 0.8910083 0 -0.4539869 0.7071027 0 -0.707111 0.7071027 0 -0.707111 0.4539908 0 -0.8910063 0.4539908 0 -0.8910063 0.156435 0 -0.9876883 0.156435 0 -0.9876883 -0.156435 0 -0.9876883 -0.156435 0 -0.9876883 -0.4539907 0 -0.8910064 -0.4539907 0 -0.8910064 -0.7071027 0 -0.7071108 -0.7071027 0 -0.7071108 -0.8910083 0 -0.4539869 -0.8910083 0 -0.4539869 -0.9876883 0 -0.1564344 -0.9876883 0 -0.1564344 -0.9969173 0 0.07846003 -0.9756259 -0.01531904 0.218905 -0.2334538 0.972368 0 -0.8910059 0.4539918 0 -0.9756249 0.2189092 0.01532006 -0.9876884 0.1564344 0 -0.9238808 0.3826805 0 -0.8608708 0.5084654 0.0190854 -0.4539908 0.8910064 0 -0.3936444 0.9187191 0.03161293 -0.5224962 0.8526417 0 -0.7071088 0.7071048 0 -0.6612702 0.7497475 0.02450853 -0.7604125 0.6494405 0 -0.08142757 0.9959236 0.03880369 -0.156435 0.9876883 0 0.07845127 0.9969179 0 0.1564041 0.9874935 0.01985472 0.2334538 0.972368 0 0.3826866 0.9238782 0 0.4539239 0.8908749 0.01717483 0.5224965 0.8526415 0 0.6494435 0.7604099 0 0.7070426 0.7070388 0.0136705 0.7604125 0.6494404 0 0.8526362 0.5225051 0 0.8909552 0.4539659 0.01067125 0.9238808 0.3826805 0 0.9723693 0.233448 0 0.9876528 0.1564286 0.008483171 0.9969175 0.07845777 0 0.8910059 -0.4539918 0 0.8608708 -0.5084654 0.0190854 0.9238808 -0.3826805 0 0.9876884 -0.1564342 0 0.9756259 -0.218905 0.01531904 0.9969173 -0.07845968 0 0.4539909 -0.8910064 0 0.3936443 -0.9187191 0.03161299 0.5224965 -0.8526414 0 0.7071087 -0.7071049 0 0.6612699 -0.7497476 0.02450853 0.7604125 -0.6494405 0 -0.1564041 -0.9874937 0.0198487 -0.07847517 -0.9969161 0 0.156435 -0.9876883 0 0.08145052 -0.9959222 0.03879189 0.2334311 -0.9723734 0 -0.4539238 -0.890875 0.01717478 -0.3826867 -0.9238782 0 -0.2334311 -0.9723734 0 -0.7070427 -0.7070387 0.01367044 -0.6494437 -0.7604098 0 -0.5224962 -0.8526417 0 -0.8909552 -0.4539659 0.01067125 -0.8526362 -0.522505 0 -0.7604125 -0.6494404 0 -0.9969174 0.07845818 0 -0.9969173 -0.07846003 0 -0.9876528 -0.1564288 0.008482754 -0.9723706 -0.2334426 0 -0.9238808 -0.3826805 0 0 0 -1 0 0 -1 0 0 -1 0 0 -1 0 0 -1 0 0 -1 0 0 -1 0 0 -1 0 0 -1 0 0 -1 0 0 -1 0 0 -1 0 0 -1 0 0 -1 0 0 -1 0 0 -1 0 0 -1 0 0 -1 0 0 -1 0 0 -1 0 0 -1 0 0 -1 0 0 -1 0 0 -1 0 0 -1 0 0 -1 0 0 -1 0 0 -1 0 0 -1 0 0 -1 0 0 -1 0 0 -1 0 0 -1 0 0 -1 0 0 -1 0 0 -1 0 0 -1 0 0 -1 0 0 -1 0 0 -1 0 0 -1 0 0 -1 0 0 -1 0 0 -1 0 0 1 0 0 1 0 0 1 0 0 1 0 0 1 0 0 1 0 0 1 0 0 1 0 0 1 0 0 1 0 0 1 0 0 1 0 0 1 0 0 1 0 0 1 0 0 1 0 0 1 0 0 1 0 0 1 0 0 1 0 0 1 0 0 1 0 0 1 0 0 1 0 0 1 0 0 1 0 0 1 0 0 1 0 0 1 0 0 1 0 0 1 0 0 1 0 0 1 0 0 1 0 0 1 0 0 1 0 0 1 0 0 1 0 0 1 0 0 1 0 0 1 0 0 1 0 0 1 0 0 1 0.3145469 -0.9492419 0 0.9932383 -0.1160932 0 0.8354874 -0.5495095 0 0.7896794 -0.6134216 0.0109806 0.8511168 -0.5249764 0 0.9396927 -0.3420199 0 0.9099845 -0.4145265 0.009798109 0.9492423 -0.3145461 0 0.4999993 -0.8660259 0 0.4278097 -0.903766 0.01363497 0.5249711 -0.8511201 0 0.6862421 -0.7273734 0 0.6261637 -0.7795947 0.01229476 0.707104 -0.7071095 0 0.2051027 -0.9786283 0.01481497 0.2867987 -0.9579909 0 0.08716386 -0.996194 0 0.05815279 -0.9983001 0.003887355 -0.02907556 -0.9995772 0 -0.1449341 -0.9894413 0 -0.1736482 -0.9848003 0.003808557 -0.2588175 -0.9659262 0 -0.3692141 -0.9293444 0 -0.3960785 -0.9182097 0.003593385 -0.474584 -0.8802103 0 -0.5735803 -0.8191493 0 -0.5971586 -0.8021165 0.003296017 -0.664797 -0.7470241 0 -0.7470215 -0.6647999 0 -0.7660405 -0.6427854 0.002970397 -0.8191581 -0.5735678 0 -0.8802014 -0.4746003 0 -0.8936293 -0.4487981 0.002656936 -0.9293467 -0.369208 0 -0.9659256 -0.2588196 0 -0.9730418 -0.2306165 0.002379536 -0.9894536 -0.1448499 -2.32357e-6 -0.9730446 -0.2306172 0 -0.9519333 -0.3061649 -0.009274899 -0.9793404 -0.2022185 0 -1 0 0 -0.9968536 -0.07882255 -0.008364319 -0.9996818 -0.02487683 -0.004186987 -0.7660439 -0.6427883 0 -0.7128494 -0.7012207 -0.0116263 -0.7844147 -0.6202368 0 -0.8936324 -0.4487997 0 -0.8556697 -0.5174184 -0.01036876 -0.9063076 -0.4226185 0 -0.396081 -0.9182156 0 -0.3187735 -0.9477237 -0.01425939 -0.422618 -0.9063079 0 -0.5971618 -0.8021209 0 -0.5307312 -0.8474409 -0.01297235 -0.6202354 -0.7844158 0 0.05815279 -0.9983002 -0.00386697 0.029096 -0.9995766 0 -0.1736494 -0.9848075 0 -0.08850342 -0.9959591 -0.01525372 -0.2022084 -0.9793425 0 0.2867967 -0.9579843 -0.003715813 0.2588123 -0.9659277 0 0.1449318 -0.9894417 0 0.4999963 -0.8660207 -0.003451228 0.4746049 -0.8801989 0 0.3692077 -0.9293469 0 0.6862386 -0.7273697 -0.003132939 0.6648002 -0.7470212 0 0.573562 -0.8191621 0 0.8354842 -0.5495074 -0.002809822 0.819153 -0.573575 0 0.7470159 -0.6648062 0 0.9396897 -0.3420188 -0.00251311 0.9293476 -0.369206 0 0.8801984 -0.4746059 0 0.9810087 -0.1937638 0.008797347 0.9961946 -0.08715599 0 0.9932385 0.1160922 0 -0.9983131 -0.05805999 4.27247e-6 -0.9999957 0 0.002934515 -0.9983082 0.05814343 0 -0.9730446 0.2306172 0 -0.9730446 0.2306172 0 -0.8936324 0.4487997 0 -0.8936324 0.4487997 0 -0.7660439 0.6427883 0 -0.7660439 0.6427883 0 -0.5971617 0.8021208 0 -0.5971617 0.8021208 0 -0.396081 0.9182155 0 -0.396081 0.9182155 0 -0.1736494 0.9848076 0 -0.1736494 0.9848076 0 0.05815321 0.9983077 0 0.05815321 0.9983077 0 0.2867987 0.9579909 0 0.2867987 0.9579909 0 0.4999993 0.8660258 0 0.4999993 0.8660258 0 0.686242 0.7273733 0 0.686242 0.7273733 0 0.8354874 0.5495095 0 0.8354874 0.5495095 0 0.9396927 0.3420199 0 0.9396927 0.3420199 0 0.9932385 0.1160922 0 0.9932385 0.1160922 0 0.999577 -0.02908372 0 0.9932358 -0.1160929 -0.002257227 0.9894416 -0.1449327 0 0.9659261 -0.2588183 0 -0.9238509 0.3826703 -0.007930934 -0.9238505 0.3826714 -0.007930755 -0.7933259 0.6087456 -0.007930457 -0.7933294 0.608741 -0.007931351 -0.6087463 0.7933254 -0.007931351 -0.6087418 0.7933288 -0.007930517 -0.3826719 0.9238503 -0.007930397 -0.3826732 0.9238497 -0.007930636 -0.1305214 0.9914137 -0.007930576 -0.1305189 0.9914141 -0.007930219 0.1305214 0.9914138 -0.007930219 0.1305189 0.9914141 -0.007930576 0.382672 0.9238502 -0.007930636 0.3826732 0.9238497 -0.007930397 0.6087462 0.7933254 -0.007930517 0.6087418 0.7933288 -0.007931351 0.7933259 0.6087456 -0.007931351 0.7933292 0.6087412 -0.007930517 0.9238509 0.3826702 -0.007930815 0.9238506 0.3826711 -0.007930934 0.9914136 0.1305225 -0.007931172 0.9914135 0.1305233 -0.007931292 0.9914138 -0.1305211 -0.007931292 0.9914137 -0.1305219 -0.007931172 0.9238509 -0.3826703 -0.007930934 0.9238506 -0.3826711 -0.007930815 0.7933259 -0.6087456 -0.007930517 0.7933292 -0.6087412 -0.007931292 0.6087462 -0.7933254 -0.007931351 0.6087418 -0.7933288 -0.007930517 0.382672 -0.9238502 -0.007930397 0.3826732 -0.9238497 -0.007930636 0.1305214 -0.9914137 -0.007930576 0.1305189 -0.9914141 -0.007930219 -0.1305214 -0.9914137 -0.007930219 -0.1305188 -0.9914141 -0.007930576 -0.3826719 -0.9238502 -0.007930636 -0.3826732 -0.9238497 -0.007930397 -0.6087463 -0.7933254 -0.007930517 -0.6087418 -0.7933288 -0.007931351 -0.7933259 -0.6087456 -0.007931351 -0.7933294 -0.608741 -0.007930457 -0.9238509 -0.3826703 -0.007930755 -0.9238505 -0.3826714 -0.007930934 -0.9914138 -0.1305211 -0.007931172 -0.9914137 -0.1305219 -0.007931292 -0.9914136 0.1305225 -0.007931292 -0.9914135 0.1305233 -0.007931172 0.9238509 0.3826703 0.007930934 0.9238506 0.3826711 0.007930815 0.7933259 0.6087456 0.007930517 0.7933292 0.6087412 0.007931292 0.6087462 0.7933254 0.007931351 0.6087418 0.7933288 0.007930517 0.382672 0.9238502 0.007930397 0.3826732 0.9238497 0.007930636 0.1305214 0.9914137 0.007930576 0.1305189 0.9914141 0.007930219 -0.1305214 0.9914137 0.007930219 -0.1305188 0.9914141 0.007930576 -0.3826719 0.9238502 0.007930636 -0.3826732 0.9238497 0.007930397 -0.6087463 0.7933254 0.007930517 -0.6087418 0.7933288 0.007931351 -0.7933259 0.6087456 0.007931351 -0.7933294 0.608741 0.007930457 -0.9238509 0.3826703 0.007930755 -0.9238505 0.3826714 0.007930934 -0.9914136 0.1305225 0.007931172 -0.9914135 0.1305233 0.007931292 -0.9914138 -0.1305211 0.007931292 -0.9914137 -0.1305219 0.007931172 -0.9238509 -0.3826703 0.007930934 -0.9238505 -0.3826714 0.007930755 -0.7933259 -0.6087456 0.007930457 -0.7933294 -0.608741 0.007931351 -0.6087463 -0.7933254 0.007931351 -0.6087418 -0.7933288 0.007930517 -0.3826719 -0.9238503 0.007930397 -0.3826732 -0.9238497 0.007930636 -0.1305214 -0.9914137 0.007930576 -0.1305189 -0.9914141 0.007930219 0.1305214 -0.9914138 0.007930219 0.1305189 -0.9914141 0.007930576 0.382672 -0.9238502 0.007930636 0.3826732 -0.9238497 0.007930397 0.6087462 -0.7933254 0.007930517 0.6087418 -0.7933288 0.007931351 0.7933259 -0.6087456 0.007931351 0.7933292 -0.6087412 0.007930517 0.9238509 -0.3826702 0.007930815 0.9238506 -0.3826711 0.007930934 0.9914138 -0.1305211 0.007931172 0.9914137 -0.1305219 0.007931292 0.9914136 0.1305225 0.007931292 0.9914135 0.1305233 0.007931172 -0.3826719 -0.007932066 0.9238502 -0.3826732 -0.007931888 0.9238497 -0.6087395 -0.007931768 0.7933305 -0.6087418 -0.007931351 0.7933288 -0.7933298 -0.007931351 0.6087405 -0.7933294 -0.007931411 0.608741 -0.9238494 -0.007931351 0.3826741 -0.9238505 -0.007930934 0.3826714 -0.9914138 -0.007931172 0.1305211 -0.9914137 -0.007931292 0.1305219 -0.9914136 -0.007931292 -0.1305225 -0.9914137 -0.007931351 -0.1305219 -0.9238509 -0.00793153 -0.3826703 -0.9238505 -0.007931351 -0.3826714 -0.7933259 -0.007931411 -0.6087456 -0.7933255 -0.007931351 -0.6087461 -0.6087463 -0.007931351 -0.7933254 -0.6087418 -0.007930517 -0.7933288 -0.3826719 -0.007930397 -0.9238503 -0.3826732 -0.007930636 -0.9238498 -0.1305214 -0.007930576 -0.9914138 -0.1305189 -0.007930219 -0.9914141 0.1305214 -0.007930219 -0.9914138 0.1305189 -0.007930576 -0.9914141 0.382672 -0.007930636 -0.9238502 0.3826732 -0.007930397 -0.9238498 0.6087462 -0.007930517 -0.7933254 0.6087418 -0.007931351 -0.7933288 0.7933259 -0.007931351 -0.6087456 0.7933253 -0.00793147 -0.6087463 0.9238509 -0.007931411 -0.3826702 0.9238506 -0.00793153 -0.3826711 0.9914136 -0.007931351 -0.1305225 0.9914137 -0.007931292 -0.1305219 0.9914138 -0.007931292 0.1305211 0.9914137 -0.007931172 0.1305219 0.9238493 -0.007930934 0.382674 0.9238506 -0.007931411 0.3826711 0.7933298 -0.00793147 0.6087404 0.7933292 -0.007931292 0.6087412 0.6087394 -0.007931351 0.7933306 0.6087418 -0.007931768 0.7933287 0.382672 -0.007931888 0.9238502 0.3826732 -0.007932066 0.9238497 0.1305214 -0.007932126 0.9914137 0.1305189 -0.007931768 0.9914141 -0.1305214 -0.007931768 0.9914138 -0.1305189 -0.007932126 0.9914141 0 -1 0 0 -1 0 0 -1 0 0 -1 0 0 -1 0 0 -1 0 0 -1 0 0 -1 0 0 -1 0 0 -1 0 0 -1 0 0 -1 0 0 -1 0 0 -1 0 0 -1 0 0 -1 0 0 -1 0 0 -1 0 0 -1 0 0 -1 0 0 -1 0 0 -1 0 0 -1 0 0 -1 0 0 -1 0 0 -1 0 0 -1 0 0 -1 0 0 -1 0 0 -1 0 0 -1 0 0 -1 0 0 -1 0 0 -1 0 0 -1 0 0 -1 0 0 -1 0 0 -1 0 0 -1 0 0 -1 0 0 -1 0 0 -1 0 0 -1 0 0 -1 0 0 -1 0 0 -1 0 0 -1 0 0 -1 0 0 -1 0 0 -1 0 0 -1 0 -0.1449341 0 0.9894413 0.2588123 0 -0.9659276 0.9983081 0 0.0581451 0.984808 0 -0.1736471 0.9681074 -0.009030342 -0.2503725 0.9894418 0 -0.1449308 0.8021221 0 -0.59716 0.7525539 -0.01130121 -0.6584336 0.819153 0 -0.573575 0.9182156 0 -0.3960809 0.8843294 -0.01007878 -0.4667546 0.9293476 0 -0.369206 0.4488031 0 -0.8936307 0.3739556 -0.01395636 -0.9273416 0.4746049 0 -0.880199 0.6427879 0 -0.7660443 0.5794392 -0.01263844 -0.8149175 0.6648002 0 -0.7470211 0.1470732 -0.01504927 -0.9890111 0.2306107 0 -0.9730461 0.0290836 0 -0.999577 0 -0.003882229 -0.9999925 -0.08715236 0 -0.996195 -0.2022084 0 -0.9793425 -0.2306091 -0.003766596 -0.9730392 -0.314551 0 -0.9492406 -0.4226181 0 -0.9063079 -0.4488003 -0.003525793 -0.8936252 -0.5249912 0 -0.8511076 -0.6202353 0 -0.7844158 -0.6427845 -0.003215312 -0.7660403 -0.707108 0 -0.7071056 -0.7844147 0 -0.6202368 -0.8021188 -0.002889335 -0.5971575 -0.8511157 0 -0.5249782 -0.9063076 0 -0.4226185 -0.9182125 -0.002583682 -0.3960795 -0.9492416 0 -0.3145478 -0.979341 0 -0.202216 -0.9848054 -0.002317011 -0.1736466 -0.9961967 5.86829e-7 -0.08713293 -0.9579893 0 0.286804 -0.9989446 -0.04357206 0.01452893 -0.9995786 -1.87824e-6 0.02902686 -0.9906101 -0.008567988 0.1364489 -0.9983083 0 0.05814486 -0.9659257 0 0.2588196 -0.9325385 -0.00953108 0.360945 -0.7273755 0 0.6862398 -0.670668 -0.01195979 0.7416613 -0.747027 0 0.6647938 -0.8660265 0 0.499998 -0.8240928 -0.01066857 0.5663544 -0.8802015 0 0.4746003 -0.3420176 0 0.9396935 -0.262425 -0.01454651 0.9648428 -0.3692033 0 0.9293487 -0.5495083 0 0.8354882 -0.4801199 -0.01330715 0.8771019 -0.573572 0 0.8191551 -0.02952075 -0.01543694 0.999445 -0.1160923 0 0.9932384 0.08715158 0 0.996195 0.1160914 -0.003843069 0.9932311 0.2022274 0 0.9793386 0.3145469 0 0.9492419 0.3420154 -0.0036574 0.9396872 0.4226033 0 0.9063148 0.5249801 0 0.8511145 0.5495051 -0.003374695 0.8354835 0.6202243 0 0.7844246 0.7071103 0 0.7071034 0.7273721 -0.00305134 0.6862366 0.7844135 0 0.6202384 0.8511167 0 0.5249764 0.8660233 -0.002732694 0.4999961 0.9063109 0 0.4226117 0.9492423 0 0.3145461 0.9579865 -0.002445042 0.2868028 0.9793408 0 0.2022168 0.9983082 0 0.05814516 0.9978815 -0.058169 0.02913457 0 0 -1 0 0 -1 0 0 -1 0 0 -1 0 0 -1 0 0 -1 0 0 -1 0 0 -1 0 0 -1 0 0 -1 0 0 -1 0 0 -1 0 0 -1 0 0 -1 0 0 -1 0 0 -1 0 0 -1 0 0 -1 0 0 -1 0 0 -1 0 0 -1 0 0 -1 0 0 -1 0 0 -1 0 0 -1 0 0 -1 0 0 -1 0 0 -1 0 0 -1 0 0 -1 0 0 -1 0 0 -1 0 0 -1 0 0 -1 0 0 -1 0 0 -1 0 0 -1 0 0 -1 0 0 -1 0 0 -1 0 0 -1 0 0 -1 0 0 -1 0 0 -1 0 0 -1 0 0 -1 0 0 -1 0 0 -1 0 0 -1 0 0 -1 0 0 -1 0 0 1 0 0 1 0 0 1 0 0 1 0 0 1 0 0 1 0 0 1 0 0 1 0 0 1 0 0 1 0 0 1 0 0 1 0 0 1 0 0 1 0 0 1 0 0 1 0 0 1 0 0 1 0 0 1 0 0 1 0 0 1 0 0 1 0 0 1 0 0 1 0 0 1 0 0 1 0 0 1 0 0 1 0 0 1 0 0 1 0 0 1 0 0 1 0 0 1 0 0 1 0 0 1 0 0 1 0 0 1 0 0 1 0 0 1 0 0 1 0 0 1 0 0 1 0 0 1 0 0 1 0 0 1 0 0 1 0 0 1 0 0 1 0 0 1 0 0 1 0 0 1 0 -1 0 0 -1 0 0 -1 0 0 -1 0 0 -1 0 0 -1 0 0 -1 0 0 -1 0 0 -1 0 0 -1 0 0 -1 0 0 -1 0 0 -1 0 0 -1 0 0 -1 0 0 -1 0 0 -1 0 0 -1 0 0 -1 0 0 -1 0 0 -1 0 0 -1 0 0 -1 0 0 -1 0 0 -1 0 0 -1 0 0 -1 0 0 -1 0 0 -1 0 0 -1 0 0 -1 0 0 -1 0 0 -1 0 0 -1 0 0 -1 0 0 -1 0 0 -1 0 0 -1 0 0 -1 0 0 -1 0 0 -1 0 0 -1 0 0 -1 0 0 -1 0 -0.9876883 0.1564344 0 -0.8910059 0.4539918 0 -0.8608759 0.5084571 0.01908242 -0.9238772 0.3826891 0 -0.4539908 0.8910064 0 -0.393627 0.9187262 0.03162169 -0.5225137 0.8526309 0 -0.7071028 0.7071109 0 -0.6612684 0.7497491 0.02450579 -0.7604024 0.6494523 0 0.1564041 0.9874935 0.01985472 0.07845127 0.9969179 0 -0.156435 0.9876883 0 -0.08142668 0.9959237 0.03880393 -0.2334538 0.9723679 0 0.4539238 0.8908748 0.01717942 0.3826661 0.9238867 0 0.2334538 0.9723679 0 0.7070366 0.7070448 0.01366901 0.6494435 0.7604099 0 0.522514 0.8526307 0 0.8909552 0.4539659 0.01066976 0.8526428 0.5224944 0 0.7604023 0.6494522 0 0.9876884 -0.1564342 0 0.9969173 0.07845968 0 0.9876528 0.1564286 0.008482754 0.9723706 0.2334426 0 0.9238772 0.3826891 0 0.9876884 0.1564342 0 0.8910059 0.4539918 0 0.8608759 0.5084571 -0.01908242 0.9238772 0.382689 0 0.4539909 0.8910064 0 0.3936271 0.9187262 -0.03162187 0.5225141 0.8526307 0 0.7071027 0.707111 0 0.6612686 0.7497488 -0.02450573 0.7604024 0.6494523 0 -0.1564041 0.9874935 -0.01985472 -0.07845127 0.996918 0 0.156435 0.9876883 0 0.08142757 0.9959236 -0.03880369 0.2334538 0.972368 0 -0.4539238 0.8908749 -0.01717948 -0.3826662 0.9238867 0 -0.2334538 0.972368 0 -0.7070367 0.7070448 -0.01366895 -0.6494437 0.7604098 0 -0.5225137 0.8526309 0 -0.8909552 0.4539659 -0.01066976 -0.8526428 0.5224944 0 -0.7604023 0.6494522 0 -0.9876883 -0.1564344 0 -0.9969173 0.07846003 0 -0.9876528 0.1564288 -0.008482754 -0.9723706 0.2334426 0 -0.9238772 0.382689 0 -0.9756258 0.2189054 0.01531904 -0.9969173 0.07846003 0 -0.9876884 -0.1564344 0 -0.9876883 -0.1564344 0 -0.8910084 -0.4539869 0 -0.8910084 -0.4539869 0 -0.7071027 -0.7071108 0 -0.7071027 -0.7071108 0 -0.4539908 -0.8910064 0 -0.4539908 -0.8910064 0 -0.156435 -0.9876883 0 -0.156435 -0.9876883 0 0.156435 -0.9876883 0 0.156435 -0.9876883 0 0.4539909 -0.8910063 0 0.4539909 -0.8910063 0 0.7071026 -0.7071109 0 0.7071026 -0.7071109 0 0.8910084 -0.4539869 0 0.8910084 -0.4539869 0 0.9876884 -0.1564342 0 0.9876883 -0.1564342 0 0.9969173 0.07845968 0 0.9756259 0.218905 -0.0153191 0.2334538 0 0.9723679 0.8910084 0 0.4539869 0.9756249 0.01532012 0.2189092 0.9876884 0 0.1564342 0.9238808 0 0.3826805 0.8608765 0.01908391 0.508456 0.4539908 0 0.8910064 0.3936437 0.03161317 0.9187194 0.5224965 0 0.8526414 0.7071027 0 0.707111 0.6612682 0.02450579 0.7497493 0.7604024 0 0.6494523 0.08142668 0.03880393 0.9959237 0.156435 0 0.9876883 -0.07845127 0 0.9969179 -0.1564041 0.01985472 0.9874935 -0.2334538 0 0.9723679 -0.3826867 0 0.9238782 -0.4539238 0.01717478 0.890875 -0.5224962 0 0.8526416 -0.6494437 0 0.7604098 -0.7070367 0.01366895 0.7070447 -0.7604023 0 0.6494522 -0.8526428 0 0.5224944 -0.8909576 0.01067054 0.453961 -0.9238808 0 0.3826805 -0.9723693 0 0.233448 -0.9876528 0.008483171 0.1564288 -0.9969174 0 0.07845818 -0.8910059 0 -0.4539918 -0.8608759 0.01908242 -0.5084571 -0.9238772 0 -0.382689 -0.9876884 0 -0.1564344 -0.9756259 0.01531904 -0.218905 -0.9969173 0 -0.07846003 -0.4539908 0 -0.8910064 -0.3936437 0.03161311 -0.9187194 -0.5224962 0 -0.8526416 -0.7071087 0 -0.7071048 -0.6612805 0.02450299 -0.7497383 -0.7604024 0 -0.6494523 0.1564041 0.0198487 -0.9874937 0.07847517 0 -0.9969161 -0.156435 0 -0.9876883 -0.08144962 0.03879213 -0.9959223 -0.2334311 0 -0.9723733 0.4539239 0.01717483 -0.8908749 0.3826867 0 -0.9238782 0.2334311 0 -0.9723733 0.7070426 0.01366752 -0.7070389 0.6494573 0 -0.760398 0.5224965 0 -0.8526414 0.8909552 0.01066976 -0.4539659 0.8526428 0 -0.5224944 0.7604023 0 -0.6494522 0.9969175 0 0.07845777 0.9969173 0 -0.07845968 0.9876528 0.008482754 -0.1564286 0.9723706 0 -0.2334426 0.9238772 0 -0.382689 0 0 1 0 0 1 0 0 1 0 0 1 0 0 1 0 0 1 0 0 1 0 0 1 0 0 1 0 0 1 0 0 1 0 0 1 0 0 1 0 0 1 0 0 1 0 0 1 0 0 1 0 0 1 0 0 1 0 0 1 0 0 1 0 0 1 0 0 1 0 0 1 0 0 -1 0 0 -1 0 0 -1 0 0 -1 0 0 -1 0 0 -1 0 0 -1 0 0 -1 0 0 -1 0 0 -1 0 0 -1 0 0 -1 0 0 -1 0 0 -1 0 0 -1 0 0 -1 0 0 -1 0 0 -1 0 0 -1 0 0 -1 0 0 -1 0 0 -1 0 0 -1 0 0 -1 -0.6629566 0.7486578 0 -0.1998131 0.979834 0 -0.1998131 0.979834 0 0.3168764 0.9484668 0 0.3168764 0.9484668 0 0.7486568 0.6629577 0 0.7486568 0.6629577 0 0.9798347 0.19981 0 0.9798347 0.19981 0 0.9484667 -0.3168768 0 0.9484667 -0.3168768 0 0.6629565 -0.7486579 0 0.6629565 -0.7486579 0 0.1998131 -0.979834 0 0.1998131 -0.979834 0 -0.3168764 -0.9484668 0 -0.3168764 -0.9484668 0 -0.7486568 -0.6629577 0 -0.7486568 -0.6629577 0 -0.9798344 -0.1998111 0 -0.9798344 -0.1998111 0 -0.9484671 0.3168753 0 -0.9484671 0.3168753 0 -0.6629566 0.7486578 0 0.6629565 -0.748658 0 0.6629565 -0.748658 0 0.1998068 -0.9798353 0 0.1998068 -0.9798353 0 -0.3168759 -0.948467 0 -0.3168759 -0.948467 0 -0.7486544 -0.6629604 0 -0.7486544 -0.6629604 0 -0.9798348 -0.1998097 0 -0.9798348 -0.1998097 0 -0.9484668 0.3168766 0 -0.9484668 0.3168766 0 -0.6629564 0.748658 0 -0.6629564 0.748658 0 -0.199814 0.9798339 0 -0.199814 0.9798339 0 0.3168759 0.948467 0 0.3168759 0.948467 0 0.7486577 0.6629568 0 0.7486577 0.6629568 0 0.9798344 0.1998112 0 0.9798344 0.1998112 0 0.9484676 -0.3168745 0 0.9484676 -0.3168745 0 0 1 0 0 1 0 0 1 0 0 1 0 0 1 0 0 1 0 0 1 0 0 1 0 0 1 0 0 1 0 0 1 0 0 1 0 0 1 0 0 1 0 0 1 0 0 1 0 0 1 0 0 1 0 0 1 0 0 1 0 0 1 0 0 1 0 0 1 0 0 1 0 0 -1 0 0 -1 0 0 -1 0 0 -1 0 0 -1 0 0 -1 0 0 -1 0 0 -1 0 0 -1 0 0 -1 0 0 -1 0 0 -1 0 0 -1 0 0 -1 0 0 -1 0 0 -1 0 0 -1 0 0 -1 0 0 -1 0 0 -1 0 0 -1 0 0 -1 0 0 -1 0 0 -1 0 -0.9659257 0 -0.2588195 -0.7071069 0 -0.7071068 -0.7071069 0 -0.7071068 -0.2588172 0 -0.9659264 -0.2588172 0 -0.9659264 0.2588171 0 -0.9659264 0.2588171 0 -0.9659264 0.7071069 0 -0.7071068 0.7071069 0 -0.7071068 0.9659257 0 -0.2588195 0.9659257 0 -0.2588195 0.9659261 0 0.2588182 0.9659261 0 0.2588182 0.7071069 0 0.7071068 0.7071069 0 0.7071068 0.2588171 0 0.9659264 0.2588171 0 0.9659264 -0.2588172 0 0.9659264 -0.2588172 0 0.9659264 -0.7071069 0 0.7071068 -0.7071069 0 0.7071068 -0.9659261 0 0.2588182 -0.9659261 0 0.2588182 -0.9659257 0 -0.2588195 0.9659256 0 0.2588199 0.9659256 0 0.2588199 0.7071064 0 0.7071071 0.7071064 0 0.7071071 0.2588229 0 0.9659247 0.2588229 0 0.9659247 -0.2588229 0 0.9659249 -0.2588229 0 0.9659249 -0.7071065 0 0.7071071 -0.7071065 0 0.7071071 -0.9659256 0 0.2588199 -0.9659256 0 0.2588199 -0.9659261 0 -0.258818 -0.9659261 0 -0.258818 -0.7071065 0 -0.7071071 -0.7071065 0 -0.7071071 -0.2588159 0 -0.9659267 -0.2588159 0 -0.9659267 0.2588159 0 -0.9659267 0.2588159 0 -0.9659267 0.7071064 0 -0.7071071 0.7071064 0 -0.7071071 0.9659261 0 -0.258818 0.9659261 0 -0.258818 0 0 -1 0 0 -1 0 0 -1 0 0 -1 0 0 -1 0 0 -1 0 0 -1 0 0 -1 0 0 -1 0 0 -1 0 0 -1 0 0 -1 0 0 -1 0 0 -1 0 0 -1 0 0 -1 0 0 -1 0 0 -1 0 0 -1 0 0 -1 0 0 -1 0 0 -1 0 0 -1 0 0 -1 0 0 -1 0 0 -1 0 0 -1 0 0 -1 0 0 -1 0 0 -1 0 0 -1 0 0 -1 0 0 -1 0 0 -1 0 0 -1 0 0 -1 0 0 -1 0 0 -1 0 0 -1 0 0 -1 0 0 -1 0 0 -1 0 0 -1 0 0 -1 0 0 1 0 0 1 0 0 1 0 0 1 0 0 1 0 0 1 0 0 1 0 0 1 0 0 1 0 0 1 0 0 1 0 0 1 0 0 1 0 0 1 0 0 1 0 0 1 0 0 1 0 0 1 0 0 1 0 0 1 0 0 1 0 0 1 0 0 1 0 0 1 0 0 1 0 0 1 0 0 1 0 0 1 0 0 1 0 0 1 0 0 1 0 0 1 0 0 1 0 0 1 0 0 1 0 0 1 0 0 1 0 0 1 0 0 1 0 0 1 0 0 1 0 0 1 0 0 1 0 0 1 0.9492434 0.3145424 0 0.1160923 0.9932384 0 0.5495083 0.8354883 0 0.6134084 0.7896896 0.01097846 0.52498 0.8511145 0 0.3420177 0.9396935 0 0.4145186 0.9099881 0.009797275 0.3145468 0.9492419 0 0.8660242 0.500002 0 0.9037691 0.427803 0.01363664 0.8511168 0.5249764 0 0.7273754 0.6862398 0 0.7796009 0.6261558 0.0122959 0.7071102 0.7071033 0 0.9786233 0.205127 0.01481121 0.9579901 0.2868012 0 0.9961947 0.08715599 0 0.9983006 0.05814468 0.003887355 0.999577 -0.02908372 0 0.9894415 -0.1449326 0 0.9848005 -0.1736474 0.003808617 0.965926 -0.2588183 0 0.9293476 -0.369206 0 0.9182112 -0.3960749 0.003593921 0.8802067 -0.4745904 0 0.819153 -0.573575 0 0.8021178 -0.5971568 0.003296494 0.7470158 -0.6648061 0 0.6647933 -0.7470274 0 0.6427851 -0.7660409 0.002969563 0.573587 -0.8191447 0 0.474605 -0.880199 0 0.4488015 -0.8936276 0.002657055 0.3692077 -0.9293469 0 0.2588123 -0.9659276 0 0.2306101 -0.9730434 0.002379477 0.1448599 -0.9894522 -1.98364e-6 0.2306107 -0.9730461 0 0.3061368 -0.9519424 -0.009272217 0.2022203 -0.97934 0 0 -1 0 0.07884377 -0.9968519 -0.008366525 0.02484381 -0.9996826 -0.00418502 0.6427879 -0.7660443 0 0.7012228 -0.7128474 -0.01162683 0.6202354 -0.7844158 0 0.4488031 -0.8936307 0 0.5174301 -0.8556627 -0.01037013 0.4226182 -0.9063079 0 0.9182171 -0.3960775 0 0.9477282 -0.3187597 -0.0142613 0.9063077 -0.4226185 0 0.8021221 -0.59716 0 0.8474482 -0.5307195 -0.01297414 0.7844149 -0.6202365 0 0.9983007 0.05814468 -0.003867387 0.9995769 0.0290848 0 0.9848077 -0.1736487 0 0.9959619 -0.08847069 -0.01525938 0.9793406 -0.2022181 0 0.9579835 0.2867991 -0.003715276 0.9659257 0.2588192 0 0.9894413 0.1449341 0 0.866019 0.4999991 -0.003452181 0.8802012 0.4746006 0 0.9293518 0.3691952 0 0.7273718 0.6862364 -0.003133535 0.7470269 0.6647937 0 0.8191465 0.5735844 0 0.5495061 0.835485 -0.002809584 0.573572 0.8191552 0 0.664797 0.747024 0 0.3420166 0.9396905 -0.002513051 0.3692034 0.9293487 0 0.4746127 0.8801947 0 0.1937732 0.9810069 0.008798539 0.08715158 0.996195 0 -0.1160923 0.9932384 0 0.05804842 -0.9983138 4.55857e-6 0 -0.9999957 0.002934217 -0.0581386 -0.9983085 0 -0.2306107 -0.9730461 0 -0.2306107 -0.9730461 0 -0.4488031 -0.8936307 0 -0.4488031 -0.8936307 0 -0.6427879 -0.7660442 0 -0.6427879 -0.7660442 0 -0.8021221 -0.5971601 0 -0.8021221 -0.5971601 0 -0.9182172 -0.3960775 0 -0.9182172 -0.3960775 0 -0.9848077 -0.1736487 0 -0.9848077 -0.1736487 0 -0.9983082 0.05814486 0 -0.9983082 0.05814486 0 -0.9579901 0.2868014 0 -0.9579901 0.2868014 0 -0.8660243 0.500002 0 -0.8660243 0.500002 0 -0.7273754 0.6862398 0 -0.7273754 0.6862398 0 -0.5495083 0.8354883 0 -0.5495083 0.8354883 0 -0.3420176 0.9396936 0 -0.3420176 0.9396936 0 -0.1160923 0.9932384 0 -0.1160923 0.9932384 0 0.02907556 0.9995772 0 0.116092 0.9932359 -0.002257466 0.1449341 0.9894413 0 0.2588175 0.9659262 0 -0.3826719 -0.9238502 -0.007930636 -0.3826642 -0.9238535 -0.007931888 -0.6087395 -0.7933305 -0.007931768 -0.6087485 -0.7933236 -0.007930099 -0.7933298 -0.6087405 -0.007930397 -0.7933255 -0.6087461 -0.007931411 -0.9238509 -0.3826703 -0.007931351 -0.9238505 -0.3826714 -0.00793153 -0.9914136 -0.1305225 -0.007931351 -0.9914137 -0.1305219 -0.007931292 -0.9914136 0.1305225 -0.007931292 -0.9914137 0.1305219 -0.007931351 -0.9238509 0.3826703 -0.00793153 -0.9238505 0.3826714 -0.007931351 -0.7933298 0.6087405 -0.007931411 -0.7933294 0.608741 -0.007931351 -0.6087395 0.7933305 -0.007931351 -0.6087418 0.7933288 -0.007931768 -0.3826719 0.9238503 -0.007931888 -0.3826732 0.9238497 -0.007932066 -0.1305214 0.9914137 -0.007932126 -0.1305188 0.9914141 -0.007931768 0.1305214 0.9914138 -0.007931768 0.1305189 0.9914141 -0.007932126 0.382672 0.9238502 -0.007932066 0.3826732 0.9238497 -0.007931888 0.6087394 0.7933306 -0.007931768 0.6087418 0.7933288 -0.007931351 0.7933299 0.6087403 -0.007931292 0.7933292 0.6087412 -0.00793147 0.9238509 0.3826702 -0.007931411 0.9238506 0.3826711 -0.00793153 0.9914136 0.1305225 -0.007931351 0.9914137 0.1305219 -0.007931292 0.9914136 -0.1305225 -0.007931292 0.9914137 -0.1305219 -0.007931351 0.9238509 -0.3826703 -0.00793153 0.9238506 -0.3826711 -0.007931411 0.7933298 -0.6087404 -0.00793147 0.7933253 -0.6087463 -0.007930397 0.6087394 -0.7933306 -0.007930099 0.6087485 -0.7933236 -0.007931768 0.382672 -0.9238502 -0.007931888 0.3826642 -0.9238535 -0.007930636 0.1305214 -0.9914137 -0.007930576 0.1305293 -0.9914127 -0.007931768 -0.1305214 -0.9914137 -0.007931768 -0.1305292 -0.9914128 -0.007930576 -0.3826719 0.9238502 0.007932066 -0.3826732 0.9238497 0.007931888 -0.6087395 0.7933305 0.007931768 -0.6087418 0.7933288 0.007931351 -0.7933298 0.6087405 0.007931351 -0.7933294 0.608741 0.007931411 -0.9238509 0.3826703 0.007931351 -0.9238505 0.3826714 0.00793153 -0.9914136 0.1305225 0.007931351 -0.9914137 0.1305219 0.007931292 -0.9914136 -0.1305225 0.007931292 -0.9914137 -0.1305219 0.007931351 -0.9238509 -0.3826703 0.00793153 -0.9238505 -0.3826714 0.007931351 -0.7933298 -0.6087405 0.007931411 -0.7933255 -0.6087461 0.007930397 -0.6087395 -0.7933305 0.007930099 -0.6087485 -0.7933236 0.007931768 -0.3826719 -0.9238503 0.007931888 -0.3826642 -0.9238535 0.007930636 -0.1305214 -0.9914137 0.007930576 -0.1305292 -0.9914128 0.007931768 0.1305214 -0.9914138 0.007931768 0.1305293 -0.9914127 0.007930576 0.382672 -0.9238502 0.007930636 0.3826642 -0.9238535 0.007931888 0.6087394 -0.7933306 0.007931768 0.6087485 -0.7933236 0.007930099 0.7933298 -0.6087404 0.007930338 0.7933253 -0.6087463 0.00793147 0.9238509 -0.3826702 0.007931411 0.9238506 -0.3826711 0.00793153 0.9914136 -0.1305225 0.007931351 0.9914137 -0.1305219 0.007931292 0.9914136 0.1305225 0.007931292 0.9914137 0.1305219 0.007931351 0.9238509 0.3826703 0.00793153 0.9238506 0.3826711 0.007931411 0.7933298 0.6087404 0.00793147 0.7933292 0.6087412 0.007931292 0.6087394 0.7933306 0.007931351 0.6087418 0.7933288 0.007931768 0.382672 0.9238502 0.007931888 0.3826732 0.9238497 0.007932066 0.1305214 0.9914138 0.007932126 0.1305189 0.9914141 0.007931768 -0.1305214 0.9914137 0.007931768 -0.1305188 0.9914141 0.007932126 0.007930934 -0.3826709 0.9238507 0.007930517 -0.3826733 0.9238497 0.007930696 -0.6087445 0.7933268 0.007930517 -0.6087455 0.793326 0.007930219 -0.793328 0.6087428 0.007931888 -0.7933208 0.6087521 0.007931947 -0.9238507 0.3826708 0.007930934 -0.9238534 0.3826643 0.007930696 -0.9914137 0.1305218 0.007931768 -0.9914128 0.1305291 0.007931768 -0.9914139 -0.1305205 0.007930457 -0.9914128 -0.1305291 0.007930338 -0.9238491 -0.3826746 0.007931947 -0.9238534 -0.3826643 0.007931947 -0.7933319 -0.6087377 0.007930219 -0.7933248 -0.6087471 0.007930457 -0.6087377 -0.7933319 0.007931947 -0.6087455 -0.7933259 0.007931947 -0.3826708 -0.9238507 0.007932364 -0.3826733 -0.9238497 0.007932245 -0.1305218 -0.9914137 0.007931768 -0.1305187 -0.9914141 0.007931768 0.1305218 -0.9914138 0.007932245 0.1305187 -0.9914141 0.007932364 0.3826709 -0.9238507 0.007931947 0.3826733 -0.9238497 0.007931947 0.6087377 -0.7933319 0.007931411 0.6087404 -0.7933298 0.007931411 0.7933319 -0.6087376 0.007931947 0.7933298 -0.6087403 0.007931947 0.9238491 -0.3826746 0.007931768 0.9238497 -0.3826733 0.007932007 0.9914139 -0.1305205 0.007931768 0.9914141 -0.1305187 0.007931768 0.9914138 0.1305218 0.007932245 0.9914141 0.1305187 0.007932364 0.9238507 0.3826709 0.007931947 0.9238497 0.3826733 0.007931947 0.793328 0.6087428 0.007931411 0.793326 0.6087455 0.007931411 0.6087443 0.7933267 0.007930696 0.6087404 0.7933298 0.007930517 0.3826708 0.9238507 0.007930934 0.3826733 0.9238497 0.007930696 0.1305218 0.9914138 0.007931768 0.1305291 0.9914128 0.007931768 -0.1305218 0.9914138 0.007930696 -0.1305291 0.9914128 1 0 0 1 0 0 1 0 0 1 0 0 1 0 0 1 0 0 1 0 0 1 0 0 1 0 0 1 0 0 1 0 0 1 0 0 1 0 0 1 0 0 1 0 0 1 0 0 1 0 0 1 0 0 1 0 0 1 0 0 1 0 0 1 0 0 1 0 0 1 0 0 1 0 0 1 0 0 1 0 0 1 0 0 1 0 0 1 0 0 1 0 0 1 0 0 1 0 0 1 0 0 1 0 0 1 0 0 1 0 0 1 0 0 1 0 0 1 0 0 1 0 0 1 0 0 1 0 0 1 0 0 1 0 0 1 0 0 1 0 0 1 0 0 1 0 0 1 0 0 1 0 0 0 -0.1449345 0.9894412 0 0.2588239 -0.9659245 0 0.9983083 0.05814373 0 0.9848075 -0.1736498 0.009029865 0.9681077 -0.2503718 0 0.9894412 -0.1449345 0 0.8021277 -0.5971525 0.01129937 0.7525688 -0.6584166 0 0.8191561 -0.5735706 0 0.918215 -0.3960824 0.01008027 0.8843234 -0.4667661 0 0.9293487 -0.3692033 0 0.4487927 -0.8936359 0.01395636 0.3739451 -0.9273459 0 0.4745955 -0.880204 0 0.6427883 -0.7660439 0.01263278 0.5794692 -0.8148962 0 0.6647912 -0.7470293 0.01505053 0.1470757 -0.9890108 0 0.2306205 -0.9730438 0 0.0290836 -0.999577 0.003882229 0 -0.9999925 0 -0.08715265 -0.996195 0 -0.2022207 -0.9793399 0.003766 -0.2306168 -0.9730374 0 -0.314543 -0.9492433 0 -0.4226185 -0.9063077 0.003524839 -0.4487937 -0.8936284 0 -0.5249664 -0.851123 0 -0.6202363 -0.784415 0.003215253 -0.642785 -0.7660399 0 -0.7071068 -0.7071068 0 -0.784415 -0.6202363 0.002889454 -0.8021199 -0.5971561 0 -0.8511166 -0.5249767 0 -0.9063077 -0.4226185 0.002584338 -0.9182153 -0.3960731 0 -0.9492506 -0.3145206 0 -0.97934 -0.2022207 0.00231713 -0.9848049 -0.1736493 0 -0.996195 -0.08715218 0 -0.9579907 0.2867992 0.0435484 -0.9989455 0.0145412 2.56803e-6 -0.9995785 0.02903127 0.008569061 -0.9906089 0.136457 0 -0.9983083 0.05814373 0 -0.9659276 0.2588124 0.009531855 -0.9325379 0.3609463 0 -0.7273796 0.6862353 0.01195877 -0.6706773 0.7416529 0 -0.7470293 0.6647912 0 -0.8660207 0.5000082 0.01067107 -0.8240754 0.5663797 0 -0.8801988 0.4746051 0 -0.3420175 0.9396936 0.01454657 -0.2624247 0.9648429 0 -0.3692033 0.9293487 0 -0.5495046 0.8354908 0.01331317 -0.4800842 0.8771213 0 -0.573579 0.8191503 0.015432 -0.02955788 0.999444 0 -0.1161019 0.9932373 0 0.08716446 0.996194 0.003842651 0.116101 0.99323 0 0.2022256 0.979339 0 0.3145336 0.9492464 0.003659129 0.3420153 0.9396874 0 0.4226412 0.9062972 0 0.5249708 0.8511202 0.003376007 0.5495058 0.8354831 0 0.6202505 0.7844038 0 0.7071006 0.707113 0.003052651 0.7273716 0.686237 0 0.7844362 0.6202096 0 0.8511113 0.5249854 0.00273329 0.8660215 0.4999994 0 0.906318 0.4225964 0 0.9492414 0.3145485 0.002444922 0.9579854 0.2868069 0 0.979339 0.2022256 0 0.9983083 0.05814373 0.05816256 0.9978819 0.02913635 0 0 -1 0 0 -1 0 0 -1 0 0 -1 0 0 -1 0 0 -1 0 0 -1 0 0 -1 0 0 -1 0 0 -1 0 0 -1 0 0 -1 0 0 -1 0 0 -1 0 0 -1 0 0 -1 0 0 -1 0 0 -1 0 0 -1 0 0 -1 0 0 -1 0 0 -1 0 0 -1 0 0 -1 0 0 -1 0 0 -1 0 0 -1 0 0 -1 0 0 -1 0 0 -1 0 0 -1 0 0 -1 0 0 -1 0 0 -1 0 0 -1 0 0 -1 0 0 -1 0 0 -1 0 0 -1 0 0 -1 0 0 -1 0 0 -1 0 0 -1 0 0 -1 0 0 -1 0 0 -1 0 0 -1 0 0 -1 0 0 -1 0 0 -1 0 0 -1 0 0 1 0 0 1 0 0 1 0 0 1 0 0 1 0 0 1 0 0 1 0 0 1 0 0 1 0 0 1 0 0 1 0 0 1 0 0 1 0 0 1 0 0 1 0 0 1 0 0 1 0 0 1 0 0 1 0 0 1 0 0 1 0 0 1 0 0 1 0 0 1 0 0 1 0 0 1 0 0 1 0 0 1 0 0 1 0 0 1 0 0 1 0 0 1 0 0 1 0 0 1 0 0 1 0 0 1 0 0 1 0 0 1 0 0 1 0 0 1 0 0 1 0 0 1 0 0 1 0 0 1 0 0 1 0 0 1 0 0 1 0 0 1 0 0 1 0 0 1 0 0 1 1 0 0 1 0 0 1 0 0 1 0 0 1 0 0 1 0 0 1 0 0 1 0 0 1 0 0 1 0 0 1 0 0 1 0 0 1 0 0 1 0 0 1 0 0 1 0 0 1 0 0 1 0 0 1 0 0 1 0 0 1 0 0 1 0 0 1 0 0 1 0 0 1 0 0 1 0 0 1 0 0 1 0 0 1 0 0 1 0 0 1 0 0 1 0 0 1 0 0 1 0 0 1 0 0 1 0 0 1 0 0 1 0 0 1 0 0 1 0 0 1 0 0 1 0 0 1 0 0 1 0 0 -0.156435 -0.9876883 0 -0.4539907 -0.8910064 0 -0.5084582 -0.8608751 0.01908326 -0.3826867 -0.9238782 0 -0.8910058 -0.4539918 0 -0.9187212 -0.3936392 0.03161603 -0.8526362 -0.5225051 0 -0.7071088 -0.7071048 0 -0.7497506 -0.6612665 0.02450817 -0.6494437 -0.7604098 0 -0.9874937 0.1564036 0.01985311 -0.9969174 0.07845818 0 -0.9876883 -0.1564344 0 -0.9959232 -0.08143603 0.0387991 -0.9723706 -0.2334426 0 -0.8908745 0.4539248 0.01717656 -0.9238807 0.3826805 0 -0.9723693 0.233448 0 -0.7070427 0.7070387 0.01367044 -0.7604125 0.6494404 0 -0.8526362 0.5225051 0 -0.4539649 0.8909556 0.01067012 -0.5224962 0.8526416 0 -0.6494437 0.7604098 0 0.156435 0.9876883 0 -0.07845127 0.9969179 0 -0.1564294 0.9876527 0.008483827 -0.2334538 0.972368 0 -0.3826867 0.9238782 0 -0.156435 0.9876883 0 -0.4539907 0.8910064 0 -0.5084582 0.8608751 -0.01908326 -0.3826867 0.9238782 0 -0.8910058 0.4539917 0 -0.9187212 0.3936392 -0.03161591 -0.8526362 0.5225051 0 -0.7071087 0.7071048 0 -0.7497509 0.6612661 -0.02450823 -0.6494437 0.7604098 0 -0.9874937 -0.1564036 -0.01985216 -0.9969173 -0.07846003 0 -0.9876883 0.1564344 0 -0.9959233 0.08143323 -0.03880029 -0.9723693 0.2334481 0 -0.8908745 -0.4539248 -0.0171765 -0.9238808 -0.3826805 0 -0.9723706 -0.2334426 0 -0.7070427 -0.7070387 -0.01367044 -0.7604125 -0.6494404 0 -0.8526362 -0.5225051 0 -0.4539649 -0.8909556 -0.01067012 -0.5224962 -0.8526416 0 -0.6494437 -0.7604098 0 0.156435 -0.9876883 0 -0.07847517 -0.9969161 0 -0.1564294 -0.9876528 -0.008481264 -0.2334311 -0.9723734 0 -0.3826867 -0.9238782 0 -0.2188956 -0.9756281 0.0153166 -0.07847517 -0.9969161 0 0.156435 -0.9876883 0 0.156435 -0.9876883 0 0.4539909 -0.8910063 0 0.4539909 -0.8910063 0 0.7071087 -0.7071049 0 0.7071087 -0.7071049 0 0.8910059 -0.4539918 0 0.8910059 -0.4539918 0 0.9876884 -0.1564342 0 0.9876884 -0.1564342 0 0.9876884 0.1564342 0 0.9876884 0.1564342 0 0.8910059 0.4539918 0 0.8910059 0.4539918 0 0.7071087 0.7071049 0 0.7071087 0.7071049 0 0.4539909 0.8910063 0 0.4539909 0.8910063 0 0.156435 0.9876883 0 0.156435 0.9876883 0 -0.07845127 0.996918 0 -0.2189145 0.9756237 -0.01532119 0 0.2334339 0.9723727 0 0.8910058 0.453992 -0.01532065 0.9756242 0.2189123 0 0.9876883 0.156435 0 0.9238759 0.3826922 -0.01908177 0.8608769 0.5084555 0 0.4539921 0.8910057 -0.03161478 0.3936418 0.9187201 0 0.5225028 0.8526375 0 0.7071068 0.7071068 -0.02450531 0.6612742 0.7497439 0 0.7604061 0.6494479 -0.03879261 0.08144903 0.9959223 0 0.156435 0.9876883 0 -0.07847607 0.9969159 -0.01984828 -0.1564041 0.9874937 0 -0.2334284 0.972374 0 -0.3826837 0.9238794 -0.01717591 -0.4539251 0.8908743 0 -0.5225028 0.8526375 0 -0.64945 0.7604044 -0.01366895 -0.7070407 0.7070407 0 -0.7604061 0.6494479 0 -0.8526441 0.5224922 -0.01066941 -0.890955 0.4539662 0 -0.9238759 0.3826922 0 -0.972374 0.2334284 -0.008481085 -0.9876528 0.1564294 0 -0.996916 0.07847613 0 -0.8910083 -0.4539872 -0.01908326 -0.8608774 -0.5084543 0 -0.9238794 -0.3826838 0 -0.9876883 -0.156435 -0.01531714 -0.9756275 -0.2188979 0 -0.9969161 -0.07847422 0 -0.4539921 -0.8910057 -0.03161478 -0.3936418 -0.9187201 0 -0.5225028 -0.8526375 0 -0.7071008 -0.7071128 -0.02450811 -0.661262 -0.7497546 0 -0.7604061 -0.6494479 -0.01985526 0.1564041 -0.9874935 0 0.07845032 -0.996918 0 -0.156435 -0.9876883 -0.03880345 -0.08142787 -0.9959236 0 -0.2334511 -0.9723685 -0.01717591 0.4539251 -0.8908743 0 0.3826838 -0.9238794 0 0.2334566 -0.9723672 -0.01367038 0.7070347 -0.7070468 0 0.649436 -0.7604162 0 0.5225028 -0.8526375 -0.01067012 0.8909575 -0.4539613 0 0.8526441 -0.5224922 0 0.7604061 -0.6494479 0 0.9969179 0.07845222 0 0.996918 -0.07845032 -0.008484065 0.9876527 -0.1564294 0 0.9723672 -0.2334566 0 0.9238794 -0.3826838 1 0 0 1 0 0 1 0 0 1 0 0 1 0 0 1 0 0 1 0 0 1 0 0 1 0 0 1 0 0 1 0 0 1 0 0 1 0 0 1 0 0 1 0 0 1 0 0 1 0 0 1 0 0 1 0 0 1 0 0 1 0 0 1 0 0 1 0 0 1 0 0 -1 0 0 -1 0 0 -1 0 0 -1 0 0 -1 0 0 -1 0 0 -1 0 0 -1 0 0 -1 0 0 -1 0 0 -1 0 0 -1 0 0 -1 0 0 -1 0 0 -1 0 0 -1 0 0 -1 0 0 -1 0 0 -1 0 0 -1 0 0 -1 0 0 -1 0 0 -1 0 0 -1 0 0 0 -0.3895411 -0.9210092 0 -0.7978545 -0.60285 0 -0.7978545 -0.60285 0 -0.9923873 -0.1231566 0 -0.9923873 -0.1231566 0 -0.92101 0.3895391 0 -0.92101 0.3895391 0 -0.60285 0.7978545 0 -0.60285 0.7978545 0 -0.1231559 0.9923874 0 -0.1231559 0.9923874 0 0.3895411 0.9210092 0 0.3895411 0.9210092 0 0.7978545 0.60285 0 0.7978545 0.60285 0 0.9923874 0.1231559 0 0.9923874 0.1231559 0 0.92101 -0.3895391 0 0.92101 -0.3895391 0 0.6028466 -0.7978572 0 0.6028466 -0.7978572 0 0.1231559 -0.9923874 0 0.1231559 -0.9923874 0 -0.3895411 -0.9210092 0 0.3895378 0.9210104 0 0.3895378 0.9210104 0 0.7978569 0.602847 0 0.7978569 0.602847 0 0.9923875 0.1231542 0 0.9923875 0.1231542 0 0.9210104 -0.3895378 0 0.9210104 -0.3895378 0 0.6028518 -0.7978533 0 0.6028518 -0.7978533 0 0.1231533 -0.9923877 0 0.1231533 -0.9923877 0 -0.3895378 -0.9210104 0 -0.3895378 -0.9210104 0 -0.7978569 -0.602847 0 -0.7978569 -0.602847 0 -0.9923877 -0.1231533 0 -0.9923877 -0.1231533 0 -0.9210104 0.3895378 0 -0.9210104 0.3895378 0 -0.602847 0.7978569 0 -0.602847 0.7978569 0 -0.1231533 0.9923877 0 -0.1231533 0.9923877 0 0 -1 0 0 -1 0 0 -1 0 0 -1 0 0 -1 0 0 -1 0 0 -1 0 0 -1 0 0 -1 0 0 -1 0 0 -1 0 0 -1 0 0 -1 0 0 -1 0 0 -1 0 0 -1 0 0 -1 0 0 -1 0 0 -1 0 0 -1 0 0 -1 0 0 -1 0 0 -1 0 0 -1 0 0 -1 0 0 -1 0 0 -1 0 0 -1 0 0 -1 0 0 -1 0 0 -1 0 0 -1 0 0 -1 0 0 -1 0 0 -1 0 0 -1 0 0 -1 0 0 -1 0 0 -1 0 0 -1 0 0 -1 0 0 -1 0 0 -1 0 0 -1 0 0 1 0 0 1 0 0 1 0 0 1 0 0 1 0 0 1 0 0 1 0 0 1 0 0 1 0 0 1 0 0 1 0 0 1 0 0 1 0 0 1 0 0 1 0 0 1 0 0 1 0 0 1 0 0 1 0 0 1 0 0 1 0 0 1 0 0 1 0 0 1 0 0 1 0 0 1 0 0 1 0 0 1 0 0 1 0 0 1 0 0 1 0 0 1 0 0 1 0 0 1 0 0 1 0 0 1 0 0 1 0 0 1 0 0 1 0 0 1 0 0 1 0 0 1 0 0 1 0 0 1 0.9492422 0.3145461 0 0.1160923 0.9932384 0 0.5495083 0.8354883 0 0.6134293 0.7896733 0.01098215 0.5249711 0.8511201 0 0.3420259 0.9396905 0 0.414547 0.9099752 0.009800136 0.3145468 0.9492419 0 0.8660266 0.499998 0 0.9037756 0.4277894 0.01363849 0.8511168 0.5249764 0 0.727371 0.6862445 0 0.7796006 0.6261563 0.01229673 0.707104 0.7071095 0 0.9786233 0.205127 0.01481151 0.9579894 0.2868037 0 0.9961947 0.08715492 0 0.9983007 0.05814415 0.003887355 0.999577 -0.02908372 0 0.9894415 -0.1449326 0 0.9848005 -0.1736474 0.003808617 0.965926 -0.2588183 0 0.9293476 -0.369206 0 0.9182097 -0.3960783 0.003594398 0.8801984 -0.4746059 0 0.819153 -0.573575 0 0.8021178 -0.5971568 0.003296494 0.7470158 -0.6648061 0 0.6648002 -0.7470212 0 0.642785 -0.7660408 0.002970576 0.573562 -0.8191621 0 0.474605 -0.880199 0 0.4488015 -0.8936276 0.002657055 0.3692077 -0.9293469 0 0.2588123 -0.9659276 0 0.2306101 -0.9730434 0.002379477 0.1448599 -0.9894522 -1.98364e-6 0.2306107 -0.9730461 0 0.3061671 -0.9519326 -0.009275972 0.2022084 -0.9793425 0 0 -1 0 0.07884377 -0.9968519 -0.008366525 0.02487832 -0.9996817 -0.004187703 0.6427879 -0.7660443 0 0.7012228 -0.7128474 -0.01162683 0.6202354 -0.7844158 0 0.4488031 -0.8936307 0 0.5174301 -0.8556627 -0.01037013 0.4226182 -0.9063079 0 0.9182156 -0.3960809 0 0.9477246 -0.3187705 -0.01425981 0.9063077 -0.4226185 0 0.8021221 -0.59716 0 0.8474482 -0.5307195 -0.01297414 0.7844149 -0.6202365 0 0.9983007 0.05814415 -0.003867387 0.9995769 0.02908444 0 0.9848077 -0.1736487 0 0.9959619 -0.08847069 -0.01525938 0.9793406 -0.2022181 0 0.9579827 0.2868017 -0.003715634 0.9659257 0.2588192 0 0.9894413 0.1449341 0 0.8660215 0.4999951 -0.003451645 0.8802012 0.4746006 0 0.9293468 0.369208 0 0.7273675 0.6862411 -0.003133296 0.7470215 0.6647999 0 0.8191587 0.573567 0 0.5495061 0.835485 -0.002810597 0.5735803 0.8191493 0 0.664797 0.747024 0 0.3420248 0.9396876 -0.002513289 0.3692141 0.9293444 0 0.4745839 0.8802103 0 0.193741 0.9810133 0.008794903 0.08716386 0.996194 0 -0.1160923 0.9932384 0 0.05806696 -0.9983127 4.55718e-6 0 -0.9999957 0.002935111 -0.05815714 -0.9983075 0 -0.2306107 -0.9730461 0 -0.2306107 -0.9730461 0 -0.4488031 -0.8936307 0 -0.4488031 -0.8936307 0 -0.6427879 -0.7660442 0 -0.6427879 -0.7660442 0 -0.8021221 -0.5971601 0 -0.8021221 -0.5971601 0 -0.9182157 -0.3960809 0 -0.9182157 -0.3960809 0 -0.9848077 -0.1736487 0 -0.9848077 -0.1736487 0 -0.9983082 0.05814433 0 -0.9983082 0.05814433 0 -0.9579893 0.286804 0 -0.9579893 0.286804 0 -0.8660265 0.499998 0 -0.8660265 0.499998 0 -0.727371 0.6862444 0 -0.727371 0.6862444 0 -0.5495083 0.8354883 0 -0.5495083 0.8354883 0 -0.3420258 0.9396906 0 -0.3420258 0.9396906 0 -0.1160923 0.9932384 0 -0.1160923 0.9932384 0 0.02907556 0.9995772 0 0.116092 0.9932359 -0.002257466 0.1449341 0.9894413 0 0.2588175 0.9659262 0 -0.3826719 -0.9238502 -0.007930636 -0.3826732 -0.9238497 -0.007930397 -0.6087463 -0.7933254 -0.007930517 -0.6087418 -0.7933288 -0.007931351 -0.7933259 -0.6087456 -0.007931351 -0.7933294 -0.608741 -0.007930457 -0.9238509 -0.3826703 -0.007930755 -0.9238505 -0.3826714 -0.007930934 -0.9914138 -0.1305211 -0.007931172 -0.9914137 -0.1305219 -0.007931292 -0.9914136 0.1305225 -0.007931292 -0.9914135 0.1305233 -0.007931172 -0.9238509 0.3826703 -0.007930934 -0.9238505 0.3826714 -0.007930755 -0.7933259 0.6087456 -0.007930457 -0.7933294 0.608741 -0.007931351 -0.6087463 0.7933254 -0.007931351 -0.6087418 0.7933288 -0.007930517 -0.3826719 0.9238503 -0.007930397 -0.3826732 0.9238497 -0.007930636 -0.1305214 0.9914137 -0.007930576 -0.1305189 0.9914141 -0.007930219 0.1305214 0.9914138 -0.007930219 0.1305189 0.9914141 -0.007930576 0.382672 0.9238502 -0.007930636 0.3826732 0.9238497 -0.007930397 0.6087462 0.7933254 -0.007930517 0.6087418 0.7933288 -0.007931351 0.7933259 0.6087456 -0.007931351 0.7933292 0.6087412 -0.007930517 0.9238509 0.3826702 -0.007930815 0.9238506 0.3826711 -0.007930934 0.9914136 0.1305225 -0.007931172 0.9914135 0.1305233 -0.007931292 0.9914138 -0.1305211 -0.007931292 0.9914137 -0.1305219 -0.007931172 0.9238509 -0.3826703 -0.007930934 0.9238506 -0.3826711 -0.007930815 0.7933259 -0.6087456 -0.007930517 0.7933292 -0.6087412 -0.007931292 0.6087462 -0.7933254 -0.007931351 0.6087418 -0.7933288 -0.007930517 0.382672 -0.9238502 -0.007930397 0.3826732 -0.9238497 -0.007930636 0.1305214 -0.9914137 -0.007930576 0.1305189 -0.9914141 -0.007930219 -0.1305214 -0.9914137 -0.007930219 -0.1305188 -0.9914141 -0.007930576 -0.3826719 0.9238502 0.007930636 -0.3826732 0.9238497 0.007930397 -0.6087463 0.7933254 0.007930517 -0.6087418 0.7933288 0.007931351 -0.7933259 0.6087456 0.007931351 -0.7933294 0.608741 0.007930457 -0.9238509 0.3826703 0.007930755 -0.9238505 0.3826714 0.007930934 -0.9914136 0.1305225 0.007931172 -0.9914135 0.1305233 0.007931292 -0.9914138 -0.1305211 0.007931292 -0.9914137 -0.1305219 0.007931172 -0.9238509 -0.3826703 0.007930934 -0.9238505 -0.3826714 0.007930755 -0.7933259 -0.6087456 0.007930457 -0.7933294 -0.608741 0.007931351 -0.6087463 -0.7933254 0.007931351 -0.6087418 -0.7933288 0.007930517 -0.3826719 -0.9238503 0.007930397 -0.3826732 -0.9238497 0.007930636 -0.1305214 -0.9914137 0.007930576 -0.1305189 -0.9914141 0.007930219 0.1305214 -0.9914138 0.007930219 0.1305189 -0.9914141 0.007930576 0.382672 -0.9238502 0.007930636 0.3826732 -0.9238497 0.007930397 0.6087462 -0.7933254 0.007930517 0.6087418 -0.7933288 0.007931351 0.7933259 -0.6087456 0.007931351 0.7933292 -0.6087412 0.007930517 0.9238509 -0.3826702 0.007930815 0.9238506 -0.3826711 0.007930934 0.9914138 -0.1305211 0.007931172 0.9914137 -0.1305219 0.007931292 0.9914136 0.1305225 0.007931292 0.9914135 0.1305233 0.007931172 0.9238509 0.3826703 0.007930934 0.9238506 0.3826711 0.007930815 0.7933259 0.6087456 0.007930517 0.7933292 0.6087412 0.007931292 0.6087462 0.7933254 0.007931351 0.6087418 0.7933288 0.007930517 0.382672 0.9238502 0.007930397 0.3826732 0.9238497 0.007930636 0.1305214 0.9914137 0.007930576 0.1305189 0.9914141 0.007930219 -0.1305214 0.9914137 0.007930219 -0.1305188 0.9914141 0.007930576 0.007930338 -0.3826709 0.9238507 0.007929921 -0.3826733 0.9238497 0.007929742 -0.6087496 0.7933228 0.007931411 -0.6087404 0.7933298 0.00793147 -0.7933228 0.6087496 0.007930696 -0.793326 0.6087455 0.007930517 -0.9238507 0.3826708 0.007930934 -0.9238497 0.3826733 0.007930696 -0.9914137 0.1305218 0.007930219 -0.9914141 0.1305187 0.007930219 -0.9914139 -0.1305205 0.007930457 -0.9914141 -0.1305187 0.007930338 -0.9238491 -0.3826746 0.007930517 -0.9238497 -0.3826733 0.007930696 -0.7933268 -0.6087445 0.007931411 -0.7933298 -0.6087404 0.007931411 -0.6087428 -0.793328 0.007930994 -0.6087404 -0.7933298 0.007931351 -0.3826708 -0.9238507 0.007931768 -0.3826733 -0.9238497 0.007932007 -0.1305205 -0.9914139 0.007931768 -0.1305187 -0.9914141 0.007931768 0.1305218 -0.9914138 0.007932007 0.1305201 -0.991414 0.007931768 0.3826709 -0.9238507 0.007931351 0.3826733 -0.9238497 0.007930994 0.6087428 -0.793328 0.007931411 0.6087404 -0.7933298 0.007931411 0.7933267 -0.6087443 0.007930696 0.7933298 -0.6087404 0.007930517 0.9238491 -0.3826746 0.007930338 0.9238497 -0.3826733 0.007930457 0.9914138 -0.1305205 0.007930219 0.9914141 -0.1305187 0.007930219 0.9914138 0.1305218 0.007930696 0.9914141 0.1305187 0.007930934 0.9238507 0.3826709 0.007930517 0.9238497 0.3826733 0.007930696 0.7933228 0.6087496 0.007931411 0.793326 0.6087455 0.00793147 0.6087496 0.7933228 0.007929742 0.6087404 0.7933298 0.007929921 0.3826708 0.9238507 0.007930338 0.3826733 0.9238497 0.007930457 0.1305218 0.9914138 0.007931768 0.1305304 0.9914126 0.007931768 -0.1305205 0.9914139 0.007930457 -0.1305291 0.9914128 1 0 0 1 0 0 1 0 0 1 0 0 1 0 0 1 0 0 1 0 0 1 0 0 1 0 0 1 0 0 1 0 0 1 0 0 1 0 0 1 0 0 1 0 0 1 0 0 1 0 0 1 0 0 1 0 0 1 0 0 1 0 0 1 0 0 1 0 0 1 0 0 1 0 0 1 0 0 1 0 0 1 0 0 1 0 0 1 0 0 1 0 0 1 0 0 1 0 0 1 0 0 1 0 0 1 0 0 1 0 0 1 0 0 1 0 0 1 0 0 1 0 0 1 0 0 1 0 0 1 0 0 1 0 0 1 0 0 1 0 0 1 0 0 1 0 0 1 0 0 1 0 0 0 -0.1449345 0.9894412 0 0.2588239 -0.9659245 0 0.9983077 0.05815303 0 0.9848075 -0.1736498 0.009029865 0.9681077 -0.2503718 0 0.9894412 -0.1449345 0 0.8021233 -0.5971586 0.01129847 0.7525684 -0.6584172 0 0.8191503 -0.573579 0 0.918215 -0.3960824 0.01007646 0.8843372 -0.46674 0 0.9293444 -0.3692141 0 0.4487965 -0.893634 0.01395469 0.3739574 -0.9273409 0 0.4745955 -0.880204 0 0.6427883 -0.7660439 0.01263588 0.5794531 -0.8149076 0 0.6647974 -0.7470238 0.01505053 0.1470757 -0.9890108 0 0.2306205 -0.9730438 0 0.02908325 -0.999577 0.003882229 0 -0.9999925 0 -0.08715265 -0.996195 0 -0.2022207 -0.9793399 0.003766238 -0.2306188 -0.9730369 0 -0.3145541 -0.9492396 0 -0.4226185 -0.9063077 0.003524839 -0.4487937 -0.8936284 0 -0.5249664 -0.851123 0 -0.6202363 -0.784415 0.003215253 -0.642785 -0.7660399 0 -0.7071068 -0.7071068 0 -0.784415 -0.6202363 0.002889454 -0.8021199 -0.5971561 0 -0.8511166 -0.5249767 0 -0.9063077 -0.4226185 0.002583563 -0.918212 -0.396081 0 -0.9492396 -0.3145541 0 -0.9793424 -0.2022088 0.002316117 -0.9848049 -0.1736493 -9.70954e-7 -0.9961949 -0.08715313 0 -0.9579907 0.2867992 0.0435763 -0.9989445 0.01453191 1.60551e-6 -0.9995784 0.02903163 0.008568167 -0.9906089 0.1364579 0 -0.9983077 0.05815303 0 -0.9659276 0.2588124 0.009531855 -0.9325379 0.3609463 0 -0.727375 0.6862403 0.01195794 -0.6706769 0.7416533 0 -0.7470231 0.6647982 0 -0.8660247 0.5000011 0.01066827 -0.8240914 0.5663564 0 -0.8801988 0.4746051 0 -0.3420175 0.9396936 0.01454657 -0.2624247 0.9648429 0 -0.3692033 0.9293487 0 -0.5495089 0.8354879 0.01331114 -0.480099 0.8771132 0 -0.573579 0.8191503 0.015432 -0.02955788 0.999444 0 -0.1161019 0.9932373 0 0.08716338 0.9961941 0.003842651 0.1160999 0.9932301 0 0.2022256 0.979339 0 0.3145373 0.9492451 0.003658592 0.3420153 0.9396874 0 0.4226269 0.9063037 0 0.5249708 0.8511202 0.003376007 0.5495058 0.8354831 0 0.6202505 0.7844038 0 0.7071068 0.7071068 0.003051757 0.7273716 0.686237 0 0.7844181 0.6202324 0 0.8511168 0.5249763 0.002732276 0.8660215 0.4999994 0 0.9063037 0.4226269 0 0.9492414 0.3145485 0.002445638 0.9579879 0.2867984 0 0.9793463 0.20219 0 0.9983077 0.05815303 0.05816876 0.9978813 0.02914255 0 0 -1 0 0 -1 0 0 -1 0 0 -1 0 0 -1 0 0 -1 0 0 -1 0 0 -1 0 0 -1 0 0 -1 0 0 -1 0 0 -1 0 0 -1 0 0 -1 0 0 -1 0 0 -1 0 0 -1 0 0 -1 0 0 -1 0 0 -1 0 0 -1 0 0 -1 0 0 -1 0 0 -1 0 0 -1 0 0 -1 0 0 -1 0 0 -1 0 0 -1 0 0 -1 0 0 -1 0 0 -1 0 0 -1 0 0 -1 0 0 -1 0 0 -1 0 0 -1 0 0 -1 0 0 -1 0 0 -1 0 0 -1 0 0 -1 0 0 -1 0 0 -1 0 0 -1 0 0 -1 0 0 -1 0 0 -1 0 0 -1 0 0 -1 0 0 -1 0 0 1 0 0 1 0 0 1 0 0 1 0 0 1 0 0 1 0 0 1 0 0 1 0 0 1 0 0 1 0 0 1 0 0 1 0 0 1 0 0 1 0 0 1 0 0 1 0 0 1 0 0 1 0 0 1 0 0 1 0 0 1 0 0 1 0 0 1 0 0 1 0 0 1 0 0 1 0 0 1 0 0 1 0 0 1 0 0 1 0 0 1 0 0 1 0 0 1 0 0 1 0 0 1 0 0 1 0 0 1 0 0 1 0 0 1 0 0 1 0 0 1 0 0 1 0 0 1 0 0 1 0 0 1 0 0 1 0 0 1 0 0 1 0 0 1 0 0 1 0 0 1 1 0 0 1 0 0 1 0 0 1 0 0 1 0 0 1 0 0 1 0 0 1 0 0 1 0 0 1 0 0 1 0 0 1 0 0 1 0 0 1 0 0 1 0 0 1 0 0 1 0 0 1 0 0 1 0 0 1 0 0 1 0 0 1 0 0 1 0 0 1 0 0 1 0 0 1 0 0 1 0 0 1 0 0 1 0 0 1 0 0 1 0 0 1 0 0 1 0 0 1 0 0 1 0 0 1 0 0 1 0 0 1 0 0 1 0 0 1 0 0 1 0 0 1 0 0 1 0 0 1 0 0 -0.156435 -0.9876883 0 -0.4539907 -0.8910064 0 -0.5084723 -0.8608668 0.01908826 -0.3826662 -0.9238867 0 -0.8910084 -0.4539869 0 -0.9187215 -0.3936386 0.03161412 -0.8526428 -0.5224944 0 -0.7071027 -0.7071108 0 -0.7497412 -0.6612772 0.02450573 -0.6494437 -0.7604098 0 -0.9874937 0.1564036 0.01985216 -0.9969173 0.07846003 0 -0.9876883 -0.1564344 0 -0.9959232 -0.08143413 0.03880006 -0.9723693 -0.233448 0 -0.8908745 0.4539248 0.01717418 -0.9238772 0.382689 0 -0.9723706 0.2334426 0 -0.7070367 0.7070448 0.01366895 -0.7604023 0.6494522 0 -0.8526427 0.5224943 0 -0.4539649 0.8909556 0.01067304 -0.5225137 0.8526309 0 -0.6494437 0.7604098 0 0.156435 0.9876883 0 -0.07845127 0.9969179 0 -0.1564294 0.9876527 0.008483827 -0.2334538 0.972368 0 -0.3826662 0.9238867 0 -0.156435 0.9876883 0 -0.4539907 0.8910064 0 -0.5084723 0.8608668 -0.01908826 -0.3826662 0.9238867 0 -0.8910058 0.4539917 0 -0.9187182 0.3936466 -0.03161209 -0.8526428 0.5224943 0 -0.7071028 0.7071109 0 -0.7497415 0.6612769 -0.02450579 -0.6494437 0.7604098 0 -0.9874937 -0.1564036 -0.01985311 -0.9969174 -0.07845818 0 -0.9876883 0.1564344 0 -0.9959231 0.08143508 -0.03879934 -0.9723706 0.2334426 0 -0.890877 -0.45392 -0.01717531 -0.9238808 -0.3826805 0 -0.9723693 -0.2334481 0 -0.7070367 -0.7070448 -0.01366895 -0.7604024 -0.6494523 0 -0.8526428 -0.5224943 0 -0.4539649 -0.8909556 -0.01067304 -0.5225137 -0.8526309 0 -0.6494437 -0.7604098 0 0.156435 -0.9876883 0 -0.07845127 -0.996918 0 -0.1564294 -0.9876527 -0.008483827 -0.2334538 -0.9723679 0 -0.3826662 -0.9238867 0 -0.2189142 -0.9756239 0.01532113 -0.07845127 -0.9969179 0 0.156435 -0.9876883 0 0.156435 -0.9876883 0 0.4539909 -0.8910063 0 0.4539909 -0.8910063 0 0.7071026 -0.7071109 0 0.7071026 -0.7071109 0 0.8910084 -0.4539869 0 0.8910084 -0.4539869 0 0.9876884 -0.1564342 0 0.9876884 -0.1564342 0 0.9876884 0.1564342 0 0.9876884 0.1564342 0 0.8910059 0.4539918 0 0.8910059 0.4539918 0 0.7071026 0.7071109 0 0.7071026 0.7071109 0 0.4539909 0.8910063 0 0.4539909 0.8910063 0 0.156435 0.9876883 0 0.156435 0.9876883 0 -0.07845127 0.996918 0 -0.2189145 0.9756237 -0.01532119 0 0.2334284 0.972374 0 0.8910058 0.453992 -0.01532065 0.9756242 0.2189123 0 0.9876883 0.156435 0 0.9238844 0.3826717 -0.01908677 0.8608684 0.5084696 0 0.4539921 0.8910057 -0.03161096 0.3936493 0.918717 0 0.5224922 0.8526441 0 0.7071128 0.7071008 -0.02450287 0.661285 0.7497345 0 0.7604061 0.6494479 -0.03879165 0.08145087 0.9959222 0 0.156435 0.9876883 0 -0.07847422 0.9969161 -0.01984924 -0.1564041 0.9874937 0 -0.2334339 0.9723727 0 -0.3826837 0.9238794 -0.01717472 -0.4539203 0.8908768 0 -0.5224922 0.8526441 0 -0.6494618 0.7603942 -0.01366746 -0.7070468 0.7070347 0 -0.7604061 0.6494479 0 -0.8526334 0.5225096 -0.01067227 -0.890955 0.4539662 0 -0.9238844 0.3826717 0 -0.9723685 0.2334511 -0.008483648 -0.9876527 0.1564294 0 -0.9969179 0.07845222 0 -0.8910083 -0.4539872 -0.01908826 -0.860869 -0.5084685 0 -0.9238879 -0.3826632 0 -0.9876883 -0.156435 -0.01532167 -0.9756233 -0.2189164 0 -0.996918 -0.07845032 0 -0.4539872 -0.8910083 -0.03161287 -0.3936412 -0.9187204 0 -0.5224922 -0.8526441 0 -0.7071068 -0.7071068 -0.02450567 -0.6612727 -0.7497452 0 -0.7604061 -0.6494479 -0.0198543 0.1564041 -0.9874935 0 0.07845222 -0.9969179 0 -0.156435 -0.9876883 -0.03880441 -0.08142602 -0.9959237 0 -0.2334566 -0.9723672 -0.01717352 0.4539251 -0.8908743 0 0.3826922 -0.9238759 0 0.2334511 -0.9723685 -0.01366895 0.7070407 -0.7070407 0 0.6494479 -0.7604061 0 0.5224922 -0.8526441 -0.01067304 0.8909574 -0.4539613 0 0.8526334 -0.5225096 0 0.7604061 -0.6494479 0 0.9969179 0.07845222 0 0.996918 -0.07845032 -0.008484065 0.9876527 -0.1564294 0 0.9723672 -0.2334566 0 0.9238879 -0.3826632 0 1 0 0 1 0 0 1 0 0 1 0 0 1 0 0 1 0 0 1 0 0 1 0 0 1 0 0 1 0 0 1 0 0 1 0 0 1 0 0 1 0 0 1 0 0 1 0 0 1 0 0 1 0 0 1 0 0 1 0 0 1 0 0 1 0 0 1 0 0 1 0 0 -1 0 0 -1 0 0 -1 0 0 -1 0 0 -1 0 0 -1 0 0 -1 0 0 -1 0 0 -1 0 0 -1 0 0 -1 0 0 -1 0 0 -1 0 0 -1 0 0 -1 0 0 -1 0 0 -1 0 0 -1 0 0 -1 0 0 -1 0 0 -1 0 0 -1 0 0 -1 0 0 -1 0 -0.9659261 0 -0.2588182 -0.7071069 0 -0.7071068 -0.7071069 0 -0.7071068 -0.2588172 0 -0.9659264 -0.2588172 0 -0.9659264 0.2588171 0 -0.9659264 0.2588171 0 -0.9659264 0.7071069 0 -0.7071068 0.7071069 0 -0.7071068 0.9659261 0 -0.2588182 0.9659261 0 -0.2588182 0.9659257 0 0.2588195 0.9659257 0 0.2588195 0.7071069 0 0.7071068 0.7071069 0 0.7071068 0.2588171 0 0.9659264 0.2588171 0 0.9659264 -0.2588172 0 0.9659264 -0.2588172 0 0.9659264 -0.7071069 0 0.7071068 -0.7071069 0 0.7071068 -0.9659257 0 0.2588195 -0.9659257 0 0.2588195 -0.9659261 0 -0.2588182 0.9659261 0 0.258818 0.9659261 0 0.258818 0.7071064 0 0.7071071 0.7071064 0 0.7071071 0.2588159 0 0.9659267 0.2588159 0 0.9659267 -0.2588159 0 0.9659267 -0.2588159 0 0.9659267 -0.7071065 0 0.7071071 -0.7071065 0 0.7071071 -0.9659261 0 0.258818 -0.9659261 0 0.258818 -0.9659256 0 -0.2588199 -0.9659256 0 -0.2588199 -0.7071065 0 -0.7071071 -0.7071065 0 -0.7071071 -0.2588229 0 -0.9659249 -0.2588229 0 -0.9659249 0.2588229 0 -0.9659247 0.2588229 0 -0.9659247 0.7071064 0 -0.7071071 0.7071064 0 -0.7071071 0.9659256 0 -0.2588199 0.9659256 0 -0.2588199 1 0 0 1 0 0 1 0 0 1 0 0 1 0 0 1 0 0 1 0 0 1 0 0 1 0 0 1 0 0 1 0 0 1 0 0 1 0 0 1 0 0 1 0 0 1 0 0 1 0 0 1 0 0 1 0 0 1 0 0 1 0 0 1 0 0 1 0 0 1 0 0 -1 0 0 -1 0 0 -1 0 0 -1 0 0 -1 0 0 -1 0 0 -1 0 0 -1 0 0 -1 0 0 -1 0 0 -1 0 0 -1 0 0 -1 0 0 -1 0 0 -1 0 0 -1 0 0 -1 0 0 -1 0 0 -1 0 0 -1 0 0 -1 0 0 -1 0 0 -1 0 0 -1 0 0 0 -0.3242534 -0.9459703 0 -0.7537974 -0.657107 0 -0.7537974 -0.657107 0 -0.9813603 -0.1921769 0 -0.9813603 -0.1921769 0 -0.945972 0.3242486 0 -0.945972 0.3242486 0 -0.65711 0.7537947 0 -0.65711 0.7537947 0 -0.1921707 0.9813615 0 -0.1921707 0.9813615 0 0.3242502 0.9459713 0 0.3242502 0.9459713 0 0.7537947 0.65711 0 0.7537947 0.65711 0 0.9813603 0.1921769 0 0.9813603 0.1921769 0 0.9459703 -0.3242534 0 0.9459703 -0.3242534 0 0.65711 -0.7537947 0 0.65711 -0.7537947 0 0.1921769 -0.9813603 0 0.1921769 -0.9813603 0 -0.3242534 -0.9459703 0 0.3242545 0.9459699 0 0.3242545 0.9459699 0 0.7537981 0.6571062 0 0.7537981 0.6571062 0 0.98136 0.1921784 0 0.98136 0.1921784 0 0.9459722 -0.3242477 0 0.9459722 -0.3242477 0 0.6571024 -0.7538014 0 0.6571024 -0.7538014 0 0.1921784 -0.98136 0 0.1921784 -0.98136 0 -0.32425 -0.9459714 0 -0.32425 -0.9459714 0 -0.7537943 -0.6571104 0 -0.7537943 -0.6571104 0 -0.9813603 -0.192177 0 -0.9813603 -0.192177 0 -0.9459691 0.3242567 0 -0.9459691 0.3242567 0 -0.6571104 0.7537943 0 -0.6571104 0.7537943 0 -0.1921784 0.98136 0 -0.1921784 0.98136</float_array>
          <technique_common>
            <accessor source="#torpedo_mount-mesh-normals-array" count="5368" stride="3">
              <param name="X" type="float"/>
              <param name="Y" type="float"/>
              <param name="Z" type="float"/>
            </accessor>
          </technique_common>
        </source>
        <vertices id="torpedo_mount-mesh-vertices">
          <input semantic="POSITION" source="#torpedo_mount-mesh-positions"/>
        </vertices>
        <triangles material="Material_004-material" count="5368">
          <input semantic="VERTEX" source="#torpedo_mount-mesh-vertices" offset="0"/>
          <input semantic="NORMAL" source="#torpedo_mount-mesh-normals" offset="1"/>
          <p>0 0 1 0 2 0 2 1 1 1 3 1 2 2 3 2 4 2 4 3 3 3 5 3 4 4 5 4 6 4 6 5 5 5 7 5 6 6 7 6 8 6 8 7 7 7 9 7 8 8 9 8 10 8 9 9 11 9 10 9 10 10 11 10 12 10 10 11 12 11 13 11 13 12 12 12 14 12 13 13 14 13 15 13 15 14 14 14 16 14 15 15 16 15 17 15 17 16 16 16 18 16 17 17 18 17 19 17 19 18 18 18 20 18 19 19 20 19 21 19 22 20 23 20 24 20 24 21 23 21 25 21 24 22 25 22 26 22 26 23 25 23 27 23 26 24 27 24 28 24 28 25 27 25 29 25 28 26 29 26 30 26 30 27 29 27 31 27 30 28 31 28 0 28 0 29 31 29 32 29 0 30 32 30 1 30 20 31 33 31 21 31 21 32 33 32 34 32 21 33 34 33 35 33 35 34 34 34 36 34 35 35 36 35 37 35 37 36 36 36 38 36 37 37 38 37 39 37 39 38 38 38 40 38 39 39 40 39 41 39 41 40 40 40 42 40 41 41 42 41 22 41 22 42 42 42 43 42 22 43 43 43 23 43 44 44 45 44 46 44 46 45 45 45 47 45 46 46 47 46 48 46 48 47 47 47 49 47 48 48 49 48 50 48 50 49 49 49 51 49 50 50 51 50 52 50 53 51 54 51 55 51 55 52 54 52 56 52 55 53 56 53 57 53 57 54 56 54 58 54 57 55 58 55 59 55 59 56 58 56 60 56 59 57 60 57 61 57 61 58 60 58 62 58 61 59 62 59 63 59 62 60 64 60 63 60 63 61 64 61 65 61 63 62 65 62 66 62 66 63 65 63 67 63 66 64 67 64 68 64 68 65 67 65 69 65 68 66 69 66 70 66 70 67 69 67 71 67 70 68 71 68 72 68 72 69 71 69 73 69 72 70 73 70 44 70 44 71 73 71 74 71 44 72 74 72 45 72 51 73 75 73 52 73 52 74 75 74 76 74 52 75 76 75 77 75 77 76 76 76 78 76 77 77 78 77 79 77 79 78 78 78 80 78 79 79 80 79 81 79 81 80 80 80 82 80 81 81 82 81 83 81 83 82 82 82 84 82 83 83 84 83 85 83 85 84 84 84 86 84 85 85 86 85 53 85 53 86 86 86 87 86 53 87 87 87 54 87 88 88 89 88 90 88 91 89 92 89 93 89 94 90 95 90 96 90 96 91 97 91 94 91 94 92 97 92 98 92 94 93 98 93 92 93 92 94 98 94 99 94 92 95 99 95 93 95 90 96 89 96 100 96 89 97 101 97 100 97 100 98 101 98 102 98 100 99 102 99 95 99 95 100 102 100 103 100 95 101 103 101 96 101 88 102 90 102 104 102 104 103 90 103 105 103 104 104 105 104 106 104 106 105 105 105 107 105 106 106 107 106 108 106 108 107 107 107 109 107 109 108 107 108 110 108 109 109 110 109 111 109 111 110 110 110 112 110 112 111 110 111 113 111 112 112 113 112 114 112 114 113 113 113 115 113 115 114 113 114 116 114 115 115 116 115 117 115 117 116 116 116 118 116 118 117 116 117 119 117 118 118 119 118 120 118 120 119 119 119 121 119 121 120 119 120 122 120 121 121 122 121 123 121 123 122 122 122 124 122 124 123 122 123 125 123 124 124 125 124 126 124 127 125 128 125 129 125 129 126 130 126 127 126 127 127 130 127 131 127 127 128 131 128 132 128 132 129 131 129 133 129 132 130 133 130 134 130 135 131 136 131 137 131 137 132 138 132 135 132 135 133 138 133 139 133 135 134 139 134 128 134 128 135 139 135 140 135 128 136 140 136 129 136 141 137 142 137 143 137 143 138 144 138 141 138 141 139 144 139 145 139 141 140 145 140 136 140 136 141 145 141 146 141 136 142 146 142 137 142 147 143 148 143 149 143 149 144 148 144 150 144 149 145 150 145 142 145 142 146 150 146 151 146 142 147 151 147 143 147 152 148 153 148 147 148 147 149 153 149 154 149 147 150 154 150 148 150 155 151 156 151 152 151 152 152 156 152 157 152 152 153 157 153 153 153 158 154 159 154 155 154 155 155 159 155 160 155 155 156 160 156 156 156 161 157 162 157 158 157 158 158 162 158 163 158 158 159 163 159 159 159 164 160 165 160 161 160 161 161 165 161 166 161 161 162 166 162 162 162 93 163 167 163 91 163 91 164 167 164 168 164 91 165 168 165 169 165 126 166 125 166 134 166 134 167 125 167 170 167 134 168 170 168 132 168 132 169 170 169 171 169 132 170 171 170 172 170 172 171 171 171 173 171 172 172 173 172 174 172 174 173 173 173 175 173 174 174 175 174 176 174 176 175 175 175 177 175 176 176 177 176 178 176 178 177 177 177 179 177 178 178 179 178 180 178 180 179 179 179 181 179 180 180 181 180 182 180 182 181 181 181 183 181 182 182 183 182 184 182 184 183 183 183 185 183 184 184 185 184 186 184 186 185 185 185 187 185 186 186 187 186 188 186 188 187 187 187 189 187 188 188 189 188 190 188 190 189 189 189 191 189 190 190 191 190 192 190 192 191 191 191 169 191 192 192 169 192 193 192 193 193 169 193 168 193 193 194 168 194 194 194 194 195 168 195 195 195 194 196 195 196 164 196 164 197 195 197 196 197 164 198 196 198 165 198 42 199 197 199 43 199 43 200 197 200 198 200 43 201 198 201 23 201 23 202 198 202 199 202 23 203 199 203 25 203 25 204 199 204 200 204 25 205 200 205 27 205 27 206 200 206 201 206 27 207 201 207 29 207 29 208 201 208 202 208 29 209 202 209 31 209 31 210 202 210 203 210 31 211 203 211 32 211 32 212 203 212 204 212 32 213 204 213 1 213 1 214 204 214 205 214 1 215 205 215 3 215 3 216 205 216 206 216 3 217 206 217 5 217 5 218 206 218 207 218 5 219 207 219 7 219 7 220 207 220 208 220 7 221 208 221 9 221 9 222 208 222 209 222 9 223 209 223 11 223 11 224 209 224 210 224 11 225 210 225 12 225 12 226 210 226 211 226 12 227 211 227 14 227 14 228 211 228 212 228 14 229 212 229 16 229 16 230 212 230 213 230 16 231 213 231 18 231 18 232 213 232 214 232 18 233 214 233 20 233 20 234 214 234 215 234 20 235 215 235 33 235 33 236 215 236 216 236 33 237 216 237 34 237 34 238 216 238 217 238 34 239 217 239 36 239 36 240 217 240 218 240 36 241 218 241 38 241 38 242 218 242 219 242 38 243 219 243 40 243 40 244 219 244 220 244 40 245 220 245 42 245 42 246 220 246 197 246 84 247 221 247 86 247 86 248 221 248 222 248 86 249 222 249 87 249 87 250 222 250 223 250 87 251 223 251 54 251 54 252 223 252 224 252 54 253 224 253 56 253 56 254 224 254 225 254 56 255 225 255 58 255 58 256 225 256 226 256 58 257 226 257 60 257 60 258 226 258 227 258 60 259 227 259 62 259 62 260 227 260 228 260 62 261 228 261 64 261 64 262 228 262 229 262 64 263 229 263 65 263 65 264 229 264 230 264 65 265 230 265 67 265 67 266 230 266 231 266 67 267 231 267 69 267 69 268 231 268 232 268 69 269 232 269 71 269 71 270 232 270 233 270 71 271 233 271 73 271 73 272 233 272 234 272 73 273 234 273 74 273 74 274 234 274 235 274 74 275 235 275 45 275 45 276 235 276 236 276 45 277 236 277 47 277 47 278 236 278 237 278 47 279 237 279 49 279 49 280 237 280 238 280 49 281 238 281 51 281 51 282 238 282 239 282 51 283 239 283 75 283 75 284 239 284 240 284 75 285 240 285 76 285 76 286 240 286 241 286 76 287 241 287 78 287 78 288 241 288 242 288 78 289 242 289 80 289 80 290 242 290 243 290 80 291 243 291 82 291 82 292 243 292 244 292 82 293 244 293 84 293 84 294 244 294 221 294 245 295 246 295 247 295 247 296 246 296 248 296 247 297 248 297 249 297 249 298 248 298 250 298 249 299 250 299 251 299 251 300 250 300 252 300 251 301 252 301 253 301 253 302 252 302 254 302 253 303 254 303 255 303 255 304 254 304 256 304 255 305 256 305 257 305 257 306 256 306 258 306 257 307 258 307 259 307 259 308 258 308 260 308 259 309 260 309 261 309 261 310 260 310 262 310 261 311 262 311 263 311 263 312 262 312 264 312 263 313 264 313 265 313 265 314 264 314 266 314 265 315 266 315 267 315 267 316 266 316 268 316 267 317 268 317 269 317 269 318 268 318 270 318 269 319 270 319 271 319 271 320 270 320 272 320 271 321 272 321 273 321 273 322 272 322 274 322 273 323 274 323 275 323 275 324 274 324 276 324 275 325 276 325 277 325 277 326 276 326 278 326 277 327 278 327 279 327 279 328 278 328 280 328 279 329 280 329 281 329 281 330 280 330 282 330 281 331 282 331 283 331 283 332 282 332 284 332 283 333 284 333 285 333 285 334 284 334 286 334 285 335 286 335 287 335 287 336 286 336 288 336 287 337 288 337 289 337 289 338 288 338 290 338 289 339 290 339 291 339 291 340 290 340 292 340 291 341 292 341 245 341 245 342 292 342 246 342 260 343 293 343 262 343 262 344 293 344 294 344 262 345 294 345 264 345 264 346 294 346 295 346 264 347 295 347 266 347 266 348 295 348 296 348 266 349 296 349 268 349 268 350 296 350 297 350 268 351 297 351 270 351 270 352 297 352 298 352 270 353 298 353 272 353 272 354 298 354 299 354 272 355 299 355 274 355 292 356 300 356 246 356 246 357 300 357 301 357 246 358 301 358 248 358 248 359 301 359 302 359 248 360 302 360 250 360 250 361 302 361 303 361 250 362 303 362 252 362 252 363 303 363 304 363 252 364 304 364 254 364 254 365 304 365 305 365 254 366 305 366 256 366 256 367 305 367 306 367 256 368 306 368 258 368 258 369 306 369 307 369 258 370 307 370 260 370 260 371 307 371 308 371 260 372 308 372 293 372 299 373 309 373 274 373 274 374 309 374 310 374 274 375 310 375 276 375 276 376 310 376 311 376 276 377 311 377 278 377 278 378 311 378 312 378 278 379 312 379 280 379 280 380 312 380 313 380 280 381 313 381 282 381 282 382 313 382 314 382 282 383 314 383 284 383 284 384 314 384 315 384 284 385 315 385 286 385 286 386 315 386 316 386 286 387 316 387 288 387 288 388 316 388 317 388 288 389 317 389 290 389 290 390 317 390 318 390 290 391 318 391 292 391 292 392 318 392 319 392 292 393 319 393 300 393 108 394 109 394 298 394 154 395 153 395 301 395 307 396 306 396 195 396 305 397 165 397 306 397 306 398 165 398 196 398 306 399 196 399 195 399 304 400 303 400 159 400 159 401 163 401 304 401 304 402 163 402 162 402 304 403 162 403 305 403 305 404 162 404 166 404 305 405 166 405 165 405 301 406 153 406 302 406 153 407 157 407 302 407 302 408 157 408 156 408 302 409 156 409 303 409 303 410 156 410 160 410 303 411 160 411 159 411 154 412 301 412 148 412 148 413 301 413 300 413 148 414 300 414 150 414 150 415 300 415 319 415 150 416 319 416 151 416 151 417 319 417 143 417 143 418 319 418 318 418 143 419 318 419 144 419 144 420 318 420 145 420 145 421 318 421 317 421 145 422 317 422 146 422 146 423 317 423 137 423 137 424 317 424 316 424 137 425 316 425 138 425 138 426 316 426 139 426 139 427 316 427 315 427 139 428 315 428 140 428 140 429 315 429 129 429 129 430 315 430 314 430 129 431 314 431 130 431 130 432 314 432 131 432 131 433 314 433 313 433 131 434 313 434 133 434 312 435 311 435 121 435 134 436 133 436 126 436 126 437 133 437 313 437 126 438 313 438 124 438 124 439 313 439 312 439 124 440 312 440 123 440 123 441 312 441 121 441 310 442 309 442 115 442 115 443 117 443 310 443 310 444 117 444 118 444 310 445 118 445 311 445 311 446 118 446 120 446 311 447 120 447 121 447 298 448 109 448 299 448 109 449 111 449 299 449 299 450 111 450 112 450 299 451 112 451 309 451 309 452 112 452 114 452 309 453 114 453 115 453 108 454 298 454 106 454 106 455 298 455 297 455 106 456 297 456 104 456 104 457 297 457 296 457 104 458 296 458 88 458 88 459 296 459 89 459 89 460 296 460 295 460 89 461 295 461 101 461 101 462 295 462 102 462 102 463 295 463 294 463 102 464 294 464 103 464 103 465 294 465 96 465 96 466 294 466 293 466 96 467 293 467 97 467 97 468 293 468 98 468 98 469 293 469 308 469 98 470 308 470 99 470 99 471 308 471 93 471 93 472 308 472 307 472 93 473 307 473 167 473 167 474 307 474 195 474 167 475 195 475 168 475 199 476 155 476 200 476 200 477 155 477 152 477 200 478 152 478 201 478 201 479 152 479 147 479 201 480 147 480 202 480 202 481 147 481 149 481 202 482 149 482 203 482 203 483 149 483 142 483 203 484 142 484 204 484 204 485 142 485 141 485 204 486 141 486 205 486 205 487 141 487 136 487 205 488 136 488 206 488 206 489 136 489 135 489 206 490 135 490 207 490 216 491 188 491 217 491 217 492 188 492 190 492 217 493 190 493 218 493 218 494 190 494 192 494 218 495 192 495 219 495 219 496 192 496 193 496 219 497 193 497 220 497 220 498 193 498 194 498 220 499 194 499 197 499 197 500 194 500 164 500 197 501 164 501 198 501 198 502 164 502 161 502 198 503 161 503 199 503 199 504 161 504 158 504 199 505 158 505 155 505 135 506 128 506 207 506 207 507 128 507 127 507 207 508 127 508 208 508 208 509 127 509 132 509 208 510 132 510 209 510 209 511 132 511 172 511 209 512 172 512 210 512 210 513 172 513 174 513 210 514 174 514 211 514 211 515 174 515 176 515 211 516 176 516 212 516 212 517 176 517 178 517 212 518 178 518 213 518 213 519 178 519 180 519 213 520 180 520 214 520 214 521 180 521 182 521 214 522 182 522 215 522 215 523 182 523 184 523 215 524 184 524 216 524 216 525 184 525 186 525 216 526 186 526 188 526 228 527 100 527 229 527 229 528 100 528 95 528 229 529 95 529 230 529 230 530 95 530 94 530 230 531 94 531 231 531 231 532 94 532 92 532 231 533 92 533 232 533 232 534 92 534 91 534 232 535 91 535 233 535 233 536 91 536 169 536 233 537 169 537 234 537 234 538 169 538 191 538 234 539 191 539 235 539 191 540 189 540 235 540 235 541 189 541 187 541 235 542 187 542 236 542 236 543 187 543 185 543 236 544 185 544 237 544 237 545 185 545 183 545 237 546 183 546 238 546 238 547 183 547 181 547 238 548 181 548 239 548 239 549 181 549 179 549 239 550 179 550 240 550 240 551 179 551 177 551 240 552 177 552 241 552 241 553 177 553 175 553 241 554 175 554 242 554 242 555 175 555 173 555 242 556 173 556 243 556 243 557 173 557 171 557 243 558 171 558 244 558 171 559 170 559 244 559 244 560 170 560 125 560 244 561 125 561 221 561 221 562 125 562 122 562 221 563 122 563 222 563 222 564 122 564 119 564 222 565 119 565 223 565 223 566 119 566 116 566 223 567 116 567 224 567 224 568 116 568 113 568 224 569 113 569 225 569 225 570 113 570 110 570 225 571 110 571 226 571 226 572 110 572 107 572 226 573 107 573 227 573 227 574 107 574 105 574 227 575 105 575 228 575 228 576 105 576 90 576 228 577 90 577 100 577 320 578 263 578 321 578 321 579 263 579 265 579 321 580 265 580 322 580 322 581 265 581 267 581 322 582 267 582 323 582 323 583 267 583 269 583 323 584 269 584 324 584 325 585 285 585 326 585 326 586 285 586 287 586 326 587 287 587 327 587 327 588 287 588 289 588 327 589 289 589 328 589 328 590 289 590 291 590 328 591 291 591 329 591 329 592 291 592 245 592 329 593 245 593 330 593 330 594 245 594 247 594 330 595 247 595 331 595 269 596 271 596 324 596 324 597 271 597 273 597 324 598 273 598 332 598 332 599 273 599 275 599 332 600 275 600 333 600 333 601 275 601 277 601 333 602 277 602 334 602 334 603 277 603 279 603 334 604 279 604 335 604 335 605 279 605 281 605 335 606 281 606 325 606 325 607 281 607 283 607 325 608 283 608 285 608 247 609 249 609 331 609 331 610 249 610 251 610 331 611 251 611 336 611 336 612 251 612 253 612 336 613 253 613 337 613 337 614 253 614 255 614 337 615 255 615 338 615 338 616 255 616 257 616 338 617 257 617 339 617 339 618 257 618 259 618 339 619 259 619 320 619 320 620 259 620 261 620 320 621 261 621 263 621 39 622 41 622 340 622 22 623 341 623 41 623 41 624 341 624 342 624 41 625 342 625 340 625 24 626 26 626 343 626 343 627 344 627 24 627 24 628 344 628 345 628 24 629 345 629 22 629 22 630 345 630 346 630 22 631 346 631 341 631 30 632 347 632 28 632 28 633 347 633 348 633 28 634 348 634 26 634 26 635 348 635 349 635 26 636 349 636 343 636 0 637 350 637 30 637 30 638 350 638 351 638 30 639 351 639 347 639 2 640 352 640 0 640 0 641 352 641 353 641 0 642 353 642 350 642 4 643 354 643 2 643 2 644 354 644 355 644 2 645 355 645 352 645 8 646 356 646 6 646 6 647 356 647 357 647 6 648 357 648 4 648 4 649 357 649 358 649 4 650 358 650 354 650 81 651 83 651 359 651 85 652 360 652 83 652 83 653 360 653 361 653 83 654 361 654 359 654 53 655 55 655 362 655 362 656 363 656 53 656 53 657 363 657 364 657 53 658 364 658 85 658 85 659 364 659 365 659 85 660 365 660 360 660 59 661 366 661 57 661 57 662 366 662 367 662 57 663 367 663 55 663 55 664 367 664 368 664 55 665 368 665 362 665 61 666 369 666 59 666 59 667 369 667 370 667 59 668 370 668 366 668 63 669 371 669 61 669 61 670 371 670 372 670 61 671 372 671 369 671 66 672 373 672 63 672 63 673 373 673 374 673 63 674 374 674 371 674 70 675 375 675 68 675 68 676 375 676 376 676 68 677 376 677 66 677 66 678 376 678 377 678 66 679 377 679 373 679 340 680 378 680 39 680 39 681 378 681 375 681 39 682 375 682 37 682 37 683 375 683 70 683 37 684 70 684 35 684 35 685 70 685 72 685 35 686 72 686 21 686 21 687 72 687 44 687 21 688 44 688 19 688 19 689 44 689 46 689 19 690 46 690 17 690 17 691 46 691 48 691 17 692 48 692 15 692 15 693 48 693 50 693 15 694 50 694 13 694 13 695 50 695 52 695 13 696 52 696 10 696 10 697 52 697 77 697 10 698 77 698 8 698 8 699 77 699 79 699 8 700 79 700 356 700 356 701 79 701 81 701 356 702 81 702 379 702 379 703 81 703 359 703 347 704 351 704 327 704 335 705 325 705 355 705 357 706 334 706 358 706 358 707 334 707 335 707 358 708 335 708 354 708 354 709 335 709 355 709 327 710 351 710 326 710 351 711 350 711 326 711 326 712 350 712 353 712 326 713 353 713 325 713 325 714 353 714 352 714 325 715 352 715 355 715 347 716 327 716 348 716 348 717 327 717 328 717 348 718 328 718 349 718 349 719 328 719 329 719 349 720 329 720 343 720 343 721 329 721 344 721 344 722 329 722 330 722 344 723 330 723 345 723 345 724 330 724 346 724 346 725 330 725 331 725 346 726 331 726 341 726 341 727 331 727 342 727 342 728 331 728 336 728 342 729 336 729 340 729 340 730 336 730 378 730 378 731 336 731 337 731 378 732 337 732 375 732 338 733 339 733 374 733 374 734 373 734 338 734 338 735 373 735 377 735 338 736 377 736 337 736 337 737 377 737 376 737 337 738 376 738 375 738 320 739 321 739 370 739 370 740 369 740 320 740 320 741 369 741 372 741 320 742 372 742 339 742 339 743 372 743 371 743 339 744 371 744 374 744 323 745 368 745 322 745 322 746 368 746 367 746 322 747 367 747 321 747 321 748 367 748 366 748 321 749 366 749 370 749 324 750 363 750 323 750 323 751 363 751 362 751 323 752 362 752 368 752 332 753 365 753 324 753 324 754 365 754 364 754 324 755 364 755 363 755 333 756 361 756 332 756 332 757 361 757 360 757 332 758 360 758 365 758 357 759 356 759 334 759 334 760 356 760 379 760 334 761 379 761 333 761 333 762 379 762 359 762 333 763 359 763 361 763 380 764 381 764 382 764 382 765 381 765 383 765 382 766 383 766 384 766 384 767 383 767 385 767 384 768 385 768 386 768 386 769 385 769 387 769 386 770 387 770 388 770 388 771 387 771 389 771 388 772 389 772 390 772 390 773 389 773 391 773 390 774 391 774 392 774 392 775 391 775 393 775 392 776 393 776 394 776 394 777 393 777 395 777 394 778 395 778 396 778 396 779 395 779 397 779 396 780 397 780 398 780 398 781 397 781 399 781 398 782 399 782 400 782 400 783 399 783 401 783 400 784 401 784 402 784 402 785 401 785 403 785 402 786 403 786 380 786 380 787 403 787 381 787 404 788 405 788 406 788 406 789 405 789 407 789 406 790 407 790 408 790 408 791 407 791 409 791 408 792 409 792 410 792 410 793 409 793 411 793 410 794 411 794 412 794 412 795 411 795 413 795 412 796 413 796 414 796 414 797 413 797 415 797 414 798 415 798 416 798 416 799 415 799 417 799 416 800 417 800 418 800 418 801 417 801 419 801 418 802 419 802 420 802 420 803 419 803 421 803 420 804 421 804 422 804 422 805 421 805 423 805 422 806 423 806 424 806 424 807 423 807 425 807 424 808 425 808 426 808 426 809 425 809 427 809 426 810 427 810 404 810 404 811 427 811 405 811 417 812 387 812 419 812 419 813 387 813 385 813 419 814 385 814 421 814 421 815 385 815 383 815 421 816 383 816 423 816 423 817 383 817 381 817 423 818 381 818 425 818 425 819 381 819 403 819 425 820 403 820 427 820 427 821 403 821 401 821 427 822 401 822 405 822 405 823 401 823 399 823 405 824 399 824 407 824 407 825 399 825 397 825 407 826 397 826 409 826 409 827 397 827 395 827 409 828 395 828 411 828 411 829 395 829 393 829 411 830 393 830 413 830 413 831 393 831 391 831 413 832 391 832 415 832 415 833 391 833 389 833 415 834 389 834 417 834 417 835 389 835 387 835 388 836 416 836 386 836 386 837 416 837 418 837 386 838 418 838 384 838 384 839 418 839 420 839 384 840 420 840 382 840 382 841 420 841 422 841 382 842 422 842 380 842 380 843 422 843 424 843 380 844 424 844 402 844 402 845 424 845 426 845 402 846 426 846 400 846 400 847 426 847 404 847 400 848 404 848 398 848 398 849 404 849 406 849 398 850 406 850 396 850 396 851 406 851 408 851 396 852 408 852 394 852 394 853 408 853 410 853 394 854 410 854 392 854 392 855 410 855 412 855 392 856 412 856 390 856 390 857 412 857 414 857 390 858 414 858 388 858 388 859 414 859 416 859 428 860 429 860 430 860 430 861 429 861 431 861 430 862 431 862 432 862 432 863 431 863 433 863 432 864 433 864 434 864 434 865 433 865 435 865 434 866 435 866 436 866 436 867 435 867 437 867 436 868 437 868 438 868 438 869 437 869 439 869 438 870 439 870 440 870 440 871 439 871 441 871 440 872 441 872 442 872 442 873 441 873 443 873 442 874 443 874 444 874 444 875 443 875 445 875 444 876 445 876 446 876 446 877 445 877 447 877 446 878 447 878 448 878 448 879 447 879 449 879 448 880 449 880 450 880 450 881 449 881 451 881 450 882 451 882 452 882 452 883 451 883 453 883 452 884 453 884 430 884 430 885 453 885 428 885 454 886 455 886 456 886 456 887 455 887 457 887 456 888 457 888 458 888 458 889 457 889 459 889 458 890 459 890 460 890 460 891 459 891 461 891 460 892 461 892 462 892 462 893 461 893 463 893 462 894 463 894 464 894 464 895 463 895 465 895 464 896 465 896 466 896 466 897 465 897 467 897 466 898 467 898 468 898 468 899 467 899 469 899 468 900 469 900 470 900 470 901 469 901 471 901 470 902 471 902 472 902 472 903 471 903 473 903 472 904 473 904 474 904 474 905 473 905 475 905 474 906 475 906 476 906 476 907 475 907 477 907 476 908 477 908 478 908 478 909 477 909 479 909 478 910 479 910 456 910 456 911 479 911 454 911 431 912 429 912 455 912 455 913 429 913 457 913 429 914 428 914 457 914 457 915 428 915 453 915 457 916 453 916 459 916 459 917 453 917 451 917 459 918 451 918 461 918 461 919 451 919 449 919 461 920 449 920 463 920 463 921 449 921 447 921 463 922 447 922 465 922 465 923 447 923 445 923 465 924 445 924 467 924 467 925 445 925 443 925 467 926 443 926 469 926 469 927 443 927 441 927 469 928 441 928 471 928 471 929 441 929 439 929 471 930 439 930 473 930 473 931 439 931 437 931 473 932 437 932 475 932 475 933 437 933 435 933 475 934 435 934 477 934 477 935 435 935 433 935 477 936 433 936 479 936 479 937 433 937 431 937 479 938 431 938 454 938 454 939 431 939 455 939 442 940 468 940 440 940 440 941 468 941 470 941 440 942 470 942 438 942 438 943 470 943 472 943 438 944 472 944 436 944 436 945 472 945 474 945 436 946 474 946 434 946 434 947 474 947 476 947 434 948 476 948 432 948 432 949 476 949 478 949 432 950 478 950 430 950 430 951 478 951 456 951 430 952 456 952 452 952 452 953 456 953 458 953 452 954 458 954 450 954 450 955 458 955 460 955 450 956 460 956 448 956 448 957 460 957 462 957 448 958 462 958 446 958 446 959 462 959 464 959 446 960 464 960 444 960 444 961 464 961 466 961 444 962 466 962 442 962 442 963 466 963 468 963 480 964 481 964 482 964 482 965 481 965 483 965 482 966 483 966 484 966 484 967 483 967 485 967 484 968 485 968 486 968 486 969 485 969 487 969 486 970 487 970 488 970 488 971 487 971 489 971 488 972 489 972 490 972 489 973 491 973 490 973 490 974 491 974 492 974 490 975 492 975 493 975 493 976 492 976 494 976 493 977 494 977 495 977 495 978 494 978 496 978 495 979 496 979 497 979 497 980 496 980 498 980 497 981 498 981 499 981 499 982 498 982 500 982 499 983 500 983 501 983 502 984 503 984 504 984 504 985 503 985 505 985 504 986 505 986 506 986 506 987 505 987 507 987 506 988 507 988 508 988 508 989 507 989 509 989 508 990 509 990 510 990 510 991 509 991 511 991 510 992 511 992 480 992 480 993 511 993 512 993 480 994 512 994 481 994 500 995 513 995 501 995 501 996 513 996 514 996 501 997 514 997 515 997 515 998 514 998 516 998 515 999 516 999 517 999 517 1000 516 1000 518 1000 517 1001 518 1001 519 1001 519 1002 518 1002 520 1002 519 1003 520 1003 521 1003 521 1004 520 1004 522 1004 521 1005 522 1005 502 1005 502 1006 522 1006 523 1006 502 1007 523 1007 503 1007 524 1008 525 1008 526 1008 526 1009 525 1009 527 1009 526 1010 527 1010 528 1010 528 1011 527 1011 529 1011 528 1012 529 1012 530 1012 530 1013 529 1013 531 1013 530 1014 531 1014 532 1014 533 1015 534 1015 535 1015 535 1016 534 1016 536 1016 535 1017 536 1017 537 1017 537 1018 536 1018 538 1018 537 1019 538 1019 539 1019 539 1020 538 1020 540 1020 539 1021 540 1021 541 1021 541 1022 540 1022 542 1022 541 1023 542 1023 543 1023 542 1024 544 1024 543 1024 543 1025 544 1025 545 1025 543 1026 545 1026 546 1026 546 1027 545 1027 547 1027 546 1028 547 1028 548 1028 548 1029 547 1029 549 1029 548 1030 549 1030 550 1030 550 1031 549 1031 551 1031 550 1032 551 1032 552 1032 552 1033 551 1033 553 1033 552 1034 553 1034 524 1034 524 1035 553 1035 554 1035 524 1036 554 1036 525 1036 531 1037 555 1037 532 1037 532 1038 555 1038 556 1038 532 1039 556 1039 557 1039 557 1040 556 1040 558 1040 557 1041 558 1041 559 1041 559 1042 558 1042 560 1042 559 1043 560 1043 561 1043 561 1044 560 1044 562 1044 561 1045 562 1045 563 1045 563 1046 562 1046 564 1046 563 1047 564 1047 565 1047 565 1048 564 1048 566 1048 565 1049 566 1049 533 1049 533 1050 566 1050 567 1050 533 1051 567 1051 534 1051 568 1052 569 1052 570 1052 571 1053 572 1053 573 1053 574 1054 575 1054 576 1054 576 1055 577 1055 574 1055 574 1056 577 1056 578 1056 574 1057 578 1057 572 1057 572 1058 578 1058 579 1058 572 1059 579 1059 573 1059 570 1060 569 1060 580 1060 569 1061 581 1061 580 1061 580 1062 581 1062 582 1062 580 1063 582 1063 575 1063 575 1064 582 1064 583 1064 575 1065 583 1065 576 1065 568 1066 570 1066 584 1066 584 1067 570 1067 585 1067 584 1068 585 1068 586 1068 586 1069 585 1069 587 1069 586 1070 587 1070 588 1070 588 1071 587 1071 589 1071 589 1072 587 1072 590 1072 589 1073 590 1073 591 1073 591 1074 590 1074 592 1074 592 1075 590 1075 593 1075 592 1076 593 1076 594 1076 594 1077 593 1077 595 1077 595 1078 593 1078 596 1078 595 1079 596 1079 597 1079 597 1080 596 1080 598 1080 598 1081 596 1081 599 1081 598 1082 599 1082 600 1082 600 1083 599 1083 601 1083 601 1084 599 1084 602 1084 601 1085 602 1085 603 1085 603 1086 602 1086 604 1086 604 1087 602 1087 605 1087 604 1088 605 1088 606 1088 607 1089 608 1089 609 1089 609 1090 610 1090 607 1090 607 1091 610 1091 611 1091 607 1092 611 1092 612 1092 612 1093 611 1093 613 1093 612 1094 613 1094 614 1094 615 1095 616 1095 617 1095 617 1096 618 1096 615 1096 615 1097 618 1097 619 1097 615 1098 619 1098 608 1098 608 1099 619 1099 620 1099 608 1100 620 1100 609 1100 621 1101 622 1101 623 1101 623 1102 624 1102 621 1102 621 1103 624 1103 625 1103 621 1104 625 1104 616 1104 616 1105 625 1105 626 1105 616 1106 626 1106 617 1106 627 1107 628 1107 629 1107 629 1108 628 1108 630 1108 629 1109 630 1109 622 1109 622 1110 630 1110 631 1110 622 1111 631 1111 623 1111 632 1112 633 1112 627 1112 627 1113 633 1113 634 1113 627 1114 634 1114 628 1114 635 1115 636 1115 632 1115 632 1116 636 1116 637 1116 632 1117 637 1117 633 1117 638 1118 639 1118 635 1118 635 1119 639 1119 640 1119 635 1120 640 1120 636 1120 641 1121 642 1121 638 1121 638 1122 642 1122 643 1122 638 1123 643 1123 639 1123 644 1124 645 1124 641 1124 641 1125 645 1125 646 1125 641 1126 646 1126 642 1126 573 1127 647 1127 571 1127 571 1128 647 1128 648 1128 571 1129 648 1129 649 1129 606 1130 605 1130 614 1130 614 1131 605 1131 650 1131 614 1132 650 1132 612 1132 612 1133 650 1133 651 1133 612 1134 651 1134 652 1134 652 1135 651 1135 653 1135 652 1136 653 1136 654 1136 654 1137 653 1137 655 1137 654 1138 655 1138 656 1138 656 1139 655 1139 657 1139 656 1140 657 1140 658 1140 658 1141 657 1141 659 1141 658 1142 659 1142 660 1142 660 1143 659 1143 661 1143 660 1144 661 1144 662 1144 662 1145 661 1145 663 1145 662 1146 663 1146 664 1146 664 1147 663 1147 665 1147 664 1148 665 1148 666 1148 666 1149 665 1149 667 1149 666 1150 667 1150 668 1150 668 1151 667 1151 669 1151 668 1152 669 1152 670 1152 670 1153 669 1153 671 1153 670 1154 671 1154 672 1154 672 1155 671 1155 649 1155 672 1156 649 1156 673 1156 673 1157 649 1157 648 1157 673 1158 648 1158 674 1158 674 1159 648 1159 675 1159 674 1160 675 1160 644 1160 644 1161 675 1161 676 1161 644 1162 676 1162 645 1162 522 1163 677 1163 523 1163 523 1164 677 1164 678 1164 523 1165 678 1165 503 1165 503 1166 678 1166 679 1166 503 1167 679 1167 505 1167 505 1168 679 1168 680 1168 505 1169 680 1169 507 1169 507 1170 680 1170 681 1170 507 1171 681 1171 509 1171 509 1172 681 1172 682 1172 509 1173 682 1173 511 1173 511 1174 682 1174 683 1174 511 1175 683 1175 512 1175 512 1176 683 1176 684 1176 512 1177 684 1177 481 1177 481 1178 684 1178 685 1178 481 1179 685 1179 483 1179 483 1180 685 1180 686 1180 483 1181 686 1181 485 1181 485 1182 686 1182 687 1182 485 1183 687 1183 487 1183 487 1184 687 1184 688 1184 487 1185 688 1185 489 1185 489 1186 688 1186 689 1186 489 1187 689 1187 491 1187 491 1188 689 1188 690 1188 491 1189 690 1189 492 1189 492 1190 690 1190 691 1190 492 1191 691 1191 494 1191 494 1192 691 1192 692 1192 494 1193 692 1193 496 1193 496 1194 692 1194 693 1194 496 1195 693 1195 498 1195 498 1196 693 1196 694 1196 498 1197 694 1197 500 1197 500 1198 694 1198 695 1198 500 1199 695 1199 513 1199 513 1200 695 1200 696 1200 513 1201 696 1201 514 1201 514 1202 696 1202 697 1202 514 1203 697 1203 516 1203 516 1204 697 1204 698 1204 516 1205 698 1205 518 1205 518 1206 698 1206 699 1206 518 1207 699 1207 520 1207 520 1208 699 1208 700 1208 520 1209 700 1209 522 1209 522 1210 700 1210 677 1210 564 1211 701 1211 566 1211 566 1212 701 1212 702 1212 566 1213 702 1213 567 1213 567 1214 702 1214 703 1214 567 1215 703 1215 534 1215 534 1216 703 1216 704 1216 534 1217 704 1217 536 1217 536 1218 704 1218 705 1218 536 1219 705 1219 538 1219 538 1220 705 1220 706 1220 538 1221 706 1221 540 1221 540 1222 706 1222 707 1222 540 1223 707 1223 542 1223 542 1224 707 1224 708 1224 542 1225 708 1225 544 1225 544 1226 708 1226 709 1226 544 1227 709 1227 545 1227 545 1228 709 1228 710 1228 545 1229 710 1229 547 1229 547 1230 710 1230 711 1230 547 1231 711 1231 549 1231 549 1232 711 1232 712 1232 549 1233 712 1233 551 1233 551 1234 712 1234 713 1234 551 1235 713 1235 553 1235 553 1236 713 1236 714 1236 553 1237 714 1237 554 1237 554 1238 714 1238 715 1238 554 1239 715 1239 525 1239 525 1240 715 1240 716 1240 525 1241 716 1241 527 1241 527 1242 716 1242 717 1242 527 1243 717 1243 529 1243 529 1244 717 1244 718 1244 529 1245 718 1245 531 1245 531 1246 718 1246 719 1246 531 1247 719 1247 555 1247 555 1248 719 1248 720 1248 555 1249 720 1249 556 1249 556 1250 720 1250 721 1250 556 1251 721 1251 558 1251 558 1252 721 1252 722 1252 558 1253 722 1253 560 1253 560 1254 722 1254 723 1254 560 1255 723 1255 562 1255 562 1256 723 1256 724 1256 562 1257 724 1257 564 1257 564 1258 724 1258 701 1258 725 1259 726 1259 727 1259 727 1260 726 1260 728 1260 727 1261 728 1261 729 1261 729 1262 728 1262 730 1262 729 1263 730 1263 731 1263 731 1264 730 1264 732 1264 731 1265 732 1265 733 1265 733 1266 732 1266 734 1266 733 1267 734 1267 735 1267 735 1268 734 1268 736 1268 735 1269 736 1269 737 1269 737 1270 736 1270 738 1270 737 1271 738 1271 739 1271 739 1272 738 1272 740 1272 739 1273 740 1273 741 1273 741 1274 740 1274 742 1274 741 1275 742 1275 743 1275 743 1276 742 1276 744 1276 743 1277 744 1277 745 1277 745 1278 744 1278 746 1278 745 1279 746 1279 747 1279 747 1280 746 1280 748 1280 747 1281 748 1281 749 1281 749 1282 748 1282 750 1282 749 1283 750 1283 751 1283 751 1284 750 1284 752 1284 751 1285 752 1285 753 1285 753 1286 752 1286 754 1286 753 1287 754 1287 755 1287 755 1288 754 1288 756 1288 755 1289 756 1289 757 1289 757 1290 756 1290 758 1290 757 1291 758 1291 759 1291 759 1292 758 1292 760 1292 759 1293 760 1293 761 1293 761 1294 760 1294 762 1294 761 1295 762 1295 763 1295 763 1296 762 1296 764 1296 763 1297 764 1297 765 1297 765 1298 764 1298 766 1298 765 1299 766 1299 767 1299 767 1300 766 1300 768 1300 767 1301 768 1301 769 1301 769 1302 768 1302 770 1302 769 1303 770 1303 771 1303 771 1304 770 1304 772 1304 771 1305 772 1305 725 1305 725 1306 772 1306 726 1306 740 1307 773 1307 742 1307 742 1308 773 1308 774 1308 742 1309 774 1309 744 1309 744 1310 774 1310 775 1310 744 1311 775 1311 746 1311 746 1312 775 1312 776 1312 746 1313 776 1313 748 1313 748 1314 776 1314 777 1314 748 1315 777 1315 750 1315 750 1316 777 1316 778 1316 750 1317 778 1317 752 1317 752 1318 778 1318 779 1318 752 1319 779 1319 754 1319 772 1320 780 1320 726 1320 726 1321 780 1321 781 1321 726 1322 781 1322 728 1322 728 1323 781 1323 782 1323 728 1324 782 1324 730 1324 730 1325 782 1325 783 1325 730 1326 783 1326 732 1326 732 1327 783 1327 784 1327 732 1328 784 1328 734 1328 734 1329 784 1329 785 1329 734 1330 785 1330 736 1330 736 1331 785 1331 786 1331 736 1332 786 1332 738 1332 738 1333 786 1333 787 1333 738 1334 787 1334 740 1334 740 1335 787 1335 788 1335 740 1336 788 1336 773 1336 779 1337 789 1337 754 1337 754 1338 789 1338 790 1338 754 1339 790 1339 756 1339 756 1340 790 1340 791 1340 756 1341 791 1341 758 1341 758 1342 791 1342 792 1342 758 1343 792 1343 760 1343 760 1344 792 1344 793 1344 760 1345 793 1345 762 1345 762 1346 793 1346 794 1346 762 1347 794 1347 764 1347 764 1348 794 1348 795 1348 764 1349 795 1349 766 1349 766 1350 795 1350 796 1350 766 1351 796 1351 768 1351 768 1352 796 1352 797 1352 768 1353 797 1353 770 1353 770 1354 797 1354 798 1354 770 1355 798 1355 772 1355 772 1356 798 1356 799 1356 772 1357 799 1357 780 1357 588 1358 589 1358 778 1358 634 1359 633 1359 781 1359 787 1360 786 1360 675 1360 785 1361 645 1361 786 1361 786 1362 645 1362 676 1362 786 1363 676 1363 675 1363 784 1364 783 1364 639 1364 639 1365 643 1365 784 1365 784 1366 643 1366 642 1366 784 1367 642 1367 785 1367 785 1368 642 1368 646 1368 785 1369 646 1369 645 1369 781 1370 633 1370 782 1370 633 1371 637 1371 782 1371 782 1372 637 1372 636 1372 782 1373 636 1373 783 1373 783 1374 636 1374 640 1374 783 1375 640 1375 639 1375 634 1376 781 1376 628 1376 628 1377 781 1377 780 1377 628 1378 780 1378 630 1378 630 1379 780 1379 799 1379 630 1380 799 1380 631 1380 631 1381 799 1381 623 1381 623 1382 799 1382 798 1382 623 1383 798 1383 624 1383 624 1384 798 1384 625 1384 625 1385 798 1385 797 1385 625 1386 797 1386 626 1386 626 1387 797 1387 617 1387 617 1388 797 1388 796 1388 617 1389 796 1389 618 1389 618 1390 796 1390 619 1390 619 1391 796 1391 795 1391 619 1392 795 1392 620 1392 620 1393 795 1393 609 1393 609 1394 795 1394 794 1394 609 1395 794 1395 610 1395 610 1396 794 1396 611 1396 611 1397 794 1397 793 1397 611 1398 793 1398 613 1398 792 1399 791 1399 601 1399 614 1400 613 1400 606 1400 606 1401 613 1401 793 1401 606 1402 793 1402 604 1402 604 1403 793 1403 792 1403 604 1404 792 1404 603 1404 603 1405 792 1405 601 1405 790 1406 789 1406 595 1406 595 1407 597 1407 790 1407 790 1408 597 1408 598 1408 790 1409 598 1409 791 1409 791 1410 598 1410 600 1410 791 1411 600 1411 601 1411 778 1412 589 1412 779 1412 589 1413 591 1413 779 1413 779 1414 591 1414 592 1414 779 1415 592 1415 789 1415 789 1416 592 1416 594 1416 789 1417 594 1417 595 1417 588 1418 778 1418 586 1418 586 1419 778 1419 777 1419 586 1420 777 1420 584 1420 584 1421 777 1421 776 1421 584 1422 776 1422 568 1422 568 1423 776 1423 569 1423 569 1424 776 1424 775 1424 569 1425 775 1425 581 1425 581 1426 775 1426 582 1426 582 1427 775 1427 774 1427 582 1428 774 1428 583 1428 583 1429 774 1429 576 1429 576 1430 774 1430 773 1430 576 1431 773 1431 577 1431 577 1432 773 1432 578 1432 578 1433 773 1433 788 1433 578 1434 788 1434 579 1434 579 1435 788 1435 573 1435 573 1436 788 1436 787 1436 573 1437 787 1437 647 1437 647 1438 787 1438 675 1438 647 1439 675 1439 648 1439 679 1440 635 1440 680 1440 680 1441 635 1441 632 1441 680 1442 632 1442 681 1442 681 1443 632 1443 627 1443 681 1444 627 1444 682 1444 682 1445 627 1445 629 1445 682 1446 629 1446 683 1446 683 1447 629 1447 622 1447 683 1448 622 1448 684 1448 684 1449 622 1449 621 1449 684 1450 621 1450 685 1450 685 1451 621 1451 616 1451 685 1452 616 1452 686 1452 686 1453 616 1453 615 1453 686 1454 615 1454 687 1454 696 1455 668 1455 697 1455 697 1456 668 1456 670 1456 697 1457 670 1457 698 1457 698 1458 670 1458 672 1458 698 1459 672 1459 699 1459 699 1460 672 1460 673 1460 699 1461 673 1461 700 1461 700 1462 673 1462 674 1462 700 1463 674 1463 677 1463 677 1464 674 1464 644 1464 677 1465 644 1465 678 1465 678 1466 644 1466 641 1466 678 1467 641 1467 679 1467 679 1468 641 1468 638 1468 679 1469 638 1469 635 1469 615 1470 608 1470 687 1470 687 1471 608 1471 607 1471 687 1472 607 1472 688 1472 688 1473 607 1473 612 1473 688 1474 612 1474 689 1474 689 1475 612 1475 652 1475 689 1476 652 1476 690 1476 690 1477 652 1477 654 1477 690 1478 654 1478 691 1478 691 1479 654 1479 656 1479 691 1480 656 1480 692 1480 692 1481 656 1481 658 1481 692 1482 658 1482 693 1482 693 1483 658 1483 660 1483 693 1484 660 1484 694 1484 694 1485 660 1485 662 1485 694 1486 662 1486 695 1486 695 1487 662 1487 664 1487 695 1488 664 1488 696 1488 696 1489 664 1489 666 1489 696 1490 666 1490 668 1490 708 1491 580 1491 709 1491 709 1492 580 1492 575 1492 709 1493 575 1493 710 1493 710 1494 575 1494 574 1494 710 1495 574 1495 711 1495 711 1496 574 1496 572 1496 711 1497 572 1497 712 1497 712 1498 572 1498 571 1498 712 1499 571 1499 713 1499 713 1500 571 1500 649 1500 713 1501 649 1501 714 1501 714 1502 649 1502 671 1502 714 1503 671 1503 715 1503 671 1504 669 1504 715 1504 715 1505 669 1505 667 1505 715 1506 667 1506 716 1506 716 1507 667 1507 665 1507 716 1508 665 1508 717 1508 717 1509 665 1509 663 1509 717 1510 663 1510 718 1510 718 1511 663 1511 661 1511 718 1512 661 1512 719 1512 719 1513 661 1513 659 1513 719 1514 659 1514 720 1514 720 1515 659 1515 657 1515 720 1516 657 1516 721 1516 721 1517 657 1517 655 1517 721 1518 655 1518 722 1518 722 1519 655 1519 653 1519 722 1520 653 1520 723 1520 723 1521 653 1521 651 1521 723 1522 651 1522 724 1522 651 1523 650 1523 724 1523 724 1524 650 1524 605 1524 724 1525 605 1525 701 1525 701 1526 605 1526 602 1526 701 1527 602 1527 702 1527 702 1528 602 1528 599 1528 702 1529 599 1529 703 1529 703 1530 599 1530 596 1530 703 1531 596 1531 704 1531 704 1532 596 1532 593 1532 704 1533 593 1533 705 1533 705 1534 593 1534 590 1534 705 1535 590 1535 706 1535 706 1536 590 1536 587 1536 706 1537 587 1537 707 1537 707 1538 587 1538 585 1538 707 1539 585 1539 708 1539 708 1540 585 1540 570 1540 708 1541 570 1541 580 1541 800 1542 743 1542 801 1542 801 1543 743 1543 745 1543 801 1544 745 1544 802 1544 802 1545 745 1545 747 1545 802 1546 747 1546 803 1546 803 1547 747 1547 749 1547 803 1548 749 1548 804 1548 805 1549 765 1549 806 1549 806 1550 765 1550 767 1550 806 1551 767 1551 807 1551 807 1552 767 1552 769 1552 807 1553 769 1553 808 1553 808 1554 769 1554 771 1554 808 1555 771 1555 809 1555 809 1556 771 1556 725 1556 809 1557 725 1557 810 1557 810 1558 725 1558 727 1558 810 1559 727 1559 811 1559 749 1560 751 1560 804 1560 804 1561 751 1561 753 1561 804 1562 753 1562 812 1562 812 1563 753 1563 755 1563 812 1564 755 1564 813 1564 813 1565 755 1565 757 1565 813 1566 757 1566 814 1566 814 1567 757 1567 759 1567 814 1568 759 1568 815 1568 815 1569 759 1569 761 1569 815 1570 761 1570 805 1570 805 1571 761 1571 763 1571 805 1572 763 1572 765 1572 727 1573 729 1573 811 1573 811 1574 729 1574 731 1574 811 1575 731 1575 816 1575 816 1576 731 1576 733 1576 816 1577 733 1577 817 1577 817 1578 733 1578 735 1578 817 1579 735 1579 818 1579 818 1580 735 1580 737 1580 818 1581 737 1581 819 1581 819 1582 737 1582 739 1582 819 1583 739 1583 800 1583 800 1584 739 1584 741 1584 800 1585 741 1585 743 1585 519 1586 521 1586 820 1586 502 1587 821 1587 521 1587 521 1588 821 1588 822 1588 521 1589 822 1589 820 1589 504 1590 506 1590 823 1590 823 1591 824 1591 504 1591 504 1592 824 1592 825 1592 504 1593 825 1593 502 1593 502 1594 825 1594 826 1594 502 1595 826 1595 821 1595 510 1596 827 1596 508 1596 508 1597 827 1597 828 1597 508 1598 828 1598 506 1598 506 1599 828 1599 829 1599 506 1600 829 1600 823 1600 480 1601 830 1601 510 1601 510 1602 830 1602 831 1602 510 1603 831 1603 827 1603 482 1604 832 1604 480 1604 480 1605 832 1605 833 1605 480 1606 833 1606 830 1606 484 1607 834 1607 482 1607 482 1608 834 1608 835 1608 482 1609 835 1609 832 1609 488 1610 836 1610 486 1610 486 1611 836 1611 837 1611 486 1612 837 1612 484 1612 484 1613 837 1613 838 1613 484 1614 838 1614 834 1614 561 1615 563 1615 839 1615 565 1616 840 1616 563 1616 563 1617 840 1617 841 1617 563 1618 841 1618 839 1618 533 1619 535 1619 842 1619 842 1620 843 1620 533 1620 533 1621 843 1621 844 1621 533 1622 844 1622 565 1622 565 1623 844 1623 845 1623 565 1624 845 1624 840 1624 539 1625 846 1625 537 1625 537 1626 846 1626 847 1626 537 1627 847 1627 535 1627 535 1628 847 1628 848 1628 535 1629 848 1629 842 1629 541 1630 849 1630 539 1630 539 1631 849 1631 850 1631 539 1632 850 1632 846 1632 543 1633 851 1633 541 1633 541 1634 851 1634 852 1634 541 1635 852 1635 849 1635 546 1636 853 1636 543 1636 543 1637 853 1637 854 1637 543 1638 854 1638 851 1638 550 1639 855 1639 548 1639 548 1640 855 1640 856 1640 548 1641 856 1641 546 1641 546 1642 856 1642 857 1642 546 1643 857 1643 853 1643 820 1644 858 1644 519 1644 519 1645 858 1645 855 1645 519 1646 855 1646 517 1646 517 1647 855 1647 550 1647 517 1648 550 1648 515 1648 515 1649 550 1649 552 1649 515 1650 552 1650 501 1650 501 1651 552 1651 524 1651 501 1652 524 1652 499 1652 499 1653 524 1653 526 1653 499 1654 526 1654 497 1654 497 1655 526 1655 528 1655 497 1656 528 1656 495 1656 495 1657 528 1657 530 1657 495 1658 530 1658 493 1658 493 1659 530 1659 532 1659 493 1660 532 1660 490 1660 490 1661 532 1661 557 1661 490 1662 557 1662 488 1662 488 1663 557 1663 559 1663 488 1664 559 1664 836 1664 836 1665 559 1665 561 1665 836 1666 561 1666 859 1666 859 1667 561 1667 839 1667 827 1668 831 1668 807 1668 815 1669 805 1669 835 1669 837 1670 814 1670 838 1670 838 1671 814 1671 815 1671 838 1672 815 1672 834 1672 834 1673 815 1673 835 1673 807 1674 831 1674 806 1674 831 1675 830 1675 806 1675 806 1676 830 1676 833 1676 806 1677 833 1677 805 1677 805 1678 833 1678 832 1678 805 1679 832 1679 835 1679 827 1680 807 1680 828 1680 828 1681 807 1681 808 1681 828 1682 808 1682 829 1682 829 1683 808 1683 809 1683 829 1684 809 1684 823 1684 823 1685 809 1685 824 1685 824 1686 809 1686 810 1686 824 1687 810 1687 825 1687 825 1688 810 1688 826 1688 826 1689 810 1689 811 1689 826 1690 811 1690 821 1690 821 1691 811 1691 822 1691 822 1692 811 1692 816 1692 822 1693 816 1693 820 1693 820 1694 816 1694 858 1694 858 1695 816 1695 817 1695 858 1696 817 1696 855 1696 818 1697 819 1697 854 1697 854 1698 853 1698 818 1698 818 1699 853 1699 857 1699 818 1700 857 1700 817 1700 817 1701 857 1701 856 1701 817 1702 856 1702 855 1702 800 1703 801 1703 850 1703 850 1704 849 1704 800 1704 800 1705 849 1705 852 1705 800 1706 852 1706 819 1706 819 1707 852 1707 851 1707 819 1708 851 1708 854 1708 803 1709 848 1709 802 1709 802 1710 848 1710 847 1710 802 1711 847 1711 801 1711 801 1712 847 1712 846 1712 801 1713 846 1713 850 1713 804 1714 843 1714 803 1714 803 1715 843 1715 842 1715 803 1716 842 1716 848 1716 812 1717 845 1717 804 1717 804 1718 845 1718 844 1718 804 1719 844 1719 843 1719 813 1720 841 1720 812 1720 812 1721 841 1721 840 1721 812 1722 840 1722 845 1722 837 1723 836 1723 814 1723 814 1724 836 1724 859 1724 814 1725 859 1725 813 1725 813 1726 859 1726 839 1726 813 1727 839 1727 841 1727 860 1728 861 1728 862 1728 862 1729 861 1729 863 1729 862 1730 863 1730 864 1730 864 1731 863 1731 865 1731 864 1732 865 1732 866 1732 866 1733 865 1733 867 1733 866 1734 867 1734 868 1734 868 1735 867 1735 869 1735 868 1736 869 1736 870 1736 870 1737 869 1737 871 1737 870 1738 871 1738 872 1738 872 1739 871 1739 873 1739 872 1740 873 1740 874 1740 874 1741 873 1741 875 1741 874 1742 875 1742 876 1742 876 1743 875 1743 877 1743 876 1744 877 1744 878 1744 878 1745 877 1745 879 1745 878 1746 879 1746 880 1746 880 1747 879 1747 881 1747 880 1748 881 1748 882 1748 882 1749 881 1749 883 1749 882 1750 883 1750 884 1750 884 1751 883 1751 885 1751 884 1752 885 1752 862 1752 862 1753 885 1753 860 1753 886 1754 887 1754 888 1754 888 1755 887 1755 889 1755 888 1756 889 1756 890 1756 890 1757 889 1757 891 1757 890 1758 891 1758 892 1758 892 1759 891 1759 893 1759 892 1760 893 1760 894 1760 894 1761 893 1761 895 1761 894 1762 895 1762 896 1762 896 1763 895 1763 897 1763 896 1764 897 1764 898 1764 898 1765 897 1765 899 1765 898 1766 899 1766 900 1766 900 1767 899 1767 901 1767 900 1768 901 1768 902 1768 902 1769 901 1769 903 1769 902 1770 903 1770 904 1770 904 1771 903 1771 905 1771 904 1772 905 1772 906 1772 906 1773 905 1773 907 1773 906 1774 907 1774 908 1774 908 1775 907 1775 909 1775 908 1776 909 1776 910 1776 910 1777 909 1777 911 1777 910 1778 911 1778 888 1778 888 1779 911 1779 886 1779 863 1780 861 1780 887 1780 887 1781 861 1781 889 1781 861 1782 860 1782 889 1782 889 1783 860 1783 885 1783 889 1784 885 1784 891 1784 891 1785 885 1785 883 1785 891 1786 883 1786 893 1786 893 1787 883 1787 881 1787 893 1788 881 1788 895 1788 895 1789 881 1789 879 1789 895 1790 879 1790 897 1790 897 1791 879 1791 877 1791 897 1792 877 1792 899 1792 899 1793 877 1793 875 1793 899 1794 875 1794 901 1794 901 1795 875 1795 873 1795 901 1796 873 1796 903 1796 903 1797 873 1797 871 1797 903 1798 871 1798 905 1798 905 1799 871 1799 869 1799 905 1800 869 1800 907 1800 907 1801 869 1801 867 1801 907 1802 867 1802 909 1802 909 1803 867 1803 865 1803 909 1804 865 1804 911 1804 911 1805 865 1805 863 1805 911 1806 863 1806 886 1806 886 1807 863 1807 887 1807 874 1808 900 1808 872 1808 872 1809 900 1809 902 1809 872 1810 902 1810 870 1810 870 1811 902 1811 904 1811 870 1812 904 1812 868 1812 868 1813 904 1813 906 1813 868 1814 906 1814 866 1814 866 1815 906 1815 908 1815 866 1816 908 1816 864 1816 864 1817 908 1817 910 1817 864 1818 910 1818 862 1818 862 1819 910 1819 888 1819 862 1820 888 1820 884 1820 884 1821 888 1821 890 1821 884 1822 890 1822 882 1822 882 1823 890 1823 892 1823 882 1824 892 1824 880 1824 880 1825 892 1825 894 1825 880 1826 894 1826 878 1826 878 1827 894 1827 896 1827 878 1828 896 1828 876 1828 876 1829 896 1829 898 1829 876 1830 898 1830 874 1830 874 1831 898 1831 900 1831 912 1832 913 1832 914 1832 914 1833 913 1833 915 1833 914 1834 915 1834 916 1834 916 1835 915 1835 917 1835 916 1836 917 1836 918 1836 918 1837 917 1837 919 1837 918 1838 919 1838 920 1838 920 1839 919 1839 921 1839 920 1840 921 1840 922 1840 921 1841 923 1841 922 1841 922 1842 923 1842 924 1842 922 1843 924 1843 925 1843 925 1844 924 1844 926 1844 925 1845 926 1845 927 1845 927 1846 926 1846 928 1846 927 1847 928 1847 929 1847 929 1848 928 1848 930 1848 929 1849 930 1849 931 1849 931 1850 930 1850 932 1850 931 1851 932 1851 933 1851 934 1852 935 1852 936 1852 936 1853 935 1853 937 1853 936 1854 937 1854 938 1854 938 1855 937 1855 939 1855 938 1856 939 1856 940 1856 940 1857 939 1857 941 1857 940 1858 941 1858 942 1858 942 1859 941 1859 943 1859 942 1860 943 1860 912 1860 912 1861 943 1861 944 1861 912 1862 944 1862 913 1862 932 1863 945 1863 933 1863 933 1864 945 1864 946 1864 933 1865 946 1865 947 1865 947 1866 946 1866 948 1866 947 1867 948 1867 949 1867 949 1868 948 1868 950 1868 949 1869 950 1869 951 1869 951 1870 950 1870 952 1870 951 1871 952 1871 953 1871 953 1872 952 1872 954 1872 953 1873 954 1873 934 1873 934 1874 954 1874 955 1874 934 1875 955 1875 935 1875 956 1876 957 1876 958 1876 958 1877 957 1877 959 1877 958 1878 959 1878 960 1878 960 1879 959 1879 961 1879 960 1880 961 1880 962 1880 962 1881 961 1881 963 1881 962 1882 963 1882 964 1882 965 1883 966 1883 967 1883 967 1884 966 1884 968 1884 967 1885 968 1885 969 1885 969 1886 968 1886 970 1886 969 1887 970 1887 971 1887 971 1888 970 1888 972 1888 971 1889 972 1889 973 1889 973 1890 972 1890 974 1890 973 1891 974 1891 975 1891 974 1892 976 1892 975 1892 975 1893 976 1893 977 1893 975 1894 977 1894 978 1894 978 1895 977 1895 979 1895 978 1896 979 1896 980 1896 980 1897 979 1897 981 1897 980 1898 981 1898 982 1898 982 1899 981 1899 983 1899 982 1900 983 1900 984 1900 984 1901 983 1901 985 1901 984 1902 985 1902 956 1902 956 1903 985 1903 986 1903 956 1904 986 1904 957 1904 963 1905 987 1905 964 1905 964 1906 987 1906 988 1906 964 1907 988 1907 989 1907 989 1908 988 1908 990 1908 989 1909 990 1909 991 1909 991 1910 990 1910 992 1910 991 1911 992 1911 993 1911 993 1912 992 1912 994 1912 993 1913 994 1913 995 1913 995 1914 994 1914 996 1914 995 1915 996 1915 997 1915 997 1916 996 1916 998 1916 997 1917 998 1917 965 1917 965 1918 998 1918 999 1918 965 1919 999 1919 966 1919 1000 1920 1001 1920 1002 1920 1003 1921 1004 1921 1005 1921 1006 1922 1007 1922 1008 1922 1008 1923 1009 1923 1006 1923 1006 1924 1009 1924 1010 1924 1006 1925 1010 1925 1004 1925 1004 1926 1010 1926 1011 1926 1004 1927 1011 1927 1005 1927 1002 1928 1001 1928 1012 1928 1001 1929 1013 1929 1012 1929 1012 1930 1013 1930 1014 1930 1012 1931 1014 1931 1007 1931 1007 1932 1014 1932 1015 1932 1007 1933 1015 1933 1008 1933 1000 1934 1002 1934 1016 1934 1016 1935 1002 1935 1017 1935 1016 1936 1017 1936 1018 1936 1018 1937 1017 1937 1019 1937 1018 1938 1019 1938 1020 1938 1020 1939 1019 1939 1021 1939 1021 1940 1019 1940 1022 1940 1021 1941 1022 1941 1023 1941 1023 1942 1022 1942 1024 1942 1024 1943 1022 1943 1025 1943 1024 1944 1025 1944 1026 1944 1026 1945 1025 1945 1027 1945 1027 1946 1025 1946 1028 1946 1027 1947 1028 1947 1029 1947 1029 1948 1028 1948 1030 1948 1030 1949 1028 1949 1031 1949 1030 1950 1031 1950 1032 1950 1032 1951 1031 1951 1033 1951 1033 1952 1031 1952 1034 1952 1033 1953 1034 1953 1035 1953 1035 1954 1034 1954 1036 1954 1036 1955 1034 1955 1037 1955 1036 1956 1037 1956 1038 1956 1039 1957 1040 1957 1041 1957 1041 1958 1042 1958 1039 1958 1039 1959 1042 1959 1043 1959 1039 1960 1043 1960 1044 1960 1044 1961 1043 1961 1045 1961 1044 1962 1045 1962 1046 1962 1047 1963 1048 1963 1049 1963 1049 1964 1050 1964 1047 1964 1047 1965 1050 1965 1051 1965 1047 1966 1051 1966 1040 1966 1040 1967 1051 1967 1052 1967 1040 1968 1052 1968 1041 1968 1053 1969 1054 1969 1055 1969 1055 1970 1056 1970 1053 1970 1053 1971 1056 1971 1057 1971 1053 1972 1057 1972 1048 1972 1048 1973 1057 1973 1058 1973 1048 1974 1058 1974 1049 1974 1059 1975 1060 1975 1061 1975 1061 1976 1060 1976 1062 1976 1061 1977 1062 1977 1054 1977 1054 1978 1062 1978 1063 1978 1054 1979 1063 1979 1055 1979 1064 1980 1065 1980 1059 1980 1059 1981 1065 1981 1066 1981 1059 1982 1066 1982 1060 1982 1067 1983 1068 1983 1064 1983 1064 1984 1068 1984 1069 1984 1064 1985 1069 1985 1065 1985 1070 1986 1071 1986 1067 1986 1067 1987 1071 1987 1072 1987 1067 1988 1072 1988 1068 1988 1073 1989 1074 1989 1070 1989 1070 1990 1074 1990 1075 1990 1070 1991 1075 1991 1071 1991 1076 1992 1077 1992 1073 1992 1073 1993 1077 1993 1078 1993 1073 1994 1078 1994 1074 1994 1005 1995 1079 1995 1003 1995 1003 1996 1079 1996 1080 1996 1003 1997 1080 1997 1081 1997 1038 1998 1037 1998 1046 1998 1046 1999 1037 1999 1082 1999 1046 2000 1082 2000 1044 2000 1044 2001 1082 2001 1083 2001 1044 2002 1083 2002 1084 2002 1084 2003 1083 2003 1085 2003 1084 2004 1085 2004 1086 2004 1086 2005 1085 2005 1087 2005 1086 2006 1087 2006 1088 2006 1088 2007 1087 2007 1089 2007 1088 2008 1089 2008 1090 2008 1090 2009 1089 2009 1091 2009 1090 2010 1091 2010 1092 2010 1092 2011 1091 2011 1093 2011 1092 2012 1093 2012 1094 2012 1094 2013 1093 2013 1095 2013 1094 2014 1095 2014 1096 2014 1096 2015 1095 2015 1097 2015 1096 2016 1097 2016 1098 2016 1098 2017 1097 2017 1099 2017 1098 2018 1099 2018 1100 2018 1100 2019 1099 2019 1101 2019 1100 2020 1101 2020 1102 2020 1102 2021 1101 2021 1103 2021 1102 2022 1103 2022 1104 2022 1104 2023 1103 2023 1081 2023 1104 2024 1081 2024 1105 2024 1105 2025 1081 2025 1080 2025 1105 2026 1080 2026 1106 2026 1106 2027 1080 2027 1107 2027 1106 2028 1107 2028 1076 2028 1076 2029 1107 2029 1108 2029 1076 2030 1108 2030 1077 2030 954 2031 1109 2031 955 2031 955 2032 1109 2032 1110 2032 955 2033 1110 2033 935 2033 935 2034 1110 2034 1111 2034 935 2035 1111 2035 937 2035 937 2036 1111 2036 1112 2036 937 2037 1112 2037 939 2037 939 2038 1112 2038 1113 2038 939 2039 1113 2039 941 2039 941 2040 1113 2040 1114 2040 941 2041 1114 2041 943 2041 943 2042 1114 2042 1115 2042 943 2043 1115 2043 944 2043 944 2044 1115 2044 1116 2044 944 2045 1116 2045 913 2045 913 2046 1116 2046 1117 2046 913 2047 1117 2047 915 2047 915 2048 1117 2048 1118 2048 915 2049 1118 2049 917 2049 917 2050 1118 2050 1119 2050 917 2051 1119 2051 919 2051 919 2052 1119 2052 1120 2052 919 2053 1120 2053 921 2053 921 2054 1120 2054 1121 2054 921 2055 1121 2055 923 2055 923 2056 1121 2056 1122 2056 923 2057 1122 2057 924 2057 924 2058 1122 2058 1123 2058 924 2059 1123 2059 926 2059 926 2060 1123 2060 1124 2060 926 2061 1124 2061 928 2061 928 2062 1124 2062 1125 2062 928 2063 1125 2063 930 2063 930 2064 1125 2064 1126 2064 930 2065 1126 2065 932 2065 932 2066 1126 2066 1127 2066 932 2067 1127 2067 945 2067 945 2068 1127 2068 1128 2068 945 2069 1128 2069 946 2069 946 2070 1128 2070 1129 2070 946 2071 1129 2071 948 2071 948 2072 1129 2072 1130 2072 948 2073 1130 2073 950 2073 950 2074 1130 2074 1131 2074 950 2075 1131 2075 952 2075 952 2076 1131 2076 1132 2076 952 2077 1132 2077 954 2077 954 2078 1132 2078 1109 2078 996 2079 1133 2079 998 2079 998 2080 1133 2080 1134 2080 998 2081 1134 2081 999 2081 999 2082 1134 2082 1135 2082 999 2083 1135 2083 966 2083 966 2084 1135 2084 1136 2084 966 2085 1136 2085 968 2085 968 2086 1136 2086 1137 2086 968 2087 1137 2087 970 2087 970 2088 1137 2088 1138 2088 970 2089 1138 2089 972 2089 972 2090 1138 2090 1139 2090 972 2091 1139 2091 974 2091 974 2092 1139 2092 1140 2092 974 2093 1140 2093 976 2093 976 2094 1140 2094 1141 2094 976 2095 1141 2095 977 2095 977 2096 1141 2096 1142 2096 977 2097 1142 2097 979 2097 979 2098 1142 2098 1143 2098 979 2099 1143 2099 981 2099 981 2100 1143 2100 1144 2100 981 2101 1144 2101 983 2101 983 2102 1144 2102 1145 2102 983 2103 1145 2103 985 2103 985 2104 1145 2104 1146 2104 985 2105 1146 2105 986 2105 986 2106 1146 2106 1147 2106 986 2107 1147 2107 957 2107 957 2108 1147 2108 1148 2108 957 2109 1148 2109 959 2109 959 2110 1148 2110 1149 2110 959 2111 1149 2111 961 2111 961 2112 1149 2112 1150 2112 961 2113 1150 2113 963 2113 963 2114 1150 2114 1151 2114 963 2115 1151 2115 987 2115 987 2116 1151 2116 1152 2116 987 2117 1152 2117 988 2117 988 2118 1152 2118 1153 2118 988 2119 1153 2119 990 2119 990 2120 1153 2120 1154 2120 990 2121 1154 2121 992 2121 992 2122 1154 2122 1155 2122 992 2123 1155 2123 994 2123 994 2124 1155 2124 1156 2124 994 2125 1156 2125 996 2125 996 2126 1156 2126 1133 2126 1157 2127 1158 2127 1159 2127 1159 2128 1158 2128 1160 2128 1159 2129 1160 2129 1161 2129 1161 2130 1160 2130 1162 2130 1161 2131 1162 2131 1163 2131 1163 2132 1162 2132 1164 2132 1163 2133 1164 2133 1165 2133 1165 2134 1164 2134 1166 2134 1165 2135 1166 2135 1167 2135 1167 2136 1166 2136 1168 2136 1167 2137 1168 2137 1169 2137 1169 2138 1168 2138 1170 2138 1169 2139 1170 2139 1171 2139 1171 2140 1170 2140 1172 2140 1171 2141 1172 2141 1173 2141 1173 2142 1172 2142 1174 2142 1173 2143 1174 2143 1175 2143 1175 2144 1174 2144 1176 2144 1175 2145 1176 2145 1177 2145 1177 2146 1176 2146 1178 2146 1177 2147 1178 2147 1179 2147 1179 2148 1178 2148 1180 2148 1179 2149 1180 2149 1181 2149 1181 2150 1180 2150 1182 2150 1181 2151 1182 2151 1183 2151 1183 2152 1182 2152 1184 2152 1183 2153 1184 2153 1185 2153 1185 2154 1184 2154 1186 2154 1185 2155 1186 2155 1187 2155 1187 2156 1186 2156 1188 2156 1187 2157 1188 2157 1189 2157 1189 2158 1188 2158 1190 2158 1189 2159 1190 2159 1191 2159 1191 2160 1190 2160 1192 2160 1191 2161 1192 2161 1193 2161 1193 2162 1192 2162 1194 2162 1193 2163 1194 2163 1195 2163 1195 2164 1194 2164 1196 2164 1195 2165 1196 2165 1197 2165 1197 2166 1196 2166 1198 2166 1197 2167 1198 2167 1199 2167 1199 2168 1198 2168 1200 2168 1199 2169 1200 2169 1201 2169 1201 2170 1200 2170 1202 2170 1201 2171 1202 2171 1203 2171 1203 2172 1202 2172 1204 2172 1203 2173 1204 2173 1157 2173 1157 2174 1204 2174 1158 2174 1172 2175 1205 2175 1174 2175 1174 2176 1205 2176 1206 2176 1174 2177 1206 2177 1176 2177 1176 2178 1206 2178 1207 2178 1176 2179 1207 2179 1178 2179 1178 2180 1207 2180 1208 2180 1178 2181 1208 2181 1180 2181 1180 2182 1208 2182 1209 2182 1180 2183 1209 2183 1182 2183 1182 2184 1209 2184 1210 2184 1182 2185 1210 2185 1184 2185 1184 2186 1210 2186 1211 2186 1184 2187 1211 2187 1186 2187 1204 2188 1212 2188 1158 2188 1158 2189 1212 2189 1213 2189 1158 2190 1213 2190 1160 2190 1160 2191 1213 2191 1214 2191 1160 2192 1214 2192 1162 2192 1162 2193 1214 2193 1215 2193 1162 2194 1215 2194 1164 2194 1164 2195 1215 2195 1216 2195 1164 2196 1216 2196 1166 2196 1166 2197 1216 2197 1217 2197 1166 2198 1217 2198 1168 2198 1168 2199 1217 2199 1218 2199 1168 2200 1218 2200 1170 2200 1170 2201 1218 2201 1219 2201 1170 2202 1219 2202 1172 2202 1172 2203 1219 2203 1220 2203 1172 2204 1220 2204 1205 2204 1211 2205 1221 2205 1186 2205 1186 2206 1221 2206 1222 2206 1186 2207 1222 2207 1188 2207 1188 2208 1222 2208 1223 2208 1188 2209 1223 2209 1190 2209 1190 2210 1223 2210 1224 2210 1190 2211 1224 2211 1192 2211 1192 2212 1224 2212 1225 2212 1192 2213 1225 2213 1194 2213 1194 2214 1225 2214 1226 2214 1194 2215 1226 2215 1196 2215 1196 2216 1226 2216 1227 2216 1196 2217 1227 2217 1198 2217 1198 2218 1227 2218 1228 2218 1198 2219 1228 2219 1200 2219 1200 2220 1228 2220 1229 2220 1200 2221 1229 2221 1202 2221 1202 2222 1229 2222 1230 2222 1202 2223 1230 2223 1204 2223 1204 2224 1230 2224 1231 2224 1204 2225 1231 2225 1212 2225 1020 2226 1021 2226 1210 2226 1066 2227 1065 2227 1213 2227 1219 2228 1218 2228 1107 2228 1217 2229 1077 2229 1218 2229 1218 2230 1077 2230 1108 2230 1218 2231 1108 2231 1107 2231 1216 2232 1215 2232 1071 2232 1071 2233 1075 2233 1216 2233 1216 2234 1075 2234 1074 2234 1216 2235 1074 2235 1217 2235 1217 2236 1074 2236 1078 2236 1217 2237 1078 2237 1077 2237 1213 2238 1065 2238 1214 2238 1065 2239 1069 2239 1214 2239 1214 2240 1069 2240 1068 2240 1214 2241 1068 2241 1215 2241 1215 2242 1068 2242 1072 2242 1215 2243 1072 2243 1071 2243 1066 2244 1213 2244 1060 2244 1060 2245 1213 2245 1212 2245 1060 2246 1212 2246 1062 2246 1062 2247 1212 2247 1231 2247 1062 2248 1231 2248 1063 2248 1063 2249 1231 2249 1055 2249 1055 2250 1231 2250 1230 2250 1055 2251 1230 2251 1056 2251 1056 2252 1230 2252 1057 2252 1057 2253 1230 2253 1229 2253 1057 2254 1229 2254 1058 2254 1058 2255 1229 2255 1049 2255 1049 2256 1229 2256 1228 2256 1049 2257 1228 2257 1050 2257 1050 2258 1228 2258 1051 2258 1051 2259 1228 2259 1227 2259 1051 2260 1227 2260 1052 2260 1052 2261 1227 2261 1041 2261 1041 2262 1227 2262 1226 2262 1041 2263 1226 2263 1042 2263 1042 2264 1226 2264 1043 2264 1043 2265 1226 2265 1225 2265 1043 2266 1225 2266 1045 2266 1224 2267 1223 2267 1033 2267 1046 2268 1045 2268 1038 2268 1038 2269 1045 2269 1225 2269 1038 2270 1225 2270 1036 2270 1036 2271 1225 2271 1224 2271 1036 2272 1224 2272 1035 2272 1035 2273 1224 2273 1033 2273 1222 2274 1221 2274 1027 2274 1027 2275 1029 2275 1222 2275 1222 2276 1029 2276 1030 2276 1222 2277 1030 2277 1223 2277 1223 2278 1030 2278 1032 2278 1223 2279 1032 2279 1033 2279 1210 2280 1021 2280 1211 2280 1021 2281 1023 2281 1211 2281 1211 2282 1023 2282 1024 2282 1211 2283 1024 2283 1221 2283 1221 2284 1024 2284 1026 2284 1221 2285 1026 2285 1027 2285 1020 2286 1210 2286 1018 2286 1018 2287 1210 2287 1209 2287 1018 2288 1209 2288 1016 2288 1016 2289 1209 2289 1208 2289 1016 2290 1208 2290 1000 2290 1000 2291 1208 2291 1001 2291 1001 2292 1208 2292 1207 2292 1001 2293 1207 2293 1013 2293 1013 2294 1207 2294 1014 2294 1014 2295 1207 2295 1206 2295 1014 2296 1206 2296 1015 2296 1015 2297 1206 2297 1008 2297 1008 2298 1206 2298 1205 2298 1008 2299 1205 2299 1009 2299 1009 2300 1205 2300 1010 2300 1010 2301 1205 2301 1220 2301 1010 2302 1220 2302 1011 2302 1011 2303 1220 2303 1005 2303 1005 2304 1220 2304 1219 2304 1005 2305 1219 2305 1079 2305 1079 2306 1219 2306 1107 2306 1079 2307 1107 2307 1080 2307 1111 2308 1067 2308 1112 2308 1112 2309 1067 2309 1064 2309 1112 2310 1064 2310 1113 2310 1113 2311 1064 2311 1059 2311 1113 2312 1059 2312 1114 2312 1114 2313 1059 2313 1061 2313 1114 2314 1061 2314 1115 2314 1115 2315 1061 2315 1054 2315 1115 2316 1054 2316 1116 2316 1116 2317 1054 2317 1053 2317 1116 2318 1053 2318 1117 2318 1117 2319 1053 2319 1048 2319 1117 2320 1048 2320 1118 2320 1118 2321 1048 2321 1047 2321 1118 2322 1047 2322 1119 2322 1128 2323 1100 2323 1129 2323 1129 2324 1100 2324 1102 2324 1129 2325 1102 2325 1130 2325 1130 2326 1102 2326 1104 2326 1130 2327 1104 2327 1131 2327 1131 2328 1104 2328 1105 2328 1131 2329 1105 2329 1132 2329 1132 2330 1105 2330 1106 2330 1132 2331 1106 2331 1109 2331 1109 2332 1106 2332 1076 2332 1109 2333 1076 2333 1110 2333 1110 2334 1076 2334 1073 2334 1110 2335 1073 2335 1111 2335 1111 2336 1073 2336 1070 2336 1111 2337 1070 2337 1067 2337 1047 2338 1040 2338 1119 2338 1119 2339 1040 2339 1039 2339 1119 2340 1039 2340 1120 2340 1120 2341 1039 2341 1044 2341 1120 2342 1044 2342 1121 2342 1121 2343 1044 2343 1084 2343 1121 2344 1084 2344 1122 2344 1122 2345 1084 2345 1086 2345 1122 2346 1086 2346 1123 2346 1123 2347 1086 2347 1088 2347 1123 2348 1088 2348 1124 2348 1124 2349 1088 2349 1090 2349 1124 2350 1090 2350 1125 2350 1125 2351 1090 2351 1092 2351 1125 2352 1092 2352 1126 2352 1126 2353 1092 2353 1094 2353 1126 2354 1094 2354 1127 2354 1127 2355 1094 2355 1096 2355 1127 2356 1096 2356 1128 2356 1128 2357 1096 2357 1098 2357 1128 2358 1098 2358 1100 2358 1140 2359 1012 2359 1141 2359 1141 2360 1012 2360 1007 2360 1141 2361 1007 2361 1142 2361 1142 2362 1007 2362 1006 2362 1142 2363 1006 2363 1143 2363 1143 2364 1006 2364 1004 2364 1143 2365 1004 2365 1144 2365 1144 2366 1004 2366 1003 2366 1144 2367 1003 2367 1145 2367 1145 2368 1003 2368 1081 2368 1145 2369 1081 2369 1146 2369 1146 2370 1081 2370 1103 2370 1146 2371 1103 2371 1147 2371 1103 2372 1101 2372 1147 2372 1147 2373 1101 2373 1099 2373 1147 2374 1099 2374 1148 2374 1148 2375 1099 2375 1097 2375 1148 2376 1097 2376 1149 2376 1149 2377 1097 2377 1095 2377 1149 2378 1095 2378 1150 2378 1150 2379 1095 2379 1093 2379 1150 2380 1093 2380 1151 2380 1151 2381 1093 2381 1091 2381 1151 2382 1091 2382 1152 2382 1152 2383 1091 2383 1089 2383 1152 2384 1089 2384 1153 2384 1153 2385 1089 2385 1087 2385 1153 2386 1087 2386 1154 2386 1154 2387 1087 2387 1085 2387 1154 2388 1085 2388 1155 2388 1155 2389 1085 2389 1083 2389 1155 2390 1083 2390 1156 2390 1083 2391 1082 2391 1156 2391 1156 2392 1082 2392 1037 2392 1156 2393 1037 2393 1133 2393 1133 2394 1037 2394 1034 2394 1133 2395 1034 2395 1134 2395 1134 2396 1034 2396 1031 2396 1134 2397 1031 2397 1135 2397 1135 2398 1031 2398 1028 2398 1135 2399 1028 2399 1136 2399 1136 2400 1028 2400 1025 2400 1136 2401 1025 2401 1137 2401 1137 2402 1025 2402 1022 2402 1137 2403 1022 2403 1138 2403 1138 2404 1022 2404 1019 2404 1138 2405 1019 2405 1139 2405 1139 2406 1019 2406 1017 2406 1139 2407 1017 2407 1140 2407 1140 2408 1017 2408 1002 2408 1140 2409 1002 2409 1012 2409 1232 2410 1175 2410 1233 2410 1233 2411 1175 2411 1177 2411 1233 2412 1177 2412 1234 2412 1234 2413 1177 2413 1179 2413 1234 2414 1179 2414 1235 2414 1235 2415 1179 2415 1181 2415 1235 2416 1181 2416 1236 2416 1237 2417 1197 2417 1238 2417 1238 2418 1197 2418 1199 2418 1238 2419 1199 2419 1239 2419 1239 2420 1199 2420 1201 2420 1239 2421 1201 2421 1240 2421 1240 2422 1201 2422 1203 2422 1240 2423 1203 2423 1241 2423 1241 2424 1203 2424 1157 2424 1241 2425 1157 2425 1242 2425 1242 2426 1157 2426 1159 2426 1242 2427 1159 2427 1243 2427 1181 2428 1183 2428 1236 2428 1236 2429 1183 2429 1185 2429 1236 2430 1185 2430 1244 2430 1244 2431 1185 2431 1187 2431 1244 2432 1187 2432 1245 2432 1245 2433 1187 2433 1189 2433 1245 2434 1189 2434 1246 2434 1246 2435 1189 2435 1191 2435 1246 2436 1191 2436 1247 2436 1247 2437 1191 2437 1193 2437 1247 2438 1193 2438 1237 2438 1237 2439 1193 2439 1195 2439 1237 2440 1195 2440 1197 2440 1159 2441 1161 2441 1243 2441 1243 2442 1161 2442 1163 2442 1243 2443 1163 2443 1248 2443 1248 2444 1163 2444 1165 2444 1248 2445 1165 2445 1249 2445 1249 2446 1165 2446 1167 2446 1249 2447 1167 2447 1250 2447 1250 2448 1167 2448 1169 2448 1250 2449 1169 2449 1251 2449 1251 2450 1169 2450 1171 2450 1251 2451 1171 2451 1232 2451 1232 2452 1171 2452 1173 2452 1232 2453 1173 2453 1175 2453 951 2454 953 2454 1252 2454 934 2455 1253 2455 953 2455 953 2456 1253 2456 1254 2456 953 2457 1254 2457 1252 2457 936 2458 938 2458 1255 2458 1255 2459 1256 2459 936 2459 936 2460 1256 2460 1257 2460 936 2461 1257 2461 934 2461 934 2462 1257 2462 1258 2462 934 2463 1258 2463 1253 2463 942 2464 1259 2464 940 2464 940 2465 1259 2465 1260 2465 940 2466 1260 2466 938 2466 938 2467 1260 2467 1261 2467 938 2468 1261 2468 1255 2468 912 2469 1262 2469 942 2469 942 2470 1262 2470 1263 2470 942 2471 1263 2471 1259 2471 914 2472 1264 2472 912 2472 912 2473 1264 2473 1265 2473 912 2474 1265 2474 1262 2474 916 2475 1266 2475 914 2475 914 2476 1266 2476 1267 2476 914 2477 1267 2477 1264 2477 920 2478 1268 2478 918 2478 918 2479 1268 2479 1269 2479 918 2480 1269 2480 916 2480 916 2481 1269 2481 1270 2481 916 2482 1270 2482 1266 2482 993 2483 995 2483 1271 2483 997 2484 1272 2484 995 2484 995 2485 1272 2485 1273 2485 995 2486 1273 2486 1271 2486 965 2487 967 2487 1274 2487 1274 2488 1275 2488 965 2488 965 2489 1275 2489 1276 2489 965 2490 1276 2490 997 2490 997 2491 1276 2491 1277 2491 997 2492 1277 2492 1272 2492 971 2493 1278 2493 969 2493 969 2494 1278 2494 1279 2494 969 2495 1279 2495 967 2495 967 2496 1279 2496 1280 2496 967 2497 1280 2497 1274 2497 973 2498 1281 2498 971 2498 971 2499 1281 2499 1282 2499 971 2500 1282 2500 1278 2500 975 2501 1283 2501 973 2501 973 2502 1283 2502 1284 2502 973 2503 1284 2503 1281 2503 978 2504 1285 2504 975 2504 975 2505 1285 2505 1286 2505 975 2506 1286 2506 1283 2506 982 2507 1287 2507 980 2507 980 2508 1287 2508 1288 2508 980 2509 1288 2509 978 2509 978 2510 1288 2510 1289 2510 978 2511 1289 2511 1285 2511 1252 2512 1290 2512 951 2512 951 2513 1290 2513 1287 2513 951 2514 1287 2514 949 2514 949 2515 1287 2515 982 2515 949 2516 982 2516 947 2516 947 2517 982 2517 984 2517 947 2518 984 2518 933 2518 933 2519 984 2519 956 2519 933 2520 956 2520 931 2520 931 2521 956 2521 958 2521 931 2522 958 2522 929 2522 929 2523 958 2523 960 2523 929 2524 960 2524 927 2524 927 2525 960 2525 962 2525 927 2526 962 2526 925 2526 925 2527 962 2527 964 2527 925 2528 964 2528 922 2528 922 2529 964 2529 989 2529 922 2530 989 2530 920 2530 920 2531 989 2531 991 2531 920 2532 991 2532 1268 2532 1268 2533 991 2533 993 2533 1268 2534 993 2534 1291 2534 1291 2535 993 2535 1271 2535 1259 2536 1263 2536 1239 2536 1247 2537 1237 2537 1267 2537 1269 2538 1246 2538 1270 2538 1270 2539 1246 2539 1247 2539 1270 2540 1247 2540 1266 2540 1266 2541 1247 2541 1267 2541 1239 2542 1263 2542 1238 2542 1263 2543 1262 2543 1238 2543 1238 2544 1262 2544 1265 2544 1238 2545 1265 2545 1237 2545 1237 2546 1265 2546 1264 2546 1237 2547 1264 2547 1267 2547 1259 2548 1239 2548 1260 2548 1260 2549 1239 2549 1240 2549 1260 2550 1240 2550 1261 2550 1261 2551 1240 2551 1241 2551 1261 2552 1241 2552 1255 2552 1255 2553 1241 2553 1256 2553 1256 2554 1241 2554 1242 2554 1256 2555 1242 2555 1257 2555 1257 2556 1242 2556 1258 2556 1258 2557 1242 2557 1243 2557 1258 2558 1243 2558 1253 2558 1253 2559 1243 2559 1254 2559 1254 2560 1243 2560 1248 2560 1254 2561 1248 2561 1252 2561 1252 2562 1248 2562 1290 2562 1290 2563 1248 2563 1249 2563 1290 2564 1249 2564 1287 2564 1250 2565 1251 2565 1286 2565 1286 2566 1285 2566 1250 2566 1250 2567 1285 2567 1289 2567 1250 2568 1289 2568 1249 2568 1249 2569 1289 2569 1288 2569 1249 2570 1288 2570 1287 2570 1232 2571 1233 2571 1282 2571 1282 2572 1281 2572 1232 2572 1232 2573 1281 2573 1284 2573 1232 2574 1284 2574 1251 2574 1251 2575 1284 2575 1283 2575 1251 2576 1283 2576 1286 2576 1235 2577 1280 2577 1234 2577 1234 2578 1280 2578 1279 2578 1234 2579 1279 2579 1233 2579 1233 2580 1279 2580 1278 2580 1233 2581 1278 2581 1282 2581 1236 2582 1275 2582 1235 2582 1235 2583 1275 2583 1274 2583 1235 2584 1274 2584 1280 2584 1244 2585 1277 2585 1236 2585 1236 2586 1277 2586 1276 2586 1236 2587 1276 2587 1275 2587 1245 2588 1273 2588 1244 2588 1244 2589 1273 2589 1272 2589 1244 2590 1272 2590 1277 2590 1269 2591 1268 2591 1246 2591 1246 2592 1268 2592 1291 2592 1246 2593 1291 2593 1245 2593 1245 2594 1291 2594 1271 2594 1245 2595 1271 2595 1273 2595 1292 2596 1293 2596 1294 2596 1294 2597 1293 2597 1295 2597 1294 2598 1295 2598 1296 2598 1296 2599 1295 2599 1297 2599 1296 2600 1297 2600 1298 2600 1298 2601 1297 2601 1299 2601 1298 2602 1299 2602 1300 2602 1300 2603 1299 2603 1301 2603 1300 2604 1301 2604 1302 2604 1301 2605 1303 2605 1302 2605 1302 2606 1303 2606 1304 2606 1302 2607 1304 2607 1305 2607 1305 2608 1304 2608 1306 2608 1305 2609 1306 2609 1307 2609 1307 2610 1306 2610 1308 2610 1307 2611 1308 2611 1309 2611 1309 2612 1308 2612 1310 2612 1309 2613 1310 2613 1311 2613 1311 2614 1310 2614 1312 2614 1311 2615 1312 2615 1313 2615 1314 2616 1315 2616 1316 2616 1316 2617 1315 2617 1317 2617 1316 2618 1317 2618 1318 2618 1318 2619 1317 2619 1319 2619 1318 2620 1319 2620 1320 2620 1320 2621 1319 2621 1321 2621 1320 2622 1321 2622 1322 2622 1322 2623 1321 2623 1323 2623 1322 2624 1323 2624 1292 2624 1292 2625 1323 2625 1324 2625 1292 2626 1324 2626 1293 2626 1312 2627 1325 2627 1313 2627 1313 2628 1325 2628 1326 2628 1313 2629 1326 2629 1327 2629 1327 2630 1326 2630 1328 2630 1327 2631 1328 2631 1329 2631 1329 2632 1328 2632 1330 2632 1329 2633 1330 2633 1331 2633 1331 2634 1330 2634 1332 2634 1331 2635 1332 2635 1333 2635 1333 2636 1332 2636 1334 2636 1333 2637 1334 2637 1314 2637 1314 2638 1334 2638 1335 2638 1314 2639 1335 2639 1315 2639 1336 2640 1337 2640 1338 2640 1338 2641 1337 2641 1339 2641 1338 2642 1339 2642 1340 2642 1340 2643 1339 2643 1341 2643 1340 2644 1341 2644 1342 2644 1342 2645 1341 2645 1343 2645 1342 2646 1343 2646 1344 2646 1345 2647 1346 2647 1347 2647 1347 2648 1346 2648 1348 2648 1347 2649 1348 2649 1349 2649 1349 2650 1348 2650 1350 2650 1349 2651 1350 2651 1351 2651 1351 2652 1350 2652 1352 2652 1351 2653 1352 2653 1353 2653 1353 2654 1352 2654 1354 2654 1353 2655 1354 2655 1355 2655 1354 2656 1356 2656 1355 2656 1355 2657 1356 2657 1357 2657 1355 2658 1357 2658 1358 2658 1358 2659 1357 2659 1359 2659 1358 2660 1359 2660 1360 2660 1360 2661 1359 2661 1361 2661 1360 2662 1361 2662 1362 2662 1362 2663 1361 2663 1363 2663 1362 2664 1363 2664 1364 2664 1364 2665 1363 2665 1365 2665 1364 2666 1365 2666 1336 2666 1336 2667 1365 2667 1366 2667 1336 2668 1366 2668 1337 2668 1343 2669 1367 2669 1344 2669 1344 2670 1367 2670 1368 2670 1344 2671 1368 2671 1369 2671 1369 2672 1368 2672 1370 2672 1369 2673 1370 2673 1371 2673 1371 2674 1370 2674 1372 2674 1371 2675 1372 2675 1373 2675 1373 2676 1372 2676 1374 2676 1373 2677 1374 2677 1375 2677 1375 2678 1374 2678 1376 2678 1375 2679 1376 2679 1377 2679 1377 2680 1376 2680 1378 2680 1377 2681 1378 2681 1345 2681 1345 2682 1378 2682 1379 2682 1345 2683 1379 2683 1346 2683 1380 2684 1381 2684 1382 2684 1383 2685 1384 2685 1385 2685 1386 2686 1387 2686 1388 2686 1388 2687 1389 2687 1386 2687 1386 2688 1389 2688 1390 2688 1386 2689 1390 2689 1384 2689 1384 2690 1390 2690 1391 2690 1384 2691 1391 2691 1385 2691 1382 2692 1381 2692 1392 2692 1381 2693 1393 2693 1392 2693 1392 2694 1393 2694 1394 2694 1392 2695 1394 2695 1387 2695 1387 2696 1394 2696 1395 2696 1387 2697 1395 2697 1388 2697 1380 2698 1382 2698 1396 2698 1396 2699 1382 2699 1397 2699 1396 2700 1397 2700 1398 2700 1398 2701 1397 2701 1399 2701 1398 2702 1399 2702 1400 2702 1400 2703 1399 2703 1401 2703 1401 2704 1399 2704 1402 2704 1401 2705 1402 2705 1403 2705 1403 2706 1402 2706 1404 2706 1404 2707 1402 2707 1405 2707 1404 2708 1405 2708 1406 2708 1406 2709 1405 2709 1407 2709 1407 2710 1405 2710 1408 2710 1407 2711 1408 2711 1409 2711 1409 2712 1408 2712 1410 2712 1410 2713 1408 2713 1411 2713 1410 2714 1411 2714 1412 2714 1412 2715 1411 2715 1413 2715 1413 2716 1411 2716 1414 2716 1413 2717 1414 2717 1415 2717 1415 2718 1414 2718 1416 2718 1416 2719 1414 2719 1417 2719 1416 2720 1417 2720 1418 2720 1419 2721 1420 2721 1421 2721 1421 2722 1422 2722 1419 2722 1419 2723 1422 2723 1423 2723 1419 2724 1423 2724 1424 2724 1424 2725 1423 2725 1425 2725 1424 2726 1425 2726 1426 2726 1427 2727 1428 2727 1429 2727 1429 2728 1430 2728 1427 2728 1427 2729 1430 2729 1431 2729 1427 2730 1431 2730 1420 2730 1420 2731 1431 2731 1432 2731 1420 2732 1432 2732 1421 2732 1433 2733 1434 2733 1435 2733 1435 2734 1436 2734 1433 2734 1433 2735 1436 2735 1437 2735 1433 2736 1437 2736 1428 2736 1428 2737 1437 2737 1438 2737 1428 2738 1438 2738 1429 2738 1439 2739 1440 2739 1441 2739 1441 2740 1440 2740 1442 2740 1441 2741 1442 2741 1434 2741 1434 2742 1442 2742 1443 2742 1434 2743 1443 2743 1435 2743 1444 2744 1445 2744 1439 2744 1439 2745 1445 2745 1446 2745 1439 2746 1446 2746 1440 2746 1447 2747 1448 2747 1444 2747 1444 2748 1448 2748 1449 2748 1444 2749 1449 2749 1445 2749 1450 2750 1451 2750 1447 2750 1447 2751 1451 2751 1452 2751 1447 2752 1452 2752 1448 2752 1453 2753 1454 2753 1450 2753 1450 2754 1454 2754 1455 2754 1450 2755 1455 2755 1451 2755 1456 2756 1457 2756 1453 2756 1453 2757 1457 2757 1458 2757 1453 2758 1458 2758 1454 2758 1385 2759 1459 2759 1383 2759 1383 2760 1459 2760 1460 2760 1383 2761 1460 2761 1461 2761 1418 2762 1417 2762 1426 2762 1426 2763 1417 2763 1462 2763 1426 2764 1462 2764 1424 2764 1424 2765 1462 2765 1463 2765 1424 2766 1463 2766 1464 2766 1464 2767 1463 2767 1465 2767 1464 2768 1465 2768 1466 2768 1466 2769 1465 2769 1467 2769 1466 2770 1467 2770 1468 2770 1468 2771 1467 2771 1469 2771 1468 2772 1469 2772 1470 2772 1470 2773 1469 2773 1471 2773 1470 2774 1471 2774 1472 2774 1472 2775 1471 2775 1473 2775 1472 2776 1473 2776 1474 2776 1474 2777 1473 2777 1475 2777 1474 2778 1475 2778 1476 2778 1476 2779 1475 2779 1477 2779 1476 2780 1477 2780 1478 2780 1478 2781 1477 2781 1479 2781 1478 2782 1479 2782 1480 2782 1480 2783 1479 2783 1481 2783 1480 2784 1481 2784 1482 2784 1482 2785 1481 2785 1483 2785 1482 2786 1483 2786 1484 2786 1484 2787 1483 2787 1461 2787 1484 2788 1461 2788 1485 2788 1485 2789 1461 2789 1460 2789 1485 2790 1460 2790 1486 2790 1486 2791 1460 2791 1487 2791 1486 2792 1487 2792 1456 2792 1456 2793 1487 2793 1488 2793 1456 2794 1488 2794 1457 2794 1334 2795 1489 2795 1335 2795 1335 2796 1489 2796 1490 2796 1335 2797 1490 2797 1315 2797 1315 2798 1490 2798 1491 2798 1315 2799 1491 2799 1317 2799 1317 2800 1491 2800 1492 2800 1317 2801 1492 2801 1319 2801 1319 2802 1492 2802 1493 2802 1319 2803 1493 2803 1321 2803 1321 2804 1493 2804 1494 2804 1321 2805 1494 2805 1323 2805 1323 2806 1494 2806 1495 2806 1323 2807 1495 2807 1324 2807 1324 2808 1495 2808 1496 2808 1324 2809 1496 2809 1293 2809 1293 2810 1496 2810 1497 2810 1293 2811 1497 2811 1295 2811 1295 2812 1497 2812 1498 2812 1295 2813 1498 2813 1297 2813 1297 2814 1498 2814 1499 2814 1297 2815 1499 2815 1299 2815 1299 2816 1499 2816 1500 2816 1299 2817 1500 2817 1301 2817 1301 2818 1500 2818 1501 2818 1301 2819 1501 2819 1303 2819 1303 2820 1501 2820 1502 2820 1303 2821 1502 2821 1304 2821 1304 2822 1502 2822 1503 2822 1304 2823 1503 2823 1306 2823 1306 2824 1503 2824 1504 2824 1306 2825 1504 2825 1308 2825 1308 2826 1504 2826 1505 2826 1308 2827 1505 2827 1310 2827 1310 2828 1505 2828 1506 2828 1310 2829 1506 2829 1312 2829 1312 2830 1506 2830 1507 2830 1312 2831 1507 2831 1325 2831 1325 2832 1507 2832 1508 2832 1325 2833 1508 2833 1326 2833 1326 2834 1508 2834 1509 2834 1326 2835 1509 2835 1328 2835 1328 2836 1509 2836 1510 2836 1328 2837 1510 2837 1330 2837 1330 2838 1510 2838 1511 2838 1330 2839 1511 2839 1332 2839 1332 2840 1511 2840 1512 2840 1332 2841 1512 2841 1334 2841 1334 2842 1512 2842 1489 2842 1376 2843 1513 2843 1378 2843 1378 2844 1513 2844 1514 2844 1378 2845 1514 2845 1379 2845 1379 2846 1514 2846 1515 2846 1379 2847 1515 2847 1346 2847 1346 2848 1515 2848 1516 2848 1346 2849 1516 2849 1348 2849 1348 2850 1516 2850 1517 2850 1348 2851 1517 2851 1350 2851 1350 2852 1517 2852 1518 2852 1350 2853 1518 2853 1352 2853 1352 2854 1518 2854 1519 2854 1352 2855 1519 2855 1354 2855 1354 2856 1519 2856 1520 2856 1354 2857 1520 2857 1356 2857 1356 2858 1520 2858 1521 2858 1356 2859 1521 2859 1357 2859 1357 2860 1521 2860 1522 2860 1357 2861 1522 2861 1359 2861 1359 2862 1522 2862 1523 2862 1359 2863 1523 2863 1361 2863 1361 2864 1523 2864 1524 2864 1361 2865 1524 2865 1363 2865 1363 2866 1524 2866 1525 2866 1363 2867 1525 2867 1365 2867 1365 2868 1525 2868 1526 2868 1365 2869 1526 2869 1366 2869 1366 2870 1526 2870 1527 2870 1366 2871 1527 2871 1337 2871 1337 2872 1527 2872 1528 2872 1337 2873 1528 2873 1339 2873 1339 2874 1528 2874 1529 2874 1339 2875 1529 2875 1341 2875 1341 2876 1529 2876 1530 2876 1341 2877 1530 2877 1343 2877 1343 2878 1530 2878 1531 2878 1343 2879 1531 2879 1367 2879 1367 2880 1531 2880 1532 2880 1367 2881 1532 2881 1368 2881 1368 2882 1532 2882 1533 2882 1368 2883 1533 2883 1370 2883 1370 2884 1533 2884 1534 2884 1370 2885 1534 2885 1372 2885 1372 2886 1534 2886 1535 2886 1372 2887 1535 2887 1374 2887 1374 2888 1535 2888 1536 2888 1374 2889 1536 2889 1376 2889 1376 2890 1536 2890 1513 2890 1537 2891 1538 2891 1539 2891 1539 2892 1538 2892 1540 2892 1539 2893 1540 2893 1541 2893 1541 2894 1540 2894 1542 2894 1541 2895 1542 2895 1543 2895 1543 2896 1542 2896 1544 2896 1543 2897 1544 2897 1545 2897 1545 2898 1544 2898 1546 2898 1545 2899 1546 2899 1547 2899 1547 2900 1546 2900 1548 2900 1547 2901 1548 2901 1549 2901 1549 2902 1548 2902 1550 2902 1549 2903 1550 2903 1551 2903 1551 2904 1550 2904 1552 2904 1551 2905 1552 2905 1553 2905 1553 2906 1552 2906 1554 2906 1553 2907 1554 2907 1555 2907 1555 2908 1554 2908 1556 2908 1555 2909 1556 2909 1557 2909 1557 2910 1556 2910 1558 2910 1557 2911 1558 2911 1559 2911 1559 2912 1558 2912 1560 2912 1559 2913 1560 2913 1561 2913 1561 2914 1560 2914 1562 2914 1561 2915 1562 2915 1563 2915 1563 2916 1562 2916 1564 2916 1563 2917 1564 2917 1565 2917 1565 2918 1564 2918 1566 2918 1565 2919 1566 2919 1567 2919 1567 2920 1566 2920 1568 2920 1567 2921 1568 2921 1569 2921 1569 2922 1568 2922 1570 2922 1569 2923 1570 2923 1571 2923 1571 2924 1570 2924 1572 2924 1571 2925 1572 2925 1573 2925 1573 2926 1572 2926 1574 2926 1573 2927 1574 2927 1575 2927 1575 2928 1574 2928 1576 2928 1575 2929 1576 2929 1577 2929 1577 2930 1576 2930 1578 2930 1577 2931 1578 2931 1579 2931 1579 2932 1578 2932 1580 2932 1579 2933 1580 2933 1581 2933 1581 2934 1580 2934 1582 2934 1581 2935 1582 2935 1583 2935 1583 2936 1582 2936 1584 2936 1583 2937 1584 2937 1537 2937 1537 2938 1584 2938 1538 2938 1552 2939 1585 2939 1554 2939 1554 2940 1585 2940 1586 2940 1554 2941 1586 2941 1556 2941 1556 2942 1586 2942 1587 2942 1556 2943 1587 2943 1558 2943 1558 2944 1587 2944 1588 2944 1558 2945 1588 2945 1560 2945 1560 2946 1588 2946 1589 2946 1560 2947 1589 2947 1562 2947 1562 2948 1589 2948 1590 2948 1562 2949 1590 2949 1564 2949 1564 2950 1590 2950 1591 2950 1564 2951 1591 2951 1566 2951 1584 2952 1592 2952 1538 2952 1538 2953 1592 2953 1593 2953 1538 2954 1593 2954 1540 2954 1540 2955 1593 2955 1594 2955 1540 2956 1594 2956 1542 2956 1542 2957 1594 2957 1595 2957 1542 2958 1595 2958 1544 2958 1544 2959 1595 2959 1596 2959 1544 2960 1596 2960 1546 2960 1546 2961 1596 2961 1597 2961 1546 2962 1597 2962 1548 2962 1548 2963 1597 2963 1598 2963 1548 2964 1598 2964 1550 2964 1550 2965 1598 2965 1599 2965 1550 2966 1599 2966 1552 2966 1552 2967 1599 2967 1600 2967 1552 2968 1600 2968 1585 2968 1591 2969 1601 2969 1566 2969 1566 2970 1601 2970 1602 2970 1566 2971 1602 2971 1568 2971 1568 2972 1602 2972 1603 2972 1568 2973 1603 2973 1570 2973 1570 2974 1603 2974 1604 2974 1570 2975 1604 2975 1572 2975 1572 2976 1604 2976 1605 2976 1572 2977 1605 2977 1574 2977 1574 2978 1605 2978 1606 2978 1574 2979 1606 2979 1576 2979 1576 2980 1606 2980 1607 2980 1576 2981 1607 2981 1578 2981 1578 2982 1607 2982 1608 2982 1578 2983 1608 2983 1580 2983 1580 2984 1608 2984 1609 2984 1580 2985 1609 2985 1582 2985 1582 2986 1609 2986 1610 2986 1582 2987 1610 2987 1584 2987 1584 2988 1610 2988 1611 2988 1584 2989 1611 2989 1592 2989 1400 2990 1401 2990 1590 2990 1446 2991 1445 2991 1593 2991 1599 2992 1598 2992 1487 2992 1597 2993 1457 2993 1598 2993 1598 2994 1457 2994 1488 2994 1598 2995 1488 2995 1487 2995 1596 2996 1595 2996 1451 2996 1451 2997 1455 2997 1596 2997 1596 2998 1455 2998 1454 2998 1596 2999 1454 2999 1597 2999 1597 3000 1454 3000 1458 3000 1597 3001 1458 3001 1457 3001 1593 3002 1445 3002 1594 3002 1445 3003 1449 3003 1594 3003 1594 3004 1449 3004 1448 3004 1594 3005 1448 3005 1595 3005 1595 3006 1448 3006 1452 3006 1595 3007 1452 3007 1451 3007 1446 3008 1593 3008 1440 3008 1440 3009 1593 3009 1592 3009 1440 3010 1592 3010 1442 3010 1442 3011 1592 3011 1611 3011 1442 3012 1611 3012 1443 3012 1443 3013 1611 3013 1435 3013 1435 3014 1611 3014 1610 3014 1435 3015 1610 3015 1436 3015 1436 3016 1610 3016 1437 3016 1437 3017 1610 3017 1609 3017 1437 3018 1609 3018 1438 3018 1438 3019 1609 3019 1429 3019 1429 3020 1609 3020 1608 3020 1429 3021 1608 3021 1430 3021 1430 3022 1608 3022 1431 3022 1431 3023 1608 3023 1607 3023 1431 3024 1607 3024 1432 3024 1432 3025 1607 3025 1421 3025 1421 3026 1607 3026 1606 3026 1421 3027 1606 3027 1422 3027 1422 3028 1606 3028 1423 3028 1423 3029 1606 3029 1605 3029 1423 3030 1605 3030 1425 3030 1604 3031 1603 3031 1413 3031 1426 3032 1425 3032 1418 3032 1418 3033 1425 3033 1605 3033 1418 3034 1605 3034 1416 3034 1416 3035 1605 3035 1604 3035 1416 3036 1604 3036 1415 3036 1415 3037 1604 3037 1413 3037 1602 3038 1601 3038 1407 3038 1407 3039 1409 3039 1602 3039 1602 3040 1409 3040 1410 3040 1602 3041 1410 3041 1603 3041 1603 3042 1410 3042 1412 3042 1603 3043 1412 3043 1413 3043 1590 3044 1401 3044 1591 3044 1401 3045 1403 3045 1591 3045 1591 3046 1403 3046 1404 3046 1591 3047 1404 3047 1601 3047 1601 3048 1404 3048 1406 3048 1601 3049 1406 3049 1407 3049 1400 3050 1590 3050 1398 3050 1398 3051 1590 3051 1589 3051 1398 3052 1589 3052 1396 3052 1396 3053 1589 3053 1588 3053 1396 3054 1588 3054 1380 3054 1380 3055 1588 3055 1381 3055 1381 3056 1588 3056 1587 3056 1381 3057 1587 3057 1393 3057 1393 3058 1587 3058 1394 3058 1394 3059 1587 3059 1586 3059 1394 3060 1586 3060 1395 3060 1395 3061 1586 3061 1388 3061 1388 3062 1586 3062 1585 3062 1388 3063 1585 3063 1389 3063 1389 3064 1585 3064 1390 3064 1390 3065 1585 3065 1600 3065 1390 3066 1600 3066 1391 3066 1391 3067 1600 3067 1385 3067 1385 3068 1600 3068 1599 3068 1385 3069 1599 3069 1459 3069 1459 3070 1599 3070 1487 3070 1459 3071 1487 3071 1460 3071 1491 3072 1447 3072 1492 3072 1492 3073 1447 3073 1444 3073 1492 3074 1444 3074 1493 3074 1493 3075 1444 3075 1439 3075 1493 3076 1439 3076 1494 3076 1494 3077 1439 3077 1441 3077 1494 3078 1441 3078 1495 3078 1495 3079 1441 3079 1434 3079 1495 3080 1434 3080 1496 3080 1496 3081 1434 3081 1433 3081 1496 3082 1433 3082 1497 3082 1497 3083 1433 3083 1428 3083 1497 3084 1428 3084 1498 3084 1498 3085 1428 3085 1427 3085 1498 3086 1427 3086 1499 3086 1508 3087 1480 3087 1509 3087 1509 3088 1480 3088 1482 3088 1509 3089 1482 3089 1510 3089 1510 3090 1482 3090 1484 3090 1510 3091 1484 3091 1511 3091 1511 3092 1484 3092 1485 3092 1511 3093 1485 3093 1512 3093 1512 3094 1485 3094 1486 3094 1512 3095 1486 3095 1489 3095 1489 3096 1486 3096 1456 3096 1489 3097 1456 3097 1490 3097 1490 3098 1456 3098 1453 3098 1490 3099 1453 3099 1491 3099 1491 3100 1453 3100 1450 3100 1491 3101 1450 3101 1447 3101 1427 3102 1420 3102 1499 3102 1499 3103 1420 3103 1419 3103 1499 3104 1419 3104 1500 3104 1500 3105 1419 3105 1424 3105 1500 3106 1424 3106 1501 3106 1501 3107 1424 3107 1464 3107 1501 3108 1464 3108 1502 3108 1502 3109 1464 3109 1466 3109 1502 3110 1466 3110 1503 3110 1503 3111 1466 3111 1468 3111 1503 3112 1468 3112 1504 3112 1504 3113 1468 3113 1470 3113 1504 3114 1470 3114 1505 3114 1505 3115 1470 3115 1472 3115 1505 3116 1472 3116 1506 3116 1506 3117 1472 3117 1474 3117 1506 3118 1474 3118 1507 3118 1507 3119 1474 3119 1476 3119 1507 3120 1476 3120 1508 3120 1508 3121 1476 3121 1478 3121 1508 3122 1478 3122 1480 3122 1520 3123 1392 3123 1521 3123 1521 3124 1392 3124 1387 3124 1521 3125 1387 3125 1522 3125 1522 3126 1387 3126 1386 3126 1522 3127 1386 3127 1523 3127 1523 3128 1386 3128 1384 3128 1523 3129 1384 3129 1524 3129 1524 3130 1384 3130 1383 3130 1524 3131 1383 3131 1525 3131 1525 3132 1383 3132 1461 3132 1525 3133 1461 3133 1526 3133 1526 3134 1461 3134 1483 3134 1526 3135 1483 3135 1527 3135 1483 3136 1481 3136 1527 3136 1527 3137 1481 3137 1479 3137 1527 3138 1479 3138 1528 3138 1528 3139 1479 3139 1477 3139 1528 3140 1477 3140 1529 3140 1529 3141 1477 3141 1475 3141 1529 3142 1475 3142 1530 3142 1530 3143 1475 3143 1473 3143 1530 3144 1473 3144 1531 3144 1531 3145 1473 3145 1471 3145 1531 3146 1471 3146 1532 3146 1532 3147 1471 3147 1469 3147 1532 3148 1469 3148 1533 3148 1533 3149 1469 3149 1467 3149 1533 3150 1467 3150 1534 3150 1534 3151 1467 3151 1465 3151 1534 3152 1465 3152 1535 3152 1535 3153 1465 3153 1463 3153 1535 3154 1463 3154 1536 3154 1463 3155 1462 3155 1536 3155 1536 3156 1462 3156 1417 3156 1536 3157 1417 3157 1513 3157 1513 3158 1417 3158 1414 3158 1513 3159 1414 3159 1514 3159 1514 3160 1414 3160 1411 3160 1514 3161 1411 3161 1515 3161 1515 3162 1411 3162 1408 3162 1515 3163 1408 3163 1516 3163 1516 3164 1408 3164 1405 3164 1516 3165 1405 3165 1517 3165 1517 3166 1405 3166 1402 3166 1517 3167 1402 3167 1518 3167 1518 3168 1402 3168 1399 3168 1518 3169 1399 3169 1519 3169 1519 3170 1399 3170 1397 3170 1519 3171 1397 3171 1520 3171 1520 3172 1397 3172 1382 3172 1520 3173 1382 3173 1392 3173 1612 3174 1555 3174 1613 3174 1613 3175 1555 3175 1557 3175 1613 3176 1557 3176 1614 3176 1614 3177 1557 3177 1559 3177 1614 3178 1559 3178 1615 3178 1615 3179 1559 3179 1561 3179 1615 3180 1561 3180 1616 3180 1617 3181 1577 3181 1618 3181 1618 3182 1577 3182 1579 3182 1618 3183 1579 3183 1619 3183 1619 3184 1579 3184 1581 3184 1619 3185 1581 3185 1620 3185 1620 3186 1581 3186 1583 3186 1620 3187 1583 3187 1621 3187 1621 3188 1583 3188 1537 3188 1621 3189 1537 3189 1622 3189 1622 3190 1537 3190 1539 3190 1622 3191 1539 3191 1623 3191 1561 3192 1563 3192 1616 3192 1616 3193 1563 3193 1565 3193 1616 3194 1565 3194 1624 3194 1624 3195 1565 3195 1567 3195 1624 3196 1567 3196 1625 3196 1625 3197 1567 3197 1569 3197 1625 3198 1569 3198 1626 3198 1626 3199 1569 3199 1571 3199 1626 3200 1571 3200 1627 3200 1627 3201 1571 3201 1573 3201 1627 3202 1573 3202 1617 3202 1617 3203 1573 3203 1575 3203 1617 3204 1575 3204 1577 3204 1539 3205 1541 3205 1623 3205 1623 3206 1541 3206 1543 3206 1623 3207 1543 3207 1628 3207 1628 3208 1543 3208 1545 3208 1628 3209 1545 3209 1629 3209 1629 3210 1545 3210 1547 3210 1629 3211 1547 3211 1630 3211 1630 3212 1547 3212 1549 3212 1630 3213 1549 3213 1631 3213 1631 3214 1549 3214 1551 3214 1631 3215 1551 3215 1612 3215 1612 3216 1551 3216 1553 3216 1612 3217 1553 3217 1555 3217 1331 3218 1333 3218 1632 3218 1314 3219 1633 3219 1333 3219 1333 3220 1633 3220 1634 3220 1333 3221 1634 3221 1632 3221 1316 3222 1318 3222 1635 3222 1635 3223 1636 3223 1316 3223 1316 3224 1636 3224 1637 3224 1316 3225 1637 3225 1314 3225 1314 3226 1637 3226 1638 3226 1314 3227 1638 3227 1633 3227 1322 3228 1639 3228 1320 3228 1320 3229 1639 3229 1640 3229 1320 3230 1640 3230 1318 3230 1318 3231 1640 3231 1641 3231 1318 3232 1641 3232 1635 3232 1292 3233 1642 3233 1322 3233 1322 3234 1642 3234 1643 3234 1322 3235 1643 3235 1639 3235 1294 3236 1644 3236 1292 3236 1292 3237 1644 3237 1645 3237 1292 3238 1645 3238 1642 3238 1296 3239 1646 3239 1294 3239 1294 3240 1646 3240 1647 3240 1294 3241 1647 3241 1644 3241 1300 3242 1648 3242 1298 3242 1298 3243 1648 3243 1649 3243 1298 3244 1649 3244 1296 3244 1296 3245 1649 3245 1650 3245 1296 3246 1650 3246 1646 3246 1373 3247 1375 3247 1651 3247 1377 3248 1652 3248 1375 3248 1375 3249 1652 3249 1653 3249 1375 3250 1653 3250 1651 3250 1345 3251 1347 3251 1654 3251 1654 3252 1655 3252 1345 3252 1345 3253 1655 3253 1656 3253 1345 3254 1656 3254 1377 3254 1377 3255 1656 3255 1657 3255 1377 3256 1657 3256 1652 3256 1351 3257 1658 3257 1349 3257 1349 3258 1658 3258 1659 3258 1349 3259 1659 3259 1347 3259 1347 3260 1659 3260 1660 3260 1347 3261 1660 3261 1654 3261 1353 3262 1661 3262 1351 3262 1351 3263 1661 3263 1662 3263 1351 3264 1662 3264 1658 3264 1355 3265 1663 3265 1353 3265 1353 3266 1663 3266 1664 3266 1353 3267 1664 3267 1661 3267 1358 3268 1665 3268 1355 3268 1355 3269 1665 3269 1666 3269 1355 3270 1666 3270 1663 3270 1362 3271 1667 3271 1360 3271 1360 3272 1667 3272 1668 3272 1360 3273 1668 3273 1358 3273 1358 3274 1668 3274 1669 3274 1358 3275 1669 3275 1665 3275 1632 3276 1670 3276 1331 3276 1331 3277 1670 3277 1667 3277 1331 3278 1667 3278 1329 3278 1329 3279 1667 3279 1362 3279 1329 3280 1362 3280 1327 3280 1327 3281 1362 3281 1364 3281 1327 3282 1364 3282 1313 3282 1313 3283 1364 3283 1336 3283 1313 3284 1336 3284 1311 3284 1311 3285 1336 3285 1338 3285 1311 3286 1338 3286 1309 3286 1309 3287 1338 3287 1340 3287 1309 3288 1340 3288 1307 3288 1307 3289 1340 3289 1342 3289 1307 3290 1342 3290 1305 3290 1305 3291 1342 3291 1344 3291 1305 3292 1344 3292 1302 3292 1302 3293 1344 3293 1369 3293 1302 3294 1369 3294 1300 3294 1300 3295 1369 3295 1371 3295 1300 3296 1371 3296 1648 3296 1648 3297 1371 3297 1373 3297 1648 3298 1373 3298 1671 3298 1671 3299 1373 3299 1651 3299 1639 3300 1643 3300 1619 3300 1627 3301 1617 3301 1647 3301 1649 3302 1626 3302 1650 3302 1650 3303 1626 3303 1627 3303 1650 3304 1627 3304 1646 3304 1646 3305 1627 3305 1647 3305 1619 3306 1643 3306 1618 3306 1643 3307 1642 3307 1618 3307 1618 3308 1642 3308 1645 3308 1618 3309 1645 3309 1617 3309 1617 3310 1645 3310 1644 3310 1617 3311 1644 3311 1647 3311 1639 3312 1619 3312 1640 3312 1640 3313 1619 3313 1620 3313 1640 3314 1620 3314 1641 3314 1641 3315 1620 3315 1621 3315 1641 3316 1621 3316 1635 3316 1635 3317 1621 3317 1636 3317 1636 3318 1621 3318 1622 3318 1636 3319 1622 3319 1637 3319 1637 3320 1622 3320 1638 3320 1638 3321 1622 3321 1623 3321 1638 3322 1623 3322 1633 3322 1633 3323 1623 3323 1634 3323 1634 3324 1623 3324 1628 3324 1634 3325 1628 3325 1632 3325 1632 3326 1628 3326 1670 3326 1670 3327 1628 3327 1629 3327 1670 3328 1629 3328 1667 3328 1630 3329 1631 3329 1666 3329 1666 3330 1665 3330 1630 3330 1630 3331 1665 3331 1669 3331 1630 3332 1669 3332 1629 3332 1629 3333 1669 3333 1668 3333 1629 3334 1668 3334 1667 3334 1612 3335 1613 3335 1662 3335 1662 3336 1661 3336 1612 3336 1612 3337 1661 3337 1664 3337 1612 3338 1664 3338 1631 3338 1631 3339 1664 3339 1663 3339 1631 3340 1663 3340 1666 3340 1615 3341 1660 3341 1614 3341 1614 3342 1660 3342 1659 3342 1614 3343 1659 3343 1613 3343 1613 3344 1659 3344 1658 3344 1613 3345 1658 3345 1662 3345 1616 3346 1655 3346 1615 3346 1615 3347 1655 3347 1654 3347 1615 3348 1654 3348 1660 3348 1624 3349 1657 3349 1616 3349 1616 3350 1657 3350 1656 3350 1616 3351 1656 3351 1655 3351 1625 3352 1653 3352 1624 3352 1624 3353 1653 3353 1652 3353 1624 3354 1652 3354 1657 3354 1649 3355 1648 3355 1626 3355 1626 3356 1648 3356 1671 3356 1626 3357 1671 3357 1625 3357 1625 3358 1671 3358 1651 3358 1625 3359 1651 3359 1653 3359 1672 3360 1673 3360 1674 3360 1674 3361 1673 3361 1675 3361 1674 3362 1675 3362 1676 3362 1676 3363 1675 3363 1677 3363 1676 3364 1677 3364 1678 3364 1678 3365 1677 3365 1679 3365 1678 3366 1679 3366 1680 3366 1680 3367 1679 3367 1681 3367 1680 3368 1681 3368 1682 3368 1682 3369 1681 3369 1683 3369 1682 3370 1683 3370 1684 3370 1684 3371 1683 3371 1685 3371 1684 3372 1685 3372 1686 3372 1686 3373 1685 3373 1687 3373 1686 3374 1687 3374 1688 3374 1688 3375 1687 3375 1689 3375 1688 3376 1689 3376 1690 3376 1690 3377 1689 3377 1691 3377 1690 3378 1691 3378 1692 3378 1692 3379 1691 3379 1693 3379 1692 3380 1693 3380 1694 3380 1694 3381 1693 3381 1695 3381 1694 3382 1695 3382 1672 3382 1672 3383 1695 3383 1673 3383 1696 3384 1697 3384 1698 3384 1698 3385 1697 3385 1699 3385 1698 3386 1699 3386 1700 3386 1700 3387 1699 3387 1701 3387 1700 3388 1701 3388 1702 3388 1702 3389 1701 3389 1703 3389 1702 3390 1703 3390 1704 3390 1704 3391 1703 3391 1705 3391 1704 3392 1705 3392 1706 3392 1706 3393 1705 3393 1707 3393 1706 3394 1707 3394 1708 3394 1708 3395 1707 3395 1709 3395 1708 3396 1709 3396 1710 3396 1710 3397 1709 3397 1711 3397 1710 3398 1711 3398 1712 3398 1712 3399 1711 3399 1713 3399 1712 3400 1713 3400 1714 3400 1714 3401 1713 3401 1715 3401 1714 3402 1715 3402 1716 3402 1716 3403 1715 3403 1717 3403 1716 3404 1717 3404 1718 3404 1718 3405 1717 3405 1719 3405 1718 3406 1719 3406 1696 3406 1696 3407 1719 3407 1697 3407 1709 3408 1679 3408 1711 3408 1711 3409 1679 3409 1677 3409 1711 3410 1677 3410 1713 3410 1713 3411 1677 3411 1675 3411 1713 3412 1675 3412 1715 3412 1715 3413 1675 3413 1673 3413 1715 3414 1673 3414 1717 3414 1717 3415 1673 3415 1695 3415 1717 3416 1695 3416 1719 3416 1719 3417 1695 3417 1693 3417 1719 3418 1693 3418 1697 3418 1697 3419 1693 3419 1691 3419 1697 3420 1691 3420 1699 3420 1699 3421 1691 3421 1689 3421 1699 3422 1689 3422 1701 3422 1701 3423 1689 3423 1687 3423 1701 3424 1687 3424 1703 3424 1703 3425 1687 3425 1685 3425 1703 3426 1685 3426 1705 3426 1705 3427 1685 3427 1683 3427 1705 3428 1683 3428 1707 3428 1707 3429 1683 3429 1681 3429 1707 3430 1681 3430 1709 3430 1709 3431 1681 3431 1679 3431 1680 3432 1708 3432 1678 3432 1678 3433 1708 3433 1710 3433 1678 3434 1710 3434 1676 3434 1676 3435 1710 3435 1712 3435 1676 3436 1712 3436 1674 3436 1674 3437 1712 3437 1714 3437 1674 3438 1714 3438 1672 3438 1672 3439 1714 3439 1716 3439 1672 3440 1716 3440 1694 3440 1694 3441 1716 3441 1718 3441 1694 3442 1718 3442 1692 3442 1692 3443 1718 3443 1696 3443 1692 3444 1696 3444 1690 3444 1690 3445 1696 3445 1698 3445 1690 3446 1698 3446 1688 3446 1688 3447 1698 3447 1700 3447 1688 3448 1700 3448 1686 3448 1686 3449 1700 3449 1702 3449 1686 3450 1702 3450 1684 3450 1684 3451 1702 3451 1704 3451 1684 3452 1704 3452 1682 3452 1682 3453 1704 3453 1706 3453 1682 3454 1706 3454 1680 3454 1680 3455 1706 3455 1708 3455 1720 3456 1721 3456 1722 3456 1722 3457 1721 3457 1723 3457 1722 3458 1723 3458 1724 3458 1724 3459 1723 3459 1725 3459 1724 3460 1725 3460 1726 3460 1726 3461 1725 3461 1727 3461 1726 3462 1727 3462 1728 3462 1728 3463 1727 3463 1729 3463 1728 3464 1729 3464 1730 3464 1730 3465 1729 3465 1731 3465 1730 3466 1731 3466 1732 3466 1732 3467 1731 3467 1733 3467 1732 3468 1733 3468 1734 3468 1734 3469 1733 3469 1735 3469 1734 3470 1735 3470 1736 3470 1736 3471 1735 3471 1737 3471 1736 3472 1737 3472 1738 3472 1738 3473 1737 3473 1739 3473 1738 3474 1739 3474 1740 3474 1740 3475 1739 3475 1741 3475 1740 3476 1741 3476 1742 3476 1742 3477 1741 3477 1743 3477 1742 3478 1743 3478 1720 3478 1720 3479 1743 3479 1721 3479 1744 3480 1745 3480 1746 3480 1746 3481 1745 3481 1747 3481 1746 3482 1747 3482 1748 3482 1748 3483 1747 3483 1749 3483 1748 3484 1749 3484 1750 3484 1750 3485 1749 3485 1751 3485 1750 3486 1751 3486 1752 3486 1752 3487 1751 3487 1753 3487 1752 3488 1753 3488 1754 3488 1754 3489 1753 3489 1755 3489 1754 3490 1755 3490 1756 3490 1756 3491 1755 3491 1757 3491 1756 3492 1757 3492 1758 3492 1758 3493 1757 3493 1759 3493 1758 3494 1759 3494 1760 3494 1760 3495 1759 3495 1761 3495 1760 3496 1761 3496 1762 3496 1762 3497 1761 3497 1763 3497 1762 3498 1763 3498 1764 3498 1764 3499 1763 3499 1765 3499 1764 3500 1765 3500 1766 3500 1766 3501 1765 3501 1767 3501 1766 3502 1767 3502 1744 3502 1744 3503 1767 3503 1745 3503 1757 3504 1727 3504 1759 3504 1759 3505 1727 3505 1725 3505 1759 3506 1725 3506 1761 3506 1761 3507 1725 3507 1723 3507 1761 3508 1723 3508 1763 3508 1763 3509 1723 3509 1721 3509 1763 3510 1721 3510 1765 3510 1765 3511 1721 3511 1743 3511 1765 3512 1743 3512 1767 3512 1767 3513 1743 3513 1741 3513 1767 3514 1741 3514 1745 3514 1745 3515 1741 3515 1739 3515 1745 3516 1739 3516 1747 3516 1747 3517 1739 3517 1737 3517 1747 3518 1737 3518 1749 3518 1749 3519 1737 3519 1735 3519 1749 3520 1735 3520 1751 3520 1751 3521 1735 3521 1733 3521 1751 3522 1733 3522 1753 3522 1753 3523 1733 3523 1731 3523 1753 3524 1731 3524 1755 3524 1755 3525 1731 3525 1729 3525 1755 3526 1729 3526 1757 3526 1757 3527 1729 3527 1727 3527 1728 3528 1756 3528 1726 3528 1726 3529 1756 3529 1758 3529 1726 3530 1758 3530 1724 3530 1724 3531 1758 3531 1760 3531 1724 3532 1760 3532 1722 3532 1722 3533 1760 3533 1762 3533 1722 3534 1762 3534 1720 3534 1720 3535 1762 3535 1764 3535 1720 3536 1764 3536 1742 3536 1742 3537 1764 3537 1766 3537 1742 3538 1766 3538 1740 3538 1740 3539 1766 3539 1744 3539 1740 3540 1744 3540 1738 3540 1738 3541 1744 3541 1746 3541 1738 3542 1746 3542 1736 3542 1736 3543 1746 3543 1748 3543 1736 3544 1748 3544 1734 3544 1734 3545 1748 3545 1750 3545 1734 3546 1750 3546 1732 3546 1732 3547 1750 3547 1752 3547 1732 3548 1752 3548 1730 3548 1730 3549 1752 3549 1754 3549 1730 3550 1754 3550 1728 3550 1728 3551 1754 3551 1756 3551 1768 3552 1769 3552 1770 3552 1770 3553 1769 3553 1771 3553 1770 3554 1771 3554 1772 3554 1772 3555 1771 3555 1773 3555 1772 3556 1773 3556 1774 3556 1774 3557 1773 3557 1775 3557 1774 3558 1775 3558 1776 3558 1776 3559 1775 3559 1777 3559 1776 3560 1777 3560 1778 3560 1777 3561 1779 3561 1778 3561 1778 3562 1779 3562 1780 3562 1778 3563 1780 3563 1781 3563 1781 3564 1780 3564 1782 3564 1781 3565 1782 3565 1783 3565 1783 3566 1782 3566 1784 3566 1783 3567 1784 3567 1785 3567 1785 3568 1784 3568 1786 3568 1785 3569 1786 3569 1787 3569 1787 3570 1786 3570 1788 3570 1787 3571 1788 3571 1789 3571 1790 3572 1791 3572 1792 3572 1792 3573 1791 3573 1793 3573 1792 3574 1793 3574 1794 3574 1794 3575 1793 3575 1795 3575 1794 3576 1795 3576 1796 3576 1796 3577 1795 3577 1797 3577 1796 3578 1797 3578 1798 3578 1798 3579 1797 3579 1799 3579 1798 3580 1799 3580 1768 3580 1768 3581 1799 3581 1800 3581 1768 3582 1800 3582 1769 3582 1788 3583 1801 3583 1789 3583 1789 3584 1801 3584 1802 3584 1789 3585 1802 3585 1803 3585 1803 3586 1802 3586 1804 3586 1803 3587 1804 3587 1805 3587 1805 3588 1804 3588 1806 3588 1805 3589 1806 3589 1807 3589 1807 3590 1806 3590 1808 3590 1807 3591 1808 3591 1809 3591 1809 3592 1808 3592 1810 3592 1809 3593 1810 3593 1790 3593 1790 3594 1810 3594 1811 3594 1790 3595 1811 3595 1791 3595 1812 3596 1813 3596 1814 3596 1814 3597 1813 3597 1815 3597 1814 3598 1815 3598 1816 3598 1816 3599 1815 3599 1817 3599 1816 3600 1817 3600 1818 3600 1818 3601 1817 3601 1819 3601 1818 3602 1819 3602 1820 3602 1821 3603 1822 3603 1823 3603 1823 3604 1822 3604 1824 3604 1823 3605 1824 3605 1825 3605 1825 3606 1824 3606 1826 3606 1825 3607 1826 3607 1827 3607 1827 3608 1826 3608 1828 3608 1827 3609 1828 3609 1829 3609 1829 3610 1828 3610 1830 3610 1829 3611 1830 3611 1831 3611 1830 3612 1832 3612 1831 3612 1831 3613 1832 3613 1833 3613 1831 3614 1833 3614 1834 3614 1834 3615 1833 3615 1835 3615 1834 3616 1835 3616 1836 3616 1836 3617 1835 3617 1837 3617 1836 3618 1837 3618 1838 3618 1838 3619 1837 3619 1839 3619 1838 3620 1839 3620 1840 3620 1840 3621 1839 3621 1841 3621 1840 3622 1841 3622 1812 3622 1812 3623 1841 3623 1842 3623 1812 3624 1842 3624 1813 3624 1819 3625 1843 3625 1820 3625 1820 3626 1843 3626 1844 3626 1820 3627 1844 3627 1845 3627 1845 3628 1844 3628 1846 3628 1845 3629 1846 3629 1847 3629 1847 3630 1846 3630 1848 3630 1847 3631 1848 3631 1849 3631 1849 3632 1848 3632 1850 3632 1849 3633 1850 3633 1851 3633 1851 3634 1850 3634 1852 3634 1851 3635 1852 3635 1853 3635 1853 3636 1852 3636 1854 3636 1853 3637 1854 3637 1821 3637 1821 3638 1854 3638 1855 3638 1821 3639 1855 3639 1822 3639 1856 3640 1857 3640 1858 3640 1859 3641 1860 3641 1861 3641 1862 3642 1863 3642 1864 3642 1864 3643 1865 3643 1862 3643 1862 3644 1865 3644 1866 3644 1862 3645 1866 3645 1860 3645 1860 3646 1866 3646 1867 3646 1860 3647 1867 3647 1861 3647 1858 3648 1857 3648 1868 3648 1857 3649 1869 3649 1868 3649 1868 3650 1869 3650 1870 3650 1868 3651 1870 3651 1863 3651 1863 3652 1870 3652 1871 3652 1863 3653 1871 3653 1864 3653 1856 3654 1858 3654 1872 3654 1872 3655 1858 3655 1873 3655 1872 3656 1873 3656 1874 3656 1874 3657 1873 3657 1875 3657 1874 3658 1875 3658 1876 3658 1876 3659 1875 3659 1877 3659 1877 3660 1875 3660 1878 3660 1877 3661 1878 3661 1879 3661 1879 3662 1878 3662 1880 3662 1880 3663 1878 3663 1881 3663 1880 3664 1881 3664 1882 3664 1882 3665 1881 3665 1883 3665 1883 3666 1881 3666 1884 3666 1883 3667 1884 3667 1885 3667 1885 3668 1884 3668 1886 3668 1886 3669 1884 3669 1887 3669 1886 3670 1887 3670 1888 3670 1888 3671 1887 3671 1889 3671 1889 3672 1887 3672 1890 3672 1889 3673 1890 3673 1891 3673 1891 3674 1890 3674 1892 3674 1892 3675 1890 3675 1893 3675 1892 3676 1893 3676 1894 3676 1895 3677 1896 3677 1897 3677 1897 3678 1898 3678 1895 3678 1895 3679 1898 3679 1899 3679 1895 3680 1899 3680 1900 3680 1900 3681 1899 3681 1901 3681 1900 3682 1901 3682 1902 3682 1903 3683 1904 3683 1905 3683 1905 3684 1906 3684 1903 3684 1903 3685 1906 3685 1907 3685 1903 3686 1907 3686 1896 3686 1896 3687 1907 3687 1908 3687 1896 3688 1908 3688 1897 3688 1909 3689 1910 3689 1911 3689 1911 3690 1912 3690 1909 3690 1909 3691 1912 3691 1913 3691 1909 3692 1913 3692 1904 3692 1904 3693 1913 3693 1914 3693 1904 3694 1914 3694 1905 3694 1915 3695 1916 3695 1917 3695 1917 3696 1916 3696 1918 3696 1917 3697 1918 3697 1910 3697 1910 3698 1918 3698 1919 3698 1910 3699 1919 3699 1911 3699 1920 3700 1921 3700 1915 3700 1915 3701 1921 3701 1922 3701 1915 3702 1922 3702 1916 3702 1923 3703 1924 3703 1920 3703 1920 3704 1924 3704 1925 3704 1920 3705 1925 3705 1921 3705 1926 3706 1927 3706 1923 3706 1923 3707 1927 3707 1928 3707 1923 3708 1928 3708 1924 3708 1929 3709 1930 3709 1926 3709 1926 3710 1930 3710 1931 3710 1926 3711 1931 3711 1927 3711 1932 3712 1933 3712 1929 3712 1929 3713 1933 3713 1934 3713 1929 3714 1934 3714 1930 3714 1861 3715 1935 3715 1859 3715 1859 3716 1935 3716 1936 3716 1859 3717 1936 3717 1937 3717 1894 3718 1893 3718 1902 3718 1902 3719 1893 3719 1938 3719 1902 3720 1938 3720 1900 3720 1900 3721 1938 3721 1939 3721 1900 3722 1939 3722 1940 3722 1940 3723 1939 3723 1941 3723 1940 3724 1941 3724 1942 3724 1942 3725 1941 3725 1943 3725 1942 3726 1943 3726 1944 3726 1944 3727 1943 3727 1945 3727 1944 3728 1945 3728 1946 3728 1946 3729 1945 3729 1947 3729 1946 3730 1947 3730 1948 3730 1948 3731 1947 3731 1949 3731 1948 3732 1949 3732 1950 3732 1950 3733 1949 3733 1951 3733 1950 3734 1951 3734 1952 3734 1952 3735 1951 3735 1953 3735 1952 3736 1953 3736 1954 3736 1954 3737 1953 3737 1955 3737 1954 3738 1955 3738 1956 3738 1956 3739 1955 3739 1957 3739 1956 3740 1957 3740 1958 3740 1958 3741 1957 3741 1959 3741 1958 3742 1959 3742 1960 3742 1960 3743 1959 3743 1937 3743 1960 3744 1937 3744 1961 3744 1961 3745 1937 3745 1936 3745 1961 3746 1936 3746 1962 3746 1962 3747 1936 3747 1963 3747 1962 3748 1963 3748 1932 3748 1932 3749 1963 3749 1964 3749 1932 3750 1964 3750 1933 3750 1810 3751 1965 3751 1811 3751 1811 3752 1965 3752 1966 3752 1811 3753 1966 3753 1791 3753 1791 3754 1966 3754 1967 3754 1791 3755 1967 3755 1793 3755 1793 3756 1967 3756 1968 3756 1793 3757 1968 3757 1795 3757 1795 3758 1968 3758 1969 3758 1795 3759 1969 3759 1797 3759 1797 3760 1969 3760 1970 3760 1797 3761 1970 3761 1799 3761 1799 3762 1970 3762 1971 3762 1799 3763 1971 3763 1800 3763 1800 3764 1971 3764 1972 3764 1800 3765 1972 3765 1769 3765 1769 3766 1972 3766 1973 3766 1769 3767 1973 3767 1771 3767 1771 3768 1973 3768 1974 3768 1771 3769 1974 3769 1773 3769 1773 3770 1974 3770 1975 3770 1773 3771 1975 3771 1775 3771 1775 3772 1975 3772 1976 3772 1775 3773 1976 3773 1777 3773 1777 3774 1976 3774 1977 3774 1777 3775 1977 3775 1779 3775 1779 3776 1977 3776 1978 3776 1779 3777 1978 3777 1780 3777 1780 3778 1978 3778 1979 3778 1780 3779 1979 3779 1782 3779 1782 3780 1979 3780 1980 3780 1782 3781 1980 3781 1784 3781 1784 3782 1980 3782 1981 3782 1784 3783 1981 3783 1786 3783 1786 3784 1981 3784 1982 3784 1786 3785 1982 3785 1788 3785 1788 3786 1982 3786 1983 3786 1788 3787 1983 3787 1801 3787 1801 3788 1983 3788 1984 3788 1801 3789 1984 3789 1802 3789 1802 3790 1984 3790 1985 3790 1802 3791 1985 3791 1804 3791 1804 3792 1985 3792 1986 3792 1804 3793 1986 3793 1806 3793 1806 3794 1986 3794 1987 3794 1806 3795 1987 3795 1808 3795 1808 3796 1987 3796 1988 3796 1808 3797 1988 3797 1810 3797 1810 3798 1988 3798 1965 3798 1852 3799 1989 3799 1854 3799 1854 3800 1989 3800 1990 3800 1854 3801 1990 3801 1855 3801 1855 3802 1990 3802 1991 3802 1855 3803 1991 3803 1822 3803 1822 3804 1991 3804 1992 3804 1822 3805 1992 3805 1824 3805 1824 3806 1992 3806 1993 3806 1824 3807 1993 3807 1826 3807 1826 3808 1993 3808 1994 3808 1826 3809 1994 3809 1828 3809 1828 3810 1994 3810 1995 3810 1828 3811 1995 3811 1830 3811 1830 3812 1995 3812 1996 3812 1830 3813 1996 3813 1832 3813 1832 3814 1996 3814 1997 3814 1832 3815 1997 3815 1833 3815 1833 3816 1997 3816 1998 3816 1833 3817 1998 3817 1835 3817 1835 3818 1998 3818 1999 3818 1835 3819 1999 3819 1837 3819 1837 3820 1999 3820 2000 3820 1837 3821 2000 3821 1839 3821 1839 3822 2000 3822 2001 3822 1839 3823 2001 3823 1841 3823 1841 3824 2001 3824 2002 3824 1841 3825 2002 3825 1842 3825 1842 3826 2002 3826 2003 3826 1842 3827 2003 3827 1813 3827 1813 3828 2003 3828 2004 3828 1813 3829 2004 3829 1815 3829 1815 3830 2004 3830 2005 3830 1815 3831 2005 3831 1817 3831 1817 3832 2005 3832 2006 3832 1817 3833 2006 3833 1819 3833 1819 3834 2006 3834 2007 3834 1819 3835 2007 3835 1843 3835 1843 3836 2007 3836 2008 3836 1843 3837 2008 3837 1844 3837 1844 3838 2008 3838 2009 3838 1844 3839 2009 3839 1846 3839 1846 3840 2009 3840 2010 3840 1846 3841 2010 3841 1848 3841 1848 3842 2010 3842 2011 3842 1848 3843 2011 3843 1850 3843 1850 3844 2011 3844 2012 3844 1850 3845 2012 3845 1852 3845 1852 3846 2012 3846 1989 3846 2013 3847 2014 3847 2015 3847 2015 3848 2014 3848 2016 3848 2015 3849 2016 3849 2017 3849 2017 3850 2016 3850 2018 3850 2017 3851 2018 3851 2019 3851 2019 3852 2018 3852 2020 3852 2019 3853 2020 3853 2021 3853 2021 3854 2020 3854 2022 3854 2021 3855 2022 3855 2023 3855 2023 3856 2022 3856 2024 3856 2023 3857 2024 3857 2025 3857 2025 3858 2024 3858 2026 3858 2025 3859 2026 3859 2027 3859 2027 3860 2026 3860 2028 3860 2027 3861 2028 3861 2029 3861 2029 3862 2028 3862 2030 3862 2029 3863 2030 3863 2031 3863 2031 3864 2030 3864 2032 3864 2031 3865 2032 3865 2033 3865 2033 3866 2032 3866 2034 3866 2033 3867 2034 3867 2035 3867 2035 3868 2034 3868 2036 3868 2035 3869 2036 3869 2037 3869 2037 3870 2036 3870 2038 3870 2037 3871 2038 3871 2039 3871 2039 3872 2038 3872 2040 3872 2039 3873 2040 3873 2041 3873 2041 3874 2040 3874 2042 3874 2041 3875 2042 3875 2043 3875 2043 3876 2042 3876 2044 3876 2043 3877 2044 3877 2045 3877 2045 3878 2044 3878 2046 3878 2045 3879 2046 3879 2047 3879 2047 3880 2046 3880 2048 3880 2047 3881 2048 3881 2049 3881 2049 3882 2048 3882 2050 3882 2049 3883 2050 3883 2051 3883 2051 3884 2050 3884 2052 3884 2051 3885 2052 3885 2053 3885 2053 3886 2052 3886 2054 3886 2053 3887 2054 3887 2055 3887 2055 3888 2054 3888 2056 3888 2055 3889 2056 3889 2057 3889 2057 3890 2056 3890 2058 3890 2057 3891 2058 3891 2059 3891 2059 3892 2058 3892 2060 3892 2059 3893 2060 3893 2013 3893 2013 3894 2060 3894 2014 3894 2028 3895 2061 3895 2030 3895 2030 3896 2061 3896 2062 3896 2030 3897 2062 3897 2032 3897 2032 3898 2062 3898 2063 3898 2032 3899 2063 3899 2034 3899 2034 3900 2063 3900 2064 3900 2034 3901 2064 3901 2036 3901 2036 3902 2064 3902 2065 3902 2036 3903 2065 3903 2038 3903 2038 3904 2065 3904 2066 3904 2038 3905 2066 3905 2040 3905 2040 3906 2066 3906 2067 3906 2040 3907 2067 3907 2042 3907 2060 3908 2068 3908 2014 3908 2014 3909 2068 3909 2069 3909 2014 3910 2069 3910 2016 3910 2016 3911 2069 3911 2070 3911 2016 3912 2070 3912 2018 3912 2018 3913 2070 3913 2071 3913 2018 3914 2071 3914 2020 3914 2020 3915 2071 3915 2072 3915 2020 3916 2072 3916 2022 3916 2022 3917 2072 3917 2073 3917 2022 3918 2073 3918 2024 3918 2024 3919 2073 3919 2074 3919 2024 3920 2074 3920 2026 3920 2026 3921 2074 3921 2075 3921 2026 3922 2075 3922 2028 3922 2028 3923 2075 3923 2076 3923 2028 3924 2076 3924 2061 3924 2067 3925 2077 3925 2042 3925 2042 3926 2077 3926 2078 3926 2042 3927 2078 3927 2044 3927 2044 3928 2078 3928 2079 3928 2044 3929 2079 3929 2046 3929 2046 3930 2079 3930 2080 3930 2046 3931 2080 3931 2048 3931 2048 3932 2080 3932 2081 3932 2048 3933 2081 3933 2050 3933 2050 3934 2081 3934 2082 3934 2050 3935 2082 3935 2052 3935 2052 3936 2082 3936 2083 3936 2052 3937 2083 3937 2054 3937 2054 3938 2083 3938 2084 3938 2054 3939 2084 3939 2056 3939 2056 3940 2084 3940 2085 3940 2056 3941 2085 3941 2058 3941 2058 3942 2085 3942 2086 3942 2058 3943 2086 3943 2060 3943 2060 3944 2086 3944 2087 3944 2060 3945 2087 3945 2068 3945 1876 3946 1877 3946 2066 3946 1922 3947 1921 3947 2069 3947 2075 3948 2074 3948 1963 3948 2073 3949 1933 3949 2074 3949 2074 3950 1933 3950 1964 3950 2074 3951 1964 3951 1963 3951 2072 3952 2071 3952 1927 3952 1927 3953 1931 3953 2072 3953 2072 3954 1931 3954 1930 3954 2072 3955 1930 3955 2073 3955 2073 3956 1930 3956 1934 3956 2073 3957 1934 3957 1933 3957 2069 3958 1921 3958 2070 3958 1921 3959 1925 3959 2070 3959 2070 3960 1925 3960 1924 3960 2070 3961 1924 3961 2071 3961 2071 3962 1924 3962 1928 3962 2071 3963 1928 3963 1927 3963 1922 3964 2069 3964 1916 3964 1916 3965 2069 3965 2068 3965 1916 3966 2068 3966 1918 3966 1918 3967 2068 3967 2087 3967 1918 3968 2087 3968 1919 3968 1919 3969 2087 3969 1911 3969 1911 3970 2087 3970 2086 3970 1911 3971 2086 3971 1912 3971 1912 3972 2086 3972 1913 3972 1913 3973 2086 3973 2085 3973 1913 3974 2085 3974 1914 3974 1914 3975 2085 3975 1905 3975 1905 3976 2085 3976 2084 3976 1905 3977 2084 3977 1906 3977 1906 3978 2084 3978 1907 3978 1907 3979 2084 3979 2083 3979 1907 3980 2083 3980 1908 3980 1908 3981 2083 3981 1897 3981 1897 3982 2083 3982 2082 3982 1897 3983 2082 3983 1898 3983 1898 3984 2082 3984 1899 3984 1899 3985 2082 3985 2081 3985 1899 3986 2081 3986 1901 3986 2080 3987 2079 3987 1889 3987 1902 3988 1901 3988 1894 3988 1894 3989 1901 3989 2081 3989 1894 3990 2081 3990 1892 3990 1892 3991 2081 3991 2080 3991 1892 3992 2080 3992 1891 3992 1891 3993 2080 3993 1889 3993 2078 3994 2077 3994 1883 3994 1883 3995 1885 3995 2078 3995 2078 3996 1885 3996 1886 3996 2078 3997 1886 3997 2079 3997 2079 3998 1886 3998 1888 3998 2079 3999 1888 3999 1889 3999 2066 4000 1877 4000 2067 4000 1877 4001 1879 4001 2067 4001 2067 4002 1879 4002 1880 4002 2067 4003 1880 4003 2077 4003 2077 4004 1880 4004 1882 4004 2077 4005 1882 4005 1883 4005 1876 4006 2066 4006 1874 4006 1874 4007 2066 4007 2065 4007 1874 4008 2065 4008 1872 4008 1872 4009 2065 4009 2064 4009 1872 4010 2064 4010 1856 4010 1856 4011 2064 4011 1857 4011 1857 4012 2064 4012 2063 4012 1857 4013 2063 4013 1869 4013 1869 4014 2063 4014 1870 4014 1870 4015 2063 4015 2062 4015 1870 4016 2062 4016 1871 4016 1871 4017 2062 4017 1864 4017 1864 4018 2062 4018 2061 4018 1864 4019 2061 4019 1865 4019 1865 4020 2061 4020 1866 4020 1866 4021 2061 4021 2076 4021 1866 4022 2076 4022 1867 4022 1867 4023 2076 4023 1861 4023 1861 4024 2076 4024 2075 4024 1861 4025 2075 4025 1935 4025 1935 4026 2075 4026 1963 4026 1935 4027 1963 4027 1936 4027 1967 4028 1923 4028 1968 4028 1968 4029 1923 4029 1920 4029 1968 4030 1920 4030 1969 4030 1969 4031 1920 4031 1915 4031 1969 4032 1915 4032 1970 4032 1970 4033 1915 4033 1917 4033 1970 4034 1917 4034 1971 4034 1971 4035 1917 4035 1910 4035 1971 4036 1910 4036 1972 4036 1972 4037 1910 4037 1909 4037 1972 4038 1909 4038 1973 4038 1973 4039 1909 4039 1904 4039 1973 4040 1904 4040 1974 4040 1974 4041 1904 4041 1903 4041 1974 4042 1903 4042 1975 4042 1984 4043 1956 4043 1985 4043 1985 4044 1956 4044 1958 4044 1985 4045 1958 4045 1986 4045 1986 4046 1958 4046 1960 4046 1986 4047 1960 4047 1987 4047 1987 4048 1960 4048 1961 4048 1987 4049 1961 4049 1988 4049 1988 4050 1961 4050 1962 4050 1988 4051 1962 4051 1965 4051 1965 4052 1962 4052 1932 4052 1965 4053 1932 4053 1966 4053 1966 4054 1932 4054 1929 4054 1966 4055 1929 4055 1967 4055 1967 4056 1929 4056 1926 4056 1967 4057 1926 4057 1923 4057 1903 4058 1896 4058 1975 4058 1975 4059 1896 4059 1895 4059 1975 4060 1895 4060 1976 4060 1976 4061 1895 4061 1900 4061 1976 4062 1900 4062 1977 4062 1977 4063 1900 4063 1940 4063 1977 4064 1940 4064 1978 4064 1978 4065 1940 4065 1942 4065 1978 4066 1942 4066 1979 4066 1979 4067 1942 4067 1944 4067 1979 4068 1944 4068 1980 4068 1980 4069 1944 4069 1946 4069 1980 4070 1946 4070 1981 4070 1981 4071 1946 4071 1948 4071 1981 4072 1948 4072 1982 4072 1982 4073 1948 4073 1950 4073 1982 4074 1950 4074 1983 4074 1983 4075 1950 4075 1952 4075 1983 4076 1952 4076 1984 4076 1984 4077 1952 4077 1954 4077 1984 4078 1954 4078 1956 4078 1996 4079 1868 4079 1997 4079 1997 4080 1868 4080 1863 4080 1997 4081 1863 4081 1998 4081 1998 4082 1863 4082 1862 4082 1998 4083 1862 4083 1999 4083 1999 4084 1862 4084 1860 4084 1999 4085 1860 4085 2000 4085 2000 4086 1860 4086 1859 4086 2000 4087 1859 4087 2001 4087 2001 4088 1859 4088 1937 4088 2001 4089 1937 4089 2002 4089 2002 4090 1937 4090 1959 4090 2002 4091 1959 4091 2003 4091 1959 4092 1957 4092 2003 4092 2003 4093 1957 4093 1955 4093 2003 4094 1955 4094 2004 4094 2004 4095 1955 4095 1953 4095 2004 4096 1953 4096 2005 4096 2005 4097 1953 4097 1951 4097 2005 4098 1951 4098 2006 4098 2006 4099 1951 4099 1949 4099 2006 4100 1949 4100 2007 4100 2007 4101 1949 4101 1947 4101 2007 4102 1947 4102 2008 4102 2008 4103 1947 4103 1945 4103 2008 4104 1945 4104 2009 4104 2009 4105 1945 4105 1943 4105 2009 4106 1943 4106 2010 4106 2010 4107 1943 4107 1941 4107 2010 4108 1941 4108 2011 4108 2011 4109 1941 4109 1939 4109 2011 4110 1939 4110 2012 4110 1939 4111 1938 4111 2012 4111 2012 4112 1938 4112 1893 4112 2012 4113 1893 4113 1989 4113 1989 4114 1893 4114 1890 4114 1989 4115 1890 4115 1990 4115 1990 4116 1890 4116 1887 4116 1990 4117 1887 4117 1991 4117 1991 4118 1887 4118 1884 4118 1991 4119 1884 4119 1992 4119 1992 4120 1884 4120 1881 4120 1992 4121 1881 4121 1993 4121 1993 4122 1881 4122 1878 4122 1993 4123 1878 4123 1994 4123 1994 4124 1878 4124 1875 4124 1994 4125 1875 4125 1995 4125 1995 4126 1875 4126 1873 4126 1995 4127 1873 4127 1996 4127 1996 4128 1873 4128 1858 4128 1996 4129 1858 4129 1868 4129 2088 4130 2031 4130 2089 4130 2089 4131 2031 4131 2033 4131 2089 4132 2033 4132 2090 4132 2090 4133 2033 4133 2035 4133 2090 4134 2035 4134 2091 4134 2091 4135 2035 4135 2037 4135 2091 4136 2037 4136 2092 4136 2093 4137 2053 4137 2094 4137 2094 4138 2053 4138 2055 4138 2094 4139 2055 4139 2095 4139 2095 4140 2055 4140 2057 4140 2095 4141 2057 4141 2096 4141 2096 4142 2057 4142 2059 4142 2096 4143 2059 4143 2097 4143 2097 4144 2059 4144 2013 4144 2097 4145 2013 4145 2098 4145 2098 4146 2013 4146 2015 4146 2098 4147 2015 4147 2099 4147 2037 4148 2039 4148 2092 4148 2092 4149 2039 4149 2041 4149 2092 4150 2041 4150 2100 4150 2100 4151 2041 4151 2043 4151 2100 4152 2043 4152 2101 4152 2101 4153 2043 4153 2045 4153 2101 4154 2045 4154 2102 4154 2102 4155 2045 4155 2047 4155 2102 4156 2047 4156 2103 4156 2103 4157 2047 4157 2049 4157 2103 4158 2049 4158 2093 4158 2093 4159 2049 4159 2051 4159 2093 4160 2051 4160 2053 4160 2015 4161 2017 4161 2099 4161 2099 4162 2017 4162 2019 4162 2099 4163 2019 4163 2104 4163 2104 4164 2019 4164 2021 4164 2104 4165 2021 4165 2105 4165 2105 4166 2021 4166 2023 4166 2105 4167 2023 4167 2106 4167 2106 4168 2023 4168 2025 4168 2106 4169 2025 4169 2107 4169 2107 4170 2025 4170 2027 4170 2107 4171 2027 4171 2088 4171 2088 4172 2027 4172 2029 4172 2088 4173 2029 4173 2031 4173 1807 4174 1809 4174 2108 4174 1790 4175 2109 4175 1809 4175 1809 4176 2109 4176 2110 4176 1809 4177 2110 4177 2108 4177 1792 4178 1794 4178 2111 4178 2111 4179 2112 4179 1792 4179 1792 4180 2112 4180 2113 4180 1792 4181 2113 4181 1790 4181 1790 4182 2113 4182 2114 4182 1790 4183 2114 4183 2109 4183 1798 4184 2115 4184 1796 4184 1796 4185 2115 4185 2116 4185 1796 4186 2116 4186 1794 4186 1794 4187 2116 4187 2117 4187 1794 4188 2117 4188 2111 4188 1768 4189 2118 4189 1798 4189 1798 4190 2118 4190 2119 4190 1798 4191 2119 4191 2115 4191 1770 4192 2120 4192 1768 4192 1768 4193 2120 4193 2121 4193 1768 4194 2121 4194 2118 4194 1772 4195 2122 4195 1770 4195 1770 4196 2122 4196 2123 4196 1770 4197 2123 4197 2120 4197 1776 4198 2124 4198 1774 4198 1774 4199 2124 4199 2125 4199 1774 4200 2125 4200 1772 4200 1772 4201 2125 4201 2126 4201 1772 4202 2126 4202 2122 4202 1849 4203 1851 4203 2127 4203 1853 4204 2128 4204 1851 4204 1851 4205 2128 4205 2129 4205 1851 4206 2129 4206 2127 4206 1821 4207 1823 4207 2130 4207 2130 4208 2131 4208 1821 4208 1821 4209 2131 4209 2132 4209 1821 4210 2132 4210 1853 4210 1853 4211 2132 4211 2133 4211 1853 4212 2133 4212 2128 4212 1827 4213 2134 4213 1825 4213 1825 4214 2134 4214 2135 4214 1825 4215 2135 4215 1823 4215 1823 4216 2135 4216 2136 4216 1823 4217 2136 4217 2130 4217 1829 4218 2137 4218 1827 4218 1827 4219 2137 4219 2138 4219 1827 4220 2138 4220 2134 4220 1831 4221 2139 4221 1829 4221 1829 4222 2139 4222 2140 4222 1829 4223 2140 4223 2137 4223 1834 4224 2141 4224 1831 4224 1831 4225 2141 4225 2142 4225 1831 4226 2142 4226 2139 4226 1838 4227 2143 4227 1836 4227 1836 4228 2143 4228 2144 4228 1836 4229 2144 4229 1834 4229 1834 4230 2144 4230 2145 4230 1834 4231 2145 4231 2141 4231 2108 4232 2146 4232 1807 4232 1807 4233 2146 4233 2143 4233 1807 4234 2143 4234 1805 4234 1805 4235 2143 4235 1838 4235 1805 4236 1838 4236 1803 4236 1803 4237 1838 4237 1840 4237 1803 4238 1840 4238 1789 4238 1789 4239 1840 4239 1812 4239 1789 4240 1812 4240 1787 4240 1787 4241 1812 4241 1814 4241 1787 4242 1814 4242 1785 4242 1785 4243 1814 4243 1816 4243 1785 4244 1816 4244 1783 4244 1783 4245 1816 4245 1818 4245 1783 4246 1818 4246 1781 4246 1781 4247 1818 4247 1820 4247 1781 4248 1820 4248 1778 4248 1778 4249 1820 4249 1845 4249 1778 4250 1845 4250 1776 4250 1776 4251 1845 4251 1847 4251 1776 4252 1847 4252 2124 4252 2124 4253 1847 4253 1849 4253 2124 4254 1849 4254 2147 4254 2147 4255 1849 4255 2127 4255 2115 4256 2119 4256 2095 4256 2103 4257 2093 4257 2123 4257 2125 4258 2102 4258 2126 4258 2126 4259 2102 4259 2103 4259 2126 4260 2103 4260 2122 4260 2122 4261 2103 4261 2123 4261 2095 4262 2119 4262 2094 4262 2119 4263 2118 4263 2094 4263 2094 4264 2118 4264 2121 4264 2094 4265 2121 4265 2093 4265 2093 4266 2121 4266 2120 4266 2093 4267 2120 4267 2123 4267 2115 4268 2095 4268 2116 4268 2116 4269 2095 4269 2096 4269 2116 4270 2096 4270 2117 4270 2117 4271 2096 4271 2097 4271 2117 4272 2097 4272 2111 4272 2111 4273 2097 4273 2112 4273 2112 4274 2097 4274 2098 4274 2112 4275 2098 4275 2113 4275 2113 4276 2098 4276 2114 4276 2114 4277 2098 4277 2099 4277 2114 4278 2099 4278 2109 4278 2109 4279 2099 4279 2110 4279 2110 4280 2099 4280 2104 4280 2110 4281 2104 4281 2108 4281 2108 4282 2104 4282 2146 4282 2146 4283 2104 4283 2105 4283 2146 4284 2105 4284 2143 4284 2106 4285 2107 4285 2142 4285 2142 4286 2141 4286 2106 4286 2106 4287 2141 4287 2145 4287 2106 4288 2145 4288 2105 4288 2105 4289 2145 4289 2144 4289 2105 4290 2144 4290 2143 4290 2088 4291 2089 4291 2138 4291 2138 4292 2137 4292 2088 4292 2088 4293 2137 4293 2140 4293 2088 4294 2140 4294 2107 4294 2107 4295 2140 4295 2139 4295 2107 4296 2139 4296 2142 4296 2091 4297 2136 4297 2090 4297 2090 4298 2136 4298 2135 4298 2090 4299 2135 4299 2089 4299 2089 4300 2135 4300 2134 4300 2089 4301 2134 4301 2138 4301 2092 4302 2131 4302 2091 4302 2091 4303 2131 4303 2130 4303 2091 4304 2130 4304 2136 4304 2100 4305 2133 4305 2092 4305 2092 4306 2133 4306 2132 4306 2092 4307 2132 4307 2131 4307 2101 4308 2129 4308 2100 4308 2100 4309 2129 4309 2128 4309 2100 4310 2128 4310 2133 4310 2125 4311 2124 4311 2102 4311 2102 4312 2124 4312 2147 4312 2102 4313 2147 4313 2101 4313 2101 4314 2147 4314 2127 4314 2101 4315 2127 4315 2129 4315 2148 4316 2149 4316 2150 4316 2150 4317 2149 4317 2151 4317 2150 4318 2151 4318 2152 4318 2152 4319 2151 4319 2153 4319 2152 4320 2153 4320 2154 4320 2154 4321 2153 4321 2155 4321 2154 4322 2155 4322 2156 4322 2156 4323 2155 4323 2157 4323 2156 4324 2157 4324 2158 4324 2158 4325 2157 4325 2159 4325 2158 4326 2159 4326 2160 4326 2160 4327 2159 4327 2161 4327 2160 4328 2161 4328 2162 4328 2162 4329 2161 4329 2163 4329 2162 4330 2163 4330 2164 4330 2164 4331 2163 4331 2165 4331 2164 4332 2165 4332 2166 4332 2166 4333 2165 4333 2167 4333 2166 4334 2167 4334 2168 4334 2168 4335 2167 4335 2169 4335 2168 4336 2169 4336 2170 4336 2170 4337 2169 4337 2171 4337 2170 4338 2171 4338 2148 4338 2148 4339 2171 4339 2149 4339 2172 4340 2173 4340 2174 4340 2174 4341 2173 4341 2175 4341 2174 4342 2175 4342 2176 4342 2176 4343 2175 4343 2177 4343 2176 4344 2177 4344 2178 4344 2178 4345 2177 4345 2179 4345 2178 4346 2179 4346 2180 4346 2180 4347 2179 4347 2181 4347 2180 4348 2181 4348 2182 4348 2182 4349 2181 4349 2183 4349 2182 4350 2183 4350 2184 4350 2184 4351 2183 4351 2185 4351 2184 4352 2185 4352 2186 4352 2186 4353 2185 4353 2187 4353 2186 4354 2187 4354 2188 4354 2188 4355 2187 4355 2189 4355 2188 4356 2189 4356 2190 4356 2190 4357 2189 4357 2191 4357 2190 4358 2191 4358 2192 4358 2192 4359 2191 4359 2193 4359 2192 4360 2193 4360 2194 4360 2194 4361 2193 4361 2195 4361 2194 4362 2195 4362 2172 4362 2172 4363 2195 4363 2173 4363 2195 4364 2155 4364 2173 4364 2173 4365 2155 4365 2153 4365 2173 4366 2153 4366 2175 4366 2175 4367 2153 4367 2151 4367 2175 4368 2151 4368 2177 4368 2177 4369 2151 4369 2149 4369 2177 4370 2149 4370 2179 4370 2179 4371 2149 4371 2171 4371 2179 4372 2171 4372 2181 4372 2181 4373 2171 4373 2169 4373 2181 4374 2169 4374 2183 4374 2183 4375 2169 4375 2167 4375 2183 4376 2167 4376 2185 4376 2185 4377 2167 4377 2165 4377 2185 4378 2165 4378 2187 4378 2187 4379 2165 4379 2163 4379 2187 4380 2163 4380 2189 4380 2189 4381 2163 4381 2161 4381 2189 4382 2161 4382 2191 4382 2191 4383 2161 4383 2159 4383 2191 4384 2159 4384 2193 4384 2193 4385 2159 4385 2157 4385 2193 4386 2157 4386 2195 4386 2195 4387 2157 4387 2155 4387 2156 4388 2194 4388 2154 4388 2154 4389 2194 4389 2172 4389 2154 4390 2172 4390 2152 4390 2152 4391 2172 4391 2174 4391 2152 4392 2174 4392 2150 4392 2150 4393 2174 4393 2176 4393 2150 4394 2176 4394 2148 4394 2148 4395 2176 4395 2178 4395 2148 4396 2178 4396 2170 4396 2170 4397 2178 4397 2180 4397 2170 4398 2180 4398 2168 4398 2168 4399 2180 4399 2182 4399 2168 4400 2182 4400 2166 4400 2166 4401 2182 4401 2184 4401 2166 4402 2184 4402 2164 4402 2164 4403 2184 4403 2186 4403 2164 4404 2186 4404 2162 4404 2162 4405 2186 4405 2188 4405 2162 4406 2188 4406 2160 4406 2160 4407 2188 4407 2190 4407 2160 4408 2190 4408 2158 4408 2158 4409 2190 4409 2192 4409 2158 4410 2192 4410 2156 4410 2156 4411 2192 4411 2194 4411 2196 4412 2197 4412 2198 4412 2198 4413 2197 4413 2199 4413 2198 4414 2199 4414 2200 4414 2200 4415 2199 4415 2201 4415 2200 4416 2201 4416 2202 4416 2202 4417 2201 4417 2203 4417 2202 4418 2203 4418 2204 4418 2204 4419 2203 4419 2205 4419 2204 4420 2205 4420 2206 4420 2205 4421 2207 4421 2206 4421 2206 4422 2207 4422 2208 4422 2206 4423 2208 4423 2209 4423 2209 4424 2208 4424 2210 4424 2209 4425 2210 4425 2211 4425 2211 4426 2210 4426 2212 4426 2211 4427 2212 4427 2213 4427 2213 4428 2212 4428 2214 4428 2213 4429 2214 4429 2215 4429 2215 4430 2214 4430 2216 4430 2215 4431 2216 4431 2217 4431 2218 4432 2219 4432 2220 4432 2220 4433 2219 4433 2221 4433 2220 4434 2221 4434 2222 4434 2222 4435 2221 4435 2223 4435 2222 4436 2223 4436 2224 4436 2224 4437 2223 4437 2225 4437 2224 4438 2225 4438 2226 4438 2226 4439 2225 4439 2227 4439 2226 4440 2227 4440 2196 4440 2196 4441 2227 4441 2228 4441 2196 4442 2228 4442 2197 4442 2216 4443 2229 4443 2217 4443 2217 4444 2229 4444 2230 4444 2217 4445 2230 4445 2231 4445 2231 4446 2230 4446 2232 4446 2231 4447 2232 4447 2233 4447 2233 4448 2232 4448 2234 4448 2233 4449 2234 4449 2235 4449 2235 4450 2234 4450 2236 4450 2235 4451 2236 4451 2237 4451 2237 4452 2236 4452 2238 4452 2237 4453 2238 4453 2218 4453 2218 4454 2238 4454 2239 4454 2218 4455 2239 4455 2219 4455 2240 4456 2241 4456 2242 4456 2242 4457 2241 4457 2243 4457 2242 4458 2243 4458 2244 4458 2244 4459 2243 4459 2245 4459 2244 4460 2245 4460 2246 4460 2246 4461 2245 4461 2247 4461 2246 4462 2247 4462 2248 4462 2249 4463 2250 4463 2251 4463 2251 4464 2250 4464 2252 4464 2251 4465 2252 4465 2253 4465 2253 4466 2252 4466 2254 4466 2253 4467 2254 4467 2255 4467 2255 4468 2254 4468 2256 4468 2255 4469 2256 4469 2257 4469 2257 4470 2256 4470 2258 4470 2257 4471 2258 4471 2259 4471 2258 4472 2260 4472 2259 4472 2259 4473 2260 4473 2261 4473 2259 4474 2261 4474 2262 4474 2262 4475 2261 4475 2263 4475 2262 4476 2263 4476 2264 4476 2264 4477 2263 4477 2265 4477 2264 4478 2265 4478 2266 4478 2266 4479 2265 4479 2267 4479 2266 4480 2267 4480 2268 4480 2268 4481 2267 4481 2269 4481 2268 4482 2269 4482 2240 4482 2240 4483 2269 4483 2270 4483 2240 4484 2270 4484 2241 4484 2247 4485 2271 4485 2248 4485 2248 4486 2271 4486 2272 4486 2248 4487 2272 4487 2273 4487 2273 4488 2272 4488 2274 4488 2273 4489 2274 4489 2275 4489 2275 4490 2274 4490 2276 4490 2275 4491 2276 4491 2277 4491 2277 4492 2276 4492 2278 4492 2277 4493 2278 4493 2279 4493 2279 4494 2278 4494 2280 4494 2279 4495 2280 4495 2281 4495 2281 4496 2280 4496 2282 4496 2281 4497 2282 4497 2249 4497 2249 4498 2282 4498 2283 4498 2249 4499 2283 4499 2250 4499 2284 4500 2285 4500 2286 4500 2287 4501 2288 4501 2289 4501 2290 4502 2291 4502 2292 4502 2292 4503 2293 4503 2290 4503 2290 4504 2293 4504 2294 4504 2290 4505 2294 4505 2288 4505 2288 4506 2294 4506 2295 4506 2288 4507 2295 4507 2289 4507 2286 4508 2285 4508 2296 4508 2285 4509 2297 4509 2296 4509 2296 4510 2297 4510 2298 4510 2296 4511 2298 4511 2291 4511 2291 4512 2298 4512 2299 4512 2291 4513 2299 4513 2292 4513 2284 4514 2286 4514 2300 4514 2300 4515 2286 4515 2301 4515 2300 4516 2301 4516 2302 4516 2302 4517 2301 4517 2303 4517 2302 4518 2303 4518 2304 4518 2304 4519 2303 4519 2305 4519 2305 4520 2303 4520 2306 4520 2305 4521 2306 4521 2307 4521 2307 4522 2306 4522 2308 4522 2308 4523 2306 4523 2309 4523 2308 4524 2309 4524 2310 4524 2310 4525 2309 4525 2311 4525 2311 4526 2309 4526 2312 4526 2311 4527 2312 4527 2313 4527 2313 4528 2312 4528 2314 4528 2314 4529 2312 4529 2315 4529 2314 4530 2315 4530 2316 4530 2316 4531 2315 4531 2317 4531 2317 4532 2315 4532 2318 4532 2317 4533 2318 4533 2319 4533 2319 4534 2318 4534 2320 4534 2320 4535 2318 4535 2321 4535 2320 4536 2321 4536 2322 4536 2323 4537 2324 4537 2325 4537 2325 4538 2326 4538 2323 4538 2323 4539 2326 4539 2327 4539 2323 4540 2327 4540 2328 4540 2328 4541 2327 4541 2329 4541 2328 4542 2329 4542 2330 4542 2331 4543 2332 4543 2333 4543 2333 4544 2334 4544 2331 4544 2331 4545 2334 4545 2335 4545 2331 4546 2335 4546 2324 4546 2324 4547 2335 4547 2336 4547 2324 4548 2336 4548 2325 4548 2337 4549 2338 4549 2339 4549 2339 4550 2340 4550 2337 4550 2337 4551 2340 4551 2341 4551 2337 4552 2341 4552 2332 4552 2332 4553 2341 4553 2342 4553 2332 4554 2342 4554 2333 4554 2343 4555 2344 4555 2345 4555 2345 4556 2344 4556 2346 4556 2345 4557 2346 4557 2338 4557 2338 4558 2346 4558 2347 4558 2338 4559 2347 4559 2339 4559 2348 4560 2349 4560 2343 4560 2343 4561 2349 4561 2350 4561 2343 4562 2350 4562 2344 4562 2351 4563 2352 4563 2348 4563 2348 4564 2352 4564 2353 4564 2348 4565 2353 4565 2349 4565 2354 4566 2355 4566 2351 4566 2351 4567 2355 4567 2356 4567 2351 4568 2356 4568 2352 4568 2357 4569 2358 4569 2354 4569 2354 4570 2358 4570 2359 4570 2354 4571 2359 4571 2355 4571 2360 4572 2361 4572 2357 4572 2357 4573 2361 4573 2362 4573 2357 4574 2362 4574 2358 4574 2289 4575 2363 4575 2287 4575 2287 4576 2363 4576 2364 4576 2287 4577 2364 4577 2365 4577 2322 4578 2321 4578 2330 4578 2330 4579 2321 4579 2366 4579 2330 4580 2366 4580 2328 4580 2328 4581 2366 4581 2367 4581 2328 4582 2367 4582 2368 4582 2368 4583 2367 4583 2369 4583 2368 4584 2369 4584 2370 4584 2370 4585 2369 4585 2371 4585 2370 4586 2371 4586 2372 4586 2372 4587 2371 4587 2373 4587 2372 4588 2373 4588 2374 4588 2374 4589 2373 4589 2375 4589 2374 4590 2375 4590 2376 4590 2376 4591 2375 4591 2377 4591 2376 4592 2377 4592 2378 4592 2378 4593 2377 4593 2379 4593 2378 4594 2379 4594 2380 4594 2380 4595 2379 4595 2381 4595 2380 4596 2381 4596 2382 4596 2382 4597 2381 4597 2383 4597 2382 4598 2383 4598 2384 4598 2384 4599 2383 4599 2385 4599 2384 4600 2385 4600 2386 4600 2386 4601 2385 4601 2387 4601 2386 4602 2387 4602 2388 4602 2388 4603 2387 4603 2365 4603 2388 4604 2365 4604 2389 4604 2389 4605 2365 4605 2364 4605 2389 4606 2364 4606 2390 4606 2390 4607 2364 4607 2391 4607 2390 4608 2391 4608 2360 4608 2360 4609 2391 4609 2392 4609 2360 4610 2392 4610 2361 4610 2238 4611 2393 4611 2239 4611 2239 4612 2393 4612 2394 4612 2239 4613 2394 4613 2219 4613 2219 4614 2394 4614 2395 4614 2219 4615 2395 4615 2221 4615 2221 4616 2395 4616 2396 4616 2221 4617 2396 4617 2223 4617 2223 4618 2396 4618 2397 4618 2223 4619 2397 4619 2225 4619 2225 4620 2397 4620 2398 4620 2225 4621 2398 4621 2227 4621 2227 4622 2398 4622 2399 4622 2227 4623 2399 4623 2228 4623 2228 4624 2399 4624 2400 4624 2228 4625 2400 4625 2197 4625 2197 4626 2400 4626 2401 4626 2197 4627 2401 4627 2199 4627 2199 4628 2401 4628 2402 4628 2199 4629 2402 4629 2201 4629 2201 4630 2402 4630 2403 4630 2201 4631 2403 4631 2203 4631 2203 4632 2403 4632 2404 4632 2203 4633 2404 4633 2205 4633 2205 4634 2404 4634 2405 4634 2205 4635 2405 4635 2207 4635 2207 4636 2405 4636 2406 4636 2207 4637 2406 4637 2208 4637 2208 4638 2406 4638 2407 4638 2208 4639 2407 4639 2210 4639 2210 4640 2407 4640 2408 4640 2210 4641 2408 4641 2212 4641 2212 4642 2408 4642 2409 4642 2212 4643 2409 4643 2214 4643 2214 4644 2409 4644 2410 4644 2214 4645 2410 4645 2216 4645 2216 4646 2410 4646 2411 4646 2216 4647 2411 4647 2229 4647 2229 4648 2411 4648 2412 4648 2229 4649 2412 4649 2230 4649 2230 4650 2412 4650 2413 4650 2230 4651 2413 4651 2232 4651 2232 4652 2413 4652 2414 4652 2232 4653 2414 4653 2234 4653 2234 4654 2414 4654 2415 4654 2234 4655 2415 4655 2236 4655 2236 4656 2415 4656 2416 4656 2236 4657 2416 4657 2238 4657 2238 4658 2416 4658 2393 4658 2280 4659 2417 4659 2282 4659 2282 4660 2417 4660 2418 4660 2282 4661 2418 4661 2283 4661 2283 4662 2418 4662 2419 4662 2283 4663 2419 4663 2250 4663 2250 4664 2419 4664 2420 4664 2250 4665 2420 4665 2252 4665 2252 4666 2420 4666 2421 4666 2252 4667 2421 4667 2254 4667 2254 4668 2421 4668 2422 4668 2254 4669 2422 4669 2256 4669 2256 4670 2422 4670 2423 4670 2256 4671 2423 4671 2258 4671 2258 4672 2423 4672 2424 4672 2258 4673 2424 4673 2260 4673 2260 4674 2424 4674 2425 4674 2260 4675 2425 4675 2261 4675 2261 4676 2425 4676 2426 4676 2261 4677 2426 4677 2263 4677 2263 4678 2426 4678 2427 4678 2263 4679 2427 4679 2265 4679 2265 4680 2427 4680 2428 4680 2265 4681 2428 4681 2267 4681 2267 4682 2428 4682 2429 4682 2267 4683 2429 4683 2269 4683 2269 4684 2429 4684 2430 4684 2269 4685 2430 4685 2270 4685 2270 4686 2430 4686 2431 4686 2270 4687 2431 4687 2241 4687 2241 4688 2431 4688 2432 4688 2241 4689 2432 4689 2243 4689 2243 4690 2432 4690 2433 4690 2243 4691 2433 4691 2245 4691 2245 4692 2433 4692 2434 4692 2245 4693 2434 4693 2247 4693 2247 4694 2434 4694 2435 4694 2247 4695 2435 4695 2271 4695 2271 4696 2435 4696 2436 4696 2271 4697 2436 4697 2272 4697 2272 4698 2436 4698 2437 4698 2272 4699 2437 4699 2274 4699 2274 4700 2437 4700 2438 4700 2274 4701 2438 4701 2276 4701 2276 4702 2438 4702 2439 4702 2276 4703 2439 4703 2278 4703 2278 4704 2439 4704 2440 4704 2278 4705 2440 4705 2280 4705 2280 4706 2440 4706 2417 4706 2441 4707 2442 4707 2443 4707 2443 4708 2442 4708 2444 4708 2443 4709 2444 4709 2445 4709 2445 4710 2444 4710 2446 4710 2445 4711 2446 4711 2447 4711 2447 4712 2446 4712 2448 4712 2447 4713 2448 4713 2449 4713 2449 4714 2448 4714 2450 4714 2449 4715 2450 4715 2451 4715 2451 4716 2450 4716 2452 4716 2451 4717 2452 4717 2453 4717 2453 4718 2452 4718 2454 4718 2453 4719 2454 4719 2455 4719 2455 4720 2454 4720 2456 4720 2455 4721 2456 4721 2457 4721 2457 4722 2456 4722 2458 4722 2457 4723 2458 4723 2459 4723 2459 4724 2458 4724 2460 4724 2459 4725 2460 4725 2461 4725 2461 4726 2460 4726 2462 4726 2461 4727 2462 4727 2463 4727 2463 4728 2462 4728 2464 4728 2463 4729 2464 4729 2465 4729 2465 4730 2464 4730 2466 4730 2465 4731 2466 4731 2467 4731 2467 4732 2466 4732 2468 4732 2467 4733 2468 4733 2469 4733 2469 4734 2468 4734 2470 4734 2469 4735 2470 4735 2471 4735 2471 4736 2470 4736 2472 4736 2471 4737 2472 4737 2473 4737 2473 4738 2472 4738 2474 4738 2473 4739 2474 4739 2475 4739 2475 4740 2474 4740 2476 4740 2475 4741 2476 4741 2477 4741 2477 4742 2476 4742 2478 4742 2477 4743 2478 4743 2479 4743 2479 4744 2478 4744 2480 4744 2479 4745 2480 4745 2481 4745 2481 4746 2480 4746 2482 4746 2481 4747 2482 4747 2483 4747 2483 4748 2482 4748 2484 4748 2483 4749 2484 4749 2485 4749 2485 4750 2484 4750 2486 4750 2485 4751 2486 4751 2487 4751 2487 4752 2486 4752 2488 4752 2487 4753 2488 4753 2441 4753 2441 4754 2488 4754 2442 4754 2456 4755 2489 4755 2458 4755 2458 4756 2489 4756 2490 4756 2458 4757 2490 4757 2460 4757 2460 4758 2490 4758 2491 4758 2460 4759 2491 4759 2462 4759 2462 4760 2491 4760 2492 4760 2462 4761 2492 4761 2464 4761 2464 4762 2492 4762 2493 4762 2464 4763 2493 4763 2466 4763 2466 4764 2493 4764 2494 4764 2466 4765 2494 4765 2468 4765 2468 4766 2494 4766 2495 4766 2468 4767 2495 4767 2470 4767 2488 4768 2496 4768 2442 4768 2442 4769 2496 4769 2497 4769 2442 4770 2497 4770 2444 4770 2444 4771 2497 4771 2498 4771 2444 4772 2498 4772 2446 4772 2446 4773 2498 4773 2499 4773 2446 4774 2499 4774 2448 4774 2448 4775 2499 4775 2500 4775 2448 4776 2500 4776 2450 4776 2450 4777 2500 4777 2501 4777 2450 4778 2501 4778 2452 4778 2452 4779 2501 4779 2502 4779 2452 4780 2502 4780 2454 4780 2454 4781 2502 4781 2503 4781 2454 4782 2503 4782 2456 4782 2456 4783 2503 4783 2504 4783 2456 4784 2504 4784 2489 4784 2495 4785 2505 4785 2470 4785 2470 4786 2505 4786 2506 4786 2470 4787 2506 4787 2472 4787 2472 4788 2506 4788 2507 4788 2472 4789 2507 4789 2474 4789 2474 4790 2507 4790 2508 4790 2474 4791 2508 4791 2476 4791 2476 4792 2508 4792 2509 4792 2476 4793 2509 4793 2478 4793 2478 4794 2509 4794 2510 4794 2478 4795 2510 4795 2480 4795 2480 4796 2510 4796 2511 4796 2480 4797 2511 4797 2482 4797 2482 4798 2511 4798 2512 4798 2482 4799 2512 4799 2484 4799 2484 4800 2512 4800 2513 4800 2484 4801 2513 4801 2486 4801 2486 4802 2513 4802 2514 4802 2486 4803 2514 4803 2488 4803 2488 4804 2514 4804 2515 4804 2488 4805 2515 4805 2496 4805 2304 4806 2305 4806 2494 4806 2350 4807 2349 4807 2497 4807 2503 4808 2502 4808 2391 4808 2501 4809 2361 4809 2502 4809 2502 4810 2361 4810 2392 4810 2502 4811 2392 4811 2391 4811 2500 4812 2499 4812 2355 4812 2355 4813 2359 4813 2500 4813 2500 4814 2359 4814 2358 4814 2500 4815 2358 4815 2501 4815 2501 4816 2358 4816 2362 4816 2501 4817 2362 4817 2361 4817 2497 4818 2349 4818 2498 4818 2349 4819 2353 4819 2498 4819 2498 4820 2353 4820 2352 4820 2498 4821 2352 4821 2499 4821 2499 4822 2352 4822 2356 4822 2499 4823 2356 4823 2355 4823 2350 4824 2497 4824 2344 4824 2344 4825 2497 4825 2496 4825 2344 4826 2496 4826 2346 4826 2346 4827 2496 4827 2515 4827 2346 4828 2515 4828 2347 4828 2347 4829 2515 4829 2339 4829 2339 4830 2515 4830 2514 4830 2339 4831 2514 4831 2340 4831 2340 4832 2514 4832 2341 4832 2341 4833 2514 4833 2513 4833 2341 4834 2513 4834 2342 4834 2342 4835 2513 4835 2333 4835 2333 4836 2513 4836 2512 4836 2333 4837 2512 4837 2334 4837 2334 4838 2512 4838 2335 4838 2335 4839 2512 4839 2511 4839 2335 4840 2511 4840 2336 4840 2336 4841 2511 4841 2325 4841 2325 4842 2511 4842 2510 4842 2325 4843 2510 4843 2326 4843 2326 4844 2510 4844 2327 4844 2327 4845 2510 4845 2509 4845 2327 4846 2509 4846 2329 4846 2508 4847 2507 4847 2317 4847 2330 4848 2329 4848 2322 4848 2322 4849 2329 4849 2509 4849 2322 4850 2509 4850 2320 4850 2320 4851 2509 4851 2508 4851 2320 4852 2508 4852 2319 4852 2319 4853 2508 4853 2317 4853 2506 4854 2505 4854 2311 4854 2311 4855 2313 4855 2506 4855 2506 4856 2313 4856 2314 4856 2506 4857 2314 4857 2507 4857 2507 4858 2314 4858 2316 4858 2507 4859 2316 4859 2317 4859 2494 4860 2305 4860 2495 4860 2305 4861 2307 4861 2495 4861 2495 4862 2307 4862 2308 4862 2495 4863 2308 4863 2505 4863 2505 4864 2308 4864 2310 4864 2505 4865 2310 4865 2311 4865 2304 4866 2494 4866 2302 4866 2302 4867 2494 4867 2493 4867 2302 4868 2493 4868 2300 4868 2300 4869 2493 4869 2492 4869 2300 4870 2492 4870 2284 4870 2284 4871 2492 4871 2285 4871 2285 4872 2492 4872 2491 4872 2285 4873 2491 4873 2297 4873 2297 4874 2491 4874 2298 4874 2298 4875 2491 4875 2490 4875 2298 4876 2490 4876 2299 4876 2299 4877 2490 4877 2292 4877 2292 4878 2490 4878 2489 4878 2292 4879 2489 4879 2293 4879 2293 4880 2489 4880 2294 4880 2294 4881 2489 4881 2504 4881 2294 4882 2504 4882 2295 4882 2295 4883 2504 4883 2289 4883 2289 4884 2504 4884 2503 4884 2289 4885 2503 4885 2363 4885 2363 4886 2503 4886 2391 4886 2363 4887 2391 4887 2364 4887 2395 4888 2351 4888 2396 4888 2396 4889 2351 4889 2348 4889 2396 4890 2348 4890 2397 4890 2397 4891 2348 4891 2343 4891 2397 4892 2343 4892 2398 4892 2398 4893 2343 4893 2345 4893 2398 4894 2345 4894 2399 4894 2399 4895 2345 4895 2338 4895 2399 4896 2338 4896 2400 4896 2400 4897 2338 4897 2337 4897 2400 4898 2337 4898 2401 4898 2401 4899 2337 4899 2332 4899 2401 4900 2332 4900 2402 4900 2402 4901 2332 4901 2331 4901 2402 4902 2331 4902 2403 4902 2412 4903 2384 4903 2413 4903 2413 4904 2384 4904 2386 4904 2413 4905 2386 4905 2414 4905 2414 4906 2386 4906 2388 4906 2414 4907 2388 4907 2415 4907 2415 4908 2388 4908 2389 4908 2415 4909 2389 4909 2416 4909 2416 4910 2389 4910 2390 4910 2416 4911 2390 4911 2393 4911 2393 4912 2390 4912 2360 4912 2393 4913 2360 4913 2394 4913 2394 4914 2360 4914 2357 4914 2394 4915 2357 4915 2395 4915 2395 4916 2357 4916 2354 4916 2395 4917 2354 4917 2351 4917 2331 4918 2324 4918 2403 4918 2403 4919 2324 4919 2323 4919 2403 4920 2323 4920 2404 4920 2404 4921 2323 4921 2328 4921 2404 4922 2328 4922 2405 4922 2405 4923 2328 4923 2368 4923 2405 4924 2368 4924 2406 4924 2406 4925 2368 4925 2370 4925 2406 4926 2370 4926 2407 4926 2407 4927 2370 4927 2372 4927 2407 4928 2372 4928 2408 4928 2408 4929 2372 4929 2374 4929 2408 4930 2374 4930 2409 4930 2409 4931 2374 4931 2376 4931 2409 4932 2376 4932 2410 4932 2410 4933 2376 4933 2378 4933 2410 4934 2378 4934 2411 4934 2411 4935 2378 4935 2380 4935 2411 4936 2380 4936 2412 4936 2412 4937 2380 4937 2382 4937 2412 4938 2382 4938 2384 4938 2424 4939 2296 4939 2425 4939 2425 4940 2296 4940 2291 4940 2425 4941 2291 4941 2426 4941 2426 4942 2291 4942 2290 4942 2426 4943 2290 4943 2427 4943 2427 4944 2290 4944 2288 4944 2427 4945 2288 4945 2428 4945 2428 4946 2288 4946 2287 4946 2428 4947 2287 4947 2429 4947 2429 4948 2287 4948 2365 4948 2429 4949 2365 4949 2430 4949 2430 4950 2365 4950 2387 4950 2430 4951 2387 4951 2431 4951 2387 4952 2385 4952 2431 4952 2431 4953 2385 4953 2383 4953 2431 4954 2383 4954 2432 4954 2432 4955 2383 4955 2381 4955 2432 4956 2381 4956 2433 4956 2433 4957 2381 4957 2379 4957 2433 4958 2379 4958 2434 4958 2434 4959 2379 4959 2377 4959 2434 4960 2377 4960 2435 4960 2435 4961 2377 4961 2375 4961 2435 4962 2375 4962 2436 4962 2436 4963 2375 4963 2373 4963 2436 4964 2373 4964 2437 4964 2437 4965 2373 4965 2371 4965 2437 4966 2371 4966 2438 4966 2438 4967 2371 4967 2369 4967 2438 4968 2369 4968 2439 4968 2439 4969 2369 4969 2367 4969 2439 4970 2367 4970 2440 4970 2367 4971 2366 4971 2440 4971 2440 4972 2366 4972 2321 4972 2440 4973 2321 4973 2417 4973 2417 4974 2321 4974 2318 4974 2417 4975 2318 4975 2418 4975 2418 4976 2318 4976 2315 4976 2418 4977 2315 4977 2419 4977 2419 4978 2315 4978 2312 4978 2419 4979 2312 4979 2420 4979 2420 4980 2312 4980 2309 4980 2420 4981 2309 4981 2421 4981 2421 4982 2309 4982 2306 4982 2421 4983 2306 4983 2422 4983 2422 4984 2306 4984 2303 4984 2422 4985 2303 4985 2423 4985 2423 4986 2303 4986 2301 4986 2423 4987 2301 4987 2424 4987 2424 4988 2301 4988 2286 4988 2424 4989 2286 4989 2296 4989 2516 4990 2459 4990 2517 4990 2517 4991 2459 4991 2461 4991 2517 4992 2461 4992 2518 4992 2518 4993 2461 4993 2463 4993 2518 4994 2463 4994 2519 4994 2519 4995 2463 4995 2465 4995 2519 4996 2465 4996 2520 4996 2521 4997 2481 4997 2522 4997 2522 4998 2481 4998 2483 4998 2522 4999 2483 4999 2523 4999 2523 5000 2483 5000 2485 5000 2523 5001 2485 5001 2524 5001 2524 5002 2485 5002 2487 5002 2524 5003 2487 5003 2525 5003 2525 5004 2487 5004 2441 5004 2525 5005 2441 5005 2526 5005 2526 5006 2441 5006 2443 5006 2526 5007 2443 5007 2527 5007 2465 5008 2467 5008 2520 5008 2520 5009 2467 5009 2469 5009 2520 5010 2469 5010 2528 5010 2528 5011 2469 5011 2471 5011 2528 5012 2471 5012 2529 5012 2529 5013 2471 5013 2473 5013 2529 5014 2473 5014 2530 5014 2530 5015 2473 5015 2475 5015 2530 5016 2475 5016 2531 5016 2531 5017 2475 5017 2477 5017 2531 5018 2477 5018 2521 5018 2521 5019 2477 5019 2479 5019 2521 5020 2479 5020 2481 5020 2443 5021 2445 5021 2527 5021 2527 5022 2445 5022 2447 5022 2527 5023 2447 5023 2532 5023 2532 5024 2447 5024 2449 5024 2532 5025 2449 5025 2533 5025 2533 5026 2449 5026 2451 5026 2533 5027 2451 5027 2534 5027 2534 5028 2451 5028 2453 5028 2534 5029 2453 5029 2535 5029 2535 5030 2453 5030 2455 5030 2535 5031 2455 5031 2516 5031 2516 5032 2455 5032 2457 5032 2516 5033 2457 5033 2459 5033 2235 5034 2237 5034 2536 5034 2218 5035 2537 5035 2237 5035 2237 5036 2537 5036 2538 5036 2237 5037 2538 5037 2536 5037 2220 5038 2222 5038 2539 5038 2539 5039 2540 5039 2220 5039 2220 5040 2540 5040 2541 5040 2220 5041 2541 5041 2218 5041 2218 5042 2541 5042 2542 5042 2218 5043 2542 5043 2537 5043 2226 5044 2543 5044 2224 5044 2224 5045 2543 5045 2544 5045 2224 5046 2544 5046 2222 5046 2222 5047 2544 5047 2545 5047 2222 5048 2545 5048 2539 5048 2196 5049 2546 5049 2226 5049 2226 5050 2546 5050 2547 5050 2226 5051 2547 5051 2543 5051 2198 5052 2548 5052 2196 5052 2196 5053 2548 5053 2549 5053 2196 5054 2549 5054 2546 5054 2200 5055 2550 5055 2198 5055 2198 5056 2550 5056 2551 5056 2198 5057 2551 5057 2548 5057 2204 5058 2552 5058 2202 5058 2202 5059 2552 5059 2553 5059 2202 5060 2553 5060 2200 5060 2200 5061 2553 5061 2554 5061 2200 5062 2554 5062 2550 5062 2277 5063 2279 5063 2555 5063 2281 5064 2556 5064 2279 5064 2279 5065 2556 5065 2557 5065 2279 5066 2557 5066 2555 5066 2249 5067 2251 5067 2558 5067 2558 5068 2559 5068 2249 5068 2249 5069 2559 5069 2560 5069 2249 5070 2560 5070 2281 5070 2281 5071 2560 5071 2561 5071 2281 5072 2561 5072 2556 5072 2255 5073 2562 5073 2253 5073 2253 5074 2562 5074 2563 5074 2253 5075 2563 5075 2251 5075 2251 5076 2563 5076 2564 5076 2251 5077 2564 5077 2558 5077 2257 5078 2565 5078 2255 5078 2255 5079 2565 5079 2566 5079 2255 5080 2566 5080 2562 5080 2259 5081 2567 5081 2257 5081 2257 5082 2567 5082 2568 5082 2257 5083 2568 5083 2565 5083 2262 5084 2569 5084 2259 5084 2259 5085 2569 5085 2570 5085 2259 5086 2570 5086 2567 5086 2266 5087 2571 5087 2264 5087 2264 5088 2571 5088 2572 5088 2264 5089 2572 5089 2262 5089 2262 5090 2572 5090 2573 5090 2262 5091 2573 5091 2569 5091 2536 5092 2574 5092 2235 5092 2235 5093 2574 5093 2571 5093 2235 5094 2571 5094 2233 5094 2233 5095 2571 5095 2266 5095 2233 5096 2266 5096 2231 5096 2231 5097 2266 5097 2268 5097 2231 5098 2268 5098 2217 5098 2217 5099 2268 5099 2240 5099 2217 5100 2240 5100 2215 5100 2215 5101 2240 5101 2242 5101 2215 5102 2242 5102 2213 5102 2213 5103 2242 5103 2244 5103 2213 5104 2244 5104 2211 5104 2211 5105 2244 5105 2246 5105 2211 5106 2246 5106 2209 5106 2209 5107 2246 5107 2248 5107 2209 5108 2248 5108 2206 5108 2206 5109 2248 5109 2273 5109 2206 5110 2273 5110 2204 5110 2204 5111 2273 5111 2275 5111 2204 5112 2275 5112 2552 5112 2552 5113 2275 5113 2277 5113 2552 5114 2277 5114 2575 5114 2575 5115 2277 5115 2555 5115 2543 5116 2547 5116 2523 5116 2531 5117 2521 5117 2551 5117 2553 5118 2530 5118 2554 5118 2554 5119 2530 5119 2531 5119 2554 5120 2531 5120 2550 5120 2550 5121 2531 5121 2551 5121 2523 5122 2547 5122 2522 5122 2547 5123 2546 5123 2522 5123 2522 5124 2546 5124 2549 5124 2522 5125 2549 5125 2521 5125 2521 5126 2549 5126 2548 5126 2521 5127 2548 5127 2551 5127 2543 5128 2523 5128 2544 5128 2544 5129 2523 5129 2524 5129 2544 5130 2524 5130 2545 5130 2545 5131 2524 5131 2525 5131 2545 5132 2525 5132 2539 5132 2539 5133 2525 5133 2540 5133 2540 5134 2525 5134 2526 5134 2540 5135 2526 5135 2541 5135 2541 5136 2526 5136 2542 5136 2542 5137 2526 5137 2527 5137 2542 5138 2527 5138 2537 5138 2537 5139 2527 5139 2538 5139 2538 5140 2527 5140 2532 5140 2538 5141 2532 5141 2536 5141 2536 5142 2532 5142 2574 5142 2574 5143 2532 5143 2533 5143 2574 5144 2533 5144 2571 5144 2534 5145 2535 5145 2570 5145 2570 5146 2569 5146 2534 5146 2534 5147 2569 5147 2573 5147 2534 5148 2573 5148 2533 5148 2533 5149 2573 5149 2572 5149 2533 5150 2572 5150 2571 5150 2516 5151 2517 5151 2566 5151 2566 5152 2565 5152 2516 5152 2516 5153 2565 5153 2568 5153 2516 5154 2568 5154 2535 5154 2535 5155 2568 5155 2567 5155 2535 5156 2567 5156 2570 5156 2519 5157 2564 5157 2518 5157 2518 5158 2564 5158 2563 5158 2518 5159 2563 5159 2517 5159 2517 5160 2563 5160 2562 5160 2517 5161 2562 5161 2566 5161 2520 5162 2559 5162 2519 5162 2519 5163 2559 5163 2558 5163 2519 5164 2558 5164 2564 5164 2528 5165 2561 5165 2520 5165 2520 5166 2561 5166 2560 5166 2520 5167 2560 5167 2559 5167 2529 5168 2557 5168 2528 5168 2528 5169 2557 5169 2556 5169 2528 5170 2556 5170 2561 5170 2553 5171 2552 5171 2530 5171 2530 5172 2552 5172 2575 5172 2530 5173 2575 5173 2529 5173 2529 5174 2575 5174 2555 5174 2529 5175 2555 5175 2557 5175 2576 5176 2577 5176 2578 5176 2578 5177 2577 5177 2579 5177 2578 5178 2579 5178 2580 5178 2580 5179 2579 5179 2581 5179 2580 5180 2581 5180 2582 5180 2582 5181 2581 5181 2583 5181 2582 5182 2583 5182 2584 5182 2584 5183 2583 5183 2585 5183 2584 5184 2585 5184 2586 5184 2586 5185 2585 5185 2587 5185 2586 5186 2587 5186 2588 5186 2588 5187 2587 5187 2589 5187 2588 5188 2589 5188 2590 5188 2590 5189 2589 5189 2591 5189 2590 5190 2591 5190 2592 5190 2592 5191 2591 5191 2593 5191 2592 5192 2593 5192 2594 5192 2594 5193 2593 5193 2595 5193 2594 5194 2595 5194 2596 5194 2596 5195 2595 5195 2597 5195 2596 5196 2597 5196 2598 5196 2598 5197 2597 5197 2599 5197 2598 5198 2599 5198 2576 5198 2576 5199 2599 5199 2577 5199 2600 5200 2601 5200 2602 5200 2602 5201 2601 5201 2603 5201 2602 5202 2603 5202 2604 5202 2604 5203 2603 5203 2605 5203 2604 5204 2605 5204 2606 5204 2606 5205 2605 5205 2607 5205 2606 5206 2607 5206 2608 5206 2608 5207 2607 5207 2609 5207 2608 5208 2609 5208 2610 5208 2610 5209 2609 5209 2611 5209 2610 5210 2611 5210 2612 5210 2612 5211 2611 5211 2613 5211 2612 5212 2613 5212 2614 5212 2614 5213 2613 5213 2615 5213 2614 5214 2615 5214 2616 5214 2616 5215 2615 5215 2617 5215 2616 5216 2617 5216 2618 5216 2618 5217 2617 5217 2619 5217 2618 5218 2619 5218 2620 5218 2620 5219 2619 5219 2621 5219 2620 5220 2621 5220 2622 5220 2622 5221 2621 5221 2623 5221 2622 5222 2623 5222 2600 5222 2600 5223 2623 5223 2601 5223 2613 5224 2583 5224 2615 5224 2615 5225 2583 5225 2581 5225 2615 5226 2581 5226 2617 5226 2617 5227 2581 5227 2579 5227 2617 5228 2579 5228 2619 5228 2619 5229 2579 5229 2577 5229 2619 5230 2577 5230 2621 5230 2621 5231 2577 5231 2599 5231 2621 5232 2599 5232 2623 5232 2623 5233 2599 5233 2597 5233 2623 5234 2597 5234 2601 5234 2601 5235 2597 5235 2595 5235 2601 5236 2595 5236 2603 5236 2603 5237 2595 5237 2593 5237 2603 5238 2593 5238 2605 5238 2605 5239 2593 5239 2591 5239 2605 5240 2591 5240 2607 5240 2607 5241 2591 5241 2589 5241 2607 5242 2589 5242 2609 5242 2609 5243 2589 5243 2587 5243 2609 5244 2587 5244 2611 5244 2611 5245 2587 5245 2585 5245 2611 5246 2585 5246 2613 5246 2613 5247 2585 5247 2583 5247 2584 5248 2612 5248 2582 5248 2582 5249 2612 5249 2614 5249 2582 5250 2614 5250 2580 5250 2580 5251 2614 5251 2616 5251 2580 5252 2616 5252 2578 5252 2578 5253 2616 5253 2618 5253 2578 5254 2618 5254 2576 5254 2576 5255 2618 5255 2620 5255 2576 5256 2620 5256 2598 5256 2598 5257 2620 5257 2622 5257 2598 5258 2622 5258 2596 5258 2596 5259 2622 5259 2600 5259 2596 5260 2600 5260 2594 5260 2594 5261 2600 5261 2602 5261 2594 5262 2602 5262 2592 5262 2592 5263 2602 5263 2604 5263 2592 5264 2604 5264 2590 5264 2590 5265 2604 5265 2606 5265 2590 5266 2606 5266 2588 5266 2588 5267 2606 5267 2608 5267 2588 5268 2608 5268 2586 5268 2586 5269 2608 5269 2610 5269 2586 5270 2610 5270 2584 5270 2584 5271 2610 5271 2612 5271 2624 5272 2625 5272 2626 5272 2626 5273 2625 5273 2627 5273 2626 5274 2627 5274 2628 5274 2628 5275 2627 5275 2629 5275 2628 5276 2629 5276 2630 5276 2630 5277 2629 5277 2631 5277 2630 5278 2631 5278 2632 5278 2632 5279 2631 5279 2633 5279 2632 5280 2633 5280 2634 5280 2634 5281 2633 5281 2635 5281 2634 5282 2635 5282 2636 5282 2636 5283 2635 5283 2637 5283 2636 5284 2637 5284 2638 5284 2638 5285 2637 5285 2639 5285 2638 5286 2639 5286 2640 5286 2640 5287 2639 5287 2641 5287 2640 5288 2641 5288 2642 5288 2642 5289 2641 5289 2643 5289 2642 5290 2643 5290 2644 5290 2644 5291 2643 5291 2645 5291 2644 5292 2645 5292 2646 5292 2646 5293 2645 5293 2647 5293 2646 5294 2647 5294 2624 5294 2624 5295 2647 5295 2625 5295 2648 5296 2649 5296 2650 5296 2650 5297 2649 5297 2651 5297 2650 5298 2651 5298 2652 5298 2652 5299 2651 5299 2653 5299 2652 5300 2653 5300 2654 5300 2654 5301 2653 5301 2655 5301 2654 5302 2655 5302 2656 5302 2656 5303 2655 5303 2657 5303 2656 5304 2657 5304 2658 5304 2658 5305 2657 5305 2659 5305 2658 5306 2659 5306 2660 5306 2660 5307 2659 5307 2661 5307 2660 5308 2661 5308 2662 5308 2662 5309 2661 5309 2663 5309 2662 5310 2663 5310 2664 5310 2664 5311 2663 5311 2665 5311 2664 5312 2665 5312 2666 5312 2666 5313 2665 5313 2667 5313 2666 5314 2667 5314 2668 5314 2668 5315 2667 5315 2669 5315 2668 5316 2669 5316 2670 5316 2670 5317 2669 5317 2671 5317 2670 5318 2671 5318 2648 5318 2648 5319 2671 5319 2649 5319 2671 5320 2631 5320 2649 5320 2649 5321 2631 5321 2629 5321 2649 5322 2629 5322 2651 5322 2651 5323 2629 5323 2627 5323 2651 5324 2627 5324 2653 5324 2653 5325 2627 5325 2625 5325 2653 5326 2625 5326 2655 5326 2655 5327 2625 5327 2647 5327 2655 5328 2647 5328 2657 5328 2657 5329 2647 5329 2645 5329 2657 5330 2645 5330 2659 5330 2659 5331 2645 5331 2643 5331 2659 5332 2643 5332 2661 5332 2661 5333 2643 5333 2641 5333 2661 5334 2641 5334 2663 5334 2663 5335 2641 5335 2639 5335 2663 5336 2639 5336 2665 5336 2665 5337 2639 5337 2637 5337 2665 5338 2637 5338 2667 5338 2667 5339 2637 5339 2635 5339 2667 5340 2635 5340 2669 5340 2669 5341 2635 5341 2633 5341 2669 5342 2633 5342 2671 5342 2671 5343 2633 5343 2631 5343 2632 5344 2670 5344 2630 5344 2630 5345 2670 5345 2648 5345 2630 5346 2648 5346 2628 5346 2628 5347 2648 5347 2650 5347 2628 5348 2650 5348 2626 5348 2626 5349 2650 5349 2652 5349 2626 5350 2652 5350 2624 5350 2624 5351 2652 5351 2654 5351 2624 5352 2654 5352 2646 5352 2646 5353 2654 5353 2656 5353 2646 5354 2656 5354 2644 5354 2644 5355 2656 5355 2658 5355 2644 5356 2658 5356 2642 5356 2642 5357 2658 5357 2660 5357 2642 5358 2660 5358 2640 5358 2640 5359 2660 5359 2662 5359 2640 5360 2662 5360 2638 5360 2638 5361 2662 5361 2664 5361 2638 5362 2664 5362 2636 5362 2636 5363 2664 5363 2666 5363 2636 5364 2666 5364 2634 5364 2634 5365 2666 5365 2668 5365 2634 5366 2668 5366 2632 5366 2632 5367 2668 5367 2670 5367</p>
        </triangles>
      </mesh>
    </geometry>
    <geometry id="torpedo_002-mesh" name="torpedo.002">
      <mesh>
        <source id="torpedo_002-mesh-positions">
          <float_array id="torpedo_002-mesh-positions-array" count="216">0 -0.3030154 -0.3019956 0 -0.3030154 0.3076044 -0.003999948 -0.3030154 -0.3019956 -0.003999948 -0.3030154 0.3076044 0 0.3065846 -0.3019956 -0.003999948 0.3065846 -0.3019956 0 0.3065846 0.3076044 -0.003999948 0.3065846 0.3076044 0 -0.01052504 0.2643675 0 -0.02996534 0.2682344 0 0.1312069 -0.04195648 0 0.1476876 -0.05296856 0 0.1586997 -0.06944924 0 0.1625666 -0.08888953 0 0.1586997 -0.1083299 0 0.1476876 -0.1248106 0 0.06483352 -0.06944924 0 0.07584559 -0.05296856 0 -0.02996534 0.1666344 0 0.1312069 -0.1358227 0 0.1117666 -0.1396896 0 -0.08076536 0.2174344 0 -0.07689845 0.2368747 0 0.1117666 -0.03808957 0 0.01696765 0.2368747 0 0.005955636 0.2533554 0 0.09232628 -0.1358227 0 0.07584559 -0.1248106 0 0.06483352 -0.1083299 0 -0.07689845 0.1979941 0 -0.06588637 0.1815134 0 -0.06588637 0.2533554 0 -0.04940569 0.2643675 0 -0.04940569 0.1705013 0 0.06096661 -0.08888953 0 0.02083462 0.2174344 0 0.01696765 0.1979941 0 0.09232628 -0.04195648 0 0.005955636 0.1815134 0 -0.01052504 0.1705013 -0.003999948 0.1312069 -0.1358227 -0.003999948 0.1476876 -0.1248106 -0.003999948 -0.06588637 0.2533554 -0.003999948 -0.07689845 0.2368747 -0.003999948 -0.08076536 0.2174344 -0.003999948 -0.07689845 0.1979941 -0.003999948 -0.06588637 0.1815134 -0.003999948 0.06483352 -0.1083299 -0.003999948 0.07584559 -0.1248106 -0.003999948 0.09232628 -0.1358227 -0.003999948 0.1117666 -0.1396896 -0.003999948 0.1586997 -0.06944924 -0.003999948 0.1625666 -0.08888953 -0.003999948 0.1586997 -0.1083299 -0.003999948 0.06096661 -0.08888953 -0.003999948 -0.02996534 0.1666344 -0.003999948 -0.04940569 0.1705013 -0.003999948 0.01696765 0.1979941 -0.003999948 0.02083462 0.2174344 -0.003999948 0.01696765 0.2368747 -0.003999948 0.005955636 0.2533554 -0.003999948 -0.01052504 0.2643675 -0.003999948 -0.02996534 0.2682344 -0.003999948 -0.04940569 0.2643675 -0.003999948 0.1476876 -0.05296856 -0.003999948 0.1312069 -0.04195648 -0.003999948 0.1117666 -0.03808957 -0.003999948 0.005955636 0.1815134 -0.003999948 0.09232628 -0.04195648 -0.003999948 -0.01052504 0.1705013 -0.003999948 0.07584559 -0.05296856 -0.003999948 0.06483352 -0.06944924</float_array>
          <technique_common>
            <accessor source="#torpedo_002-mesh-positions-array" count="72" stride="3">
              <param name="X" type="float"/>
              <param name="Y" type="float"/>
              <param name="Z" type="float"/>
            </accessor>
          </technique_common>
        </source>
        <source id="torpedo_002-mesh-normals">
          <float_array id="torpedo_002-mesh-normals-array" count="444">0 -1 0 0 -1 0 0 0 -1 0 0 -1 0 1 0 0 1 0 0 0 1 0 0 1 1 0 0 1 0 0 1 0 0 1 0 0 1 0 0 1 0 0 1 0 0 1 0 0 1 0 0 1 0 0 1 0 0 1 0 0 1 0 0 1 0 0 1 0 0 1 0 0 1 0 0 1 0 0 1 0 0 1 0 0 1 0 0 1 0 0 1 0 0 1 0 0 1 0 0 1 0 0 1 0 0 1 0 0 1 0 0 1 0 0 1 0 0 1 0 0 1 0 0 1 0 0 1 0 0 1 0 0 1 0 0 1 0 0 -1 0 0 -1 0 0 -1 0 0 -1 0 0 -1 0 0 -1 0 0 -1 0 0 -1 0 0 -1 0 0 -1 0 0 -1 0 0 -1 0 0 -1 0 0 -1 0 0 -1 0 0 -1 0 0 -1 0 0 -1 0 0 -1 0 0 -1 0 0 -1 0 0 -1 0 0 -1 0 0 -1 0 0 -1 0 0 -1 0 0 -1 0 0 -1 0 0 -1 0 0 -1 0 0 -1 0 0 -1 0 0 -1 0 0 -1 0 0 -1 0 0 -1 0 0 -1 0 0 -1 0 0 0 0.1950899 -0.9807854 0 0.1950899 -0.9807854 0 0.555571 -0.831469 0 0.555571 -0.831469 0 0.8314693 -0.5555707 0 0.8314693 -0.5555707 0 0.9807853 -0.1950902 0 0.9807853 -0.1950902 0 0.9807853 0.1950903 0 0.9807853 0.1950903 0 0.8314698 0.55557 0 0.8314698 0.55557 0 0.55557 0.8314698 0 0.55557 0.8314698 0 0.1950906 0.9807852 0 0.1950906 0.9807852 0 -0.1950906 0.9807852 0 -0.1950906 0.9807852 0 -0.5555699 0.8314698 0 -0.5555699 0.8314698 0 -0.8314698 0.55557 0 -0.8314698 0.55557 0 -0.9807853 0.1950904 0 -0.9807853 0.1950904 0 -0.9807853 -0.1950903 0 -0.9807853 -0.1950903 0 -0.8314693 -0.5555707 0 -0.8314693 -0.5555707 0 -0.555571 -0.8314691 0 -0.555571 -0.8314691 0 -0.1950898 -0.9807854 0 -0.1950898 -0.9807854 0 0.1950902 -0.9807853 0 0.1950902 -0.9807853 0 0.5555702 -0.8314697 0 0.5555702 -0.8314697 0 0.8314697 -0.5555702 0 0.8314697 -0.5555702 0 0.9807852 -0.1950906 0 0.9807852 -0.1950906 0 0.9807852 0.1950905 0 0.9807852 0.1950905 0 0.8314696 0.5555704 0 0.8314696 0.5555704 0 0.5555704 0.8314695 0 0.5555704 0.8314695 0 0.1950899 0.9807854 0 0.1950899 0.9807854 0 -0.1950899 0.9807854 0 -0.1950899 0.9807854 0 -0.5555706 0.8314694 0 -0.5555706 0.8314694 0 -0.8314694 0.5555706 0 -0.8314694 0.5555706 0 -0.9807854 0.1950898 0 -0.9807854 0.1950898 0 -0.9807854 -0.1950899 0 -0.9807854 -0.1950899 0 -0.8314695 -0.5555704 0 -0.8314695 -0.5555704 0 -0.5555704 -0.8314696 0 -0.5555704 -0.8314696 0 -0.1950902 -0.9807853 0 -0.1950902 -0.9807853</float_array>
          <technique_common>
            <accessor source="#torpedo_002-mesh-normals-array" count="148" stride="3">
              <param name="X" type="float"/>
              <param name="Y" type="float"/>
              <param name="Z" type="float"/>
            </accessor>
          </technique_common>
        </source>
        <source id="torpedo_002-mesh-map-0">
          <float_array id="torpedo_002-mesh-map-0-array" count="888">0 0 0.02972441 1 9.62491e-4 0.001063942 9.62491e-4 0.001063942 0.02972441 1 0.03053098 0.9976225 1 0.01980572 0 0 0.9975506 0.02073252 0.9975506 0.02073252 0 0 9.62491e-4 0.001063942 0.6090975 1 1 0 0 0.999028 0.9714707 0.953495 1 0.01980572 0.9975506 0.02073252 0.02972441 1 0.9737046 0.9555822 0.03053098 0.9976225 0.03053098 0.9976225 0.9737046 0.9555822 0.9714707 0.953495 0.479807 0.9290734 1 1 0.4479167 0.9354166 0.4479167 0.9354166 1 1 0 1 0.712307 0.4265732 0.7393423 0.4085089 1 1 1 1 0.7393423 0.4085089 0.7574065 0.3814737 1 1 0.7574065 0.3814737 1 0 0.7574065 0.3814737 0.7637499 0.3495833 1 0 1 0 0.7637499 0.3495833 0.7574065 0.3176931 1 0 0.7574065 0.3176931 0.7393423 0.2906578 0.6034267 0.3814737 0.6214911 0.4085089 0.4479167 0.7687501 0.7393423 0.2906578 0.712307 0.2725934 1 0 1 0 0.712307 0.2725934 0.6804167 0.2662501 1 0 0.6804167 0.2662501 0 0 0 1 0.3645834 0.8520834 0.3709267 0.8839737 0.6804167 0.4329167 0.712307 0.4265732 0.5249065 0.8839737 0.5249065 0.8839737 0.712307 0.4265732 1 1 0.5249065 0.8839737 1 1 0.5068423 0.911009 0.5068423 0.911009 1 1 0.479807 0.9290734 0.6804167 0.2662501 0.6485263 0.2725934 0 0 0 0 0.6485263 0.2725934 0.6214911 0.2906578 0 0 0.6214911 0.2906578 0.6034267 0.3176931 0.3645834 0.8520834 0 1 0.3709267 0.8201932 0.3709267 0.8201932 0 1 0 0 0.3709267 0.8201932 0 0 0.3889911 0.7931578 0.3709267 0.8839737 0.3889911 0.911009 0 1 0 1 0.3889911 0.911009 0.4160264 0.9290734 0 1 0.4160264 0.9290734 0.4479167 0.9354166 0.3889911 0.7931578 0 0 0.4160264 0.7750934 0.4160264 0.7750934 0 0 0.6034267 0.3176931 0.4160264 0.7750934 0.6034267 0.3176931 0.4479167 0.7687501 0.4479167 0.7687501 0.6034267 0.3176931 0.5970832 0.3495833 0.4479167 0.7687501 0.5970832 0.3495833 0.6034267 0.3814737 0.5249065 0.8839737 0.53125 0.8520834 0.6804167 0.4329167 0.6804167 0.4329167 0.53125 0.8520834 0.5249065 0.8201932 0.6804167 0.4329167 0.5249065 0.8201932 0.6485263 0.4265732 0.6485263 0.4265732 0.5249065 0.8201932 0.5068423 0.7931578 0.6485263 0.4265732 0.5068423 0.7931578 0.6214911 0.4085089 0.6214911 0.4085089 0.5068423 0.7931578 0.479807 0.7750934 0.6214911 0.4085089 0.479807 0.7750934 0.4479167 0.7687501 0.9975506 0.02073252 0.7214108 0.2851712 0.7468637 0.3027438 0.410672 0.8978236 0.3931519 0.8734519 0.03053098 0.9976225 0.03053098 0.9976225 0.3931519 0.8734519 0.3868154 0.8439901 0.03053098 0.9976225 0.3868154 0.8439901 9.62491e-4 0.001063942 9.62491e-4 0.001063942 0.3868154 0.8439901 0.3927131 0.8139618 9.62491e-4 0.001063942 0.3927131 0.8139618 0.4099781 0.7880265 0.6167239 0.3292391 0.6342954 0.3027921 9.62491e-4 0.001063942 9.62491e-4 0.001063942 0.6342954 0.3027921 0.6604276 0.2851222 9.62491e-4 0.001063942 0.6604276 0.2851222 0.9975506 0.02073252 0.9975506 0.02073252 0.6604276 0.2851222 0.6910485 0.2789503 0.9975506 0.02073252 0.6910485 0.2789503 0.7214108 0.2851712 0.7626763 0.3903254 0.9714707 0.953495 0.7691012 0.3596448 0.7691012 0.3596448 0.9714707 0.953495 0.9975506 0.02073252 0.7691012 0.3596448 0.9975506 0.02073252 0.7635781 0.3289058 0.7635781 0.3289058 0.9975506 0.02073252 0.7468637 0.3027438 0.6104326 0.3603483 0.6167239 0.3292391 0.4665508 0.7632789 0.4665508 0.7632789 0.6167239 0.3292391 9.62491e-4 0.001063942 0.4665508 0.7632789 9.62491e-4 0.001063942 0.4359387 0.7702177 0.4359387 0.7702177 9.62491e-4 0.001063942 0.4099781 0.7880265 0.5399194 0.8087406 0.5458635 0.8380237 0.9714707 0.953495 0.9714707 0.953495 0.5458635 0.8380237 0.5398281 0.8676508 0.9714707 0.953495 0.5398281 0.8676508 0.5227606 0.8931978 0.5227606 0.8931978 0.4972174 0.9108583 0.9714707 0.953495 0.9714707 0.953495 0.4972174 0.9108583 0.4669976 0.9179754 0.9714707 0.953495 0.4669976 0.9179754 0.03053098 0.9976225 0.03053098 0.9976225 0.4669976 0.9179754 0.4366177 0.9134287 0.03053098 0.9976225 0.4366177 0.9134287 0.410672 0.8978236 0.7626763 0.3903254 0.7453096 0.4163689 0.9714707 0.953495 0.9714707 0.953495 0.7453096 0.4163689 0.7196011 0.4338966 0.9714707 0.953495 0.7196011 0.4338966 0.5399194 0.8087406 0.5399194 0.8087406 0.7196011 0.4338966 0.6893741 0.4402709 0.5399194 0.8087406 0.6893741 0.4402709 0.5228167 0.7842202 0.5228167 0.7842202 0.6893741 0.4402709 0.6591456 0.4344786 0.5228167 0.7842202 0.6591456 0.4344786 0.4970684 0.7682268 0.4970684 0.7682268 0.6591456 0.4344786 0.6334873 0.4173095 0.4970684 0.7682268 0.6334873 0.4173095 0.4665508 0.7632789 0.4665508 0.7632789 0.6334873 0.4173095 0.6163496 0.3912897 0.4665508 0.7632789 0.6163496 0.3912897 0.6104326 0.3603483 0.4669976 0.9179754 0.467654 0.9200284 0.4366177 0.9134287 0.4366177 0.9134287 0.467654 0.9200284 0.4371751 0.9154716 0.4366177 0.9134287 0.4371751 0.9154716 0.410672 0.8978236 0.410672 0.8978236 0.4371751 0.9154716 0.4111446 0.8998206 0.410672 0.8978236 0.4111446 0.8998206 0.3931519 0.8734519 0.3931519 0.8734519 0.4111446 0.8998206 0.3935676 0.875373 0.3931519 0.8734519 0.3935676 0.875373 0.3868154 0.8439901 0.3868154 0.8439901 0.3935676 0.875373 0.3872109 0.8458172 0.3868154 0.8439901 0.3872109 0.8458172 0.3927131 0.8139618 0.3927131 0.8139618 0.3872109 0.8458172 0.3931288 0.8156914 0.3927131 0.8139618 0.3931288 0.8156914 0.4099781 0.7880265 0.4099781 0.7880265 0.3931288 0.8156914 0.4104518 0.7896695 0.4099781 0.7880265 0.4104518 0.7896695 0.4359387 0.7702177 0.4359387 0.7702177 0.4104518 0.7896695 0.4364987 0.7717999 0.4359387 0.7702177 0.4364987 0.7717999 0.4665508 0.7632789 0.4665508 0.7632789 0.4364987 0.7717999 0.4672118 0.7648353 0.4665508 0.7632789 0.4672118 0.7648353 0.4970684 0.7682268 0.4970684 0.7682268 0.4672118 0.7648353 0.4978294 0.7697959 0.4970684 0.7682268 0.4978294 0.7697959 0.5228167 0.7842202 0.5228167 0.7842202 0.4978294 0.7697959 0.523661 0.785838 0.5228167 0.7842202 0.523661 0.785838 0.5399194 0.8087406 0.5399194 0.8087406 0.523661 0.785838 0.540818 0.8104351 0.5399194 0.8087406 0.540818 0.8104351 0.5458635 0.8380237 0.5458635 0.8380237 0.540818 0.8104351 0.5467798 0.8398111 0.5458635 0.8380237 0.5467798 0.8398111 0.5398281 0.8676508 0.5398281 0.8676508 0.5467798 0.8398111 0.540723 0.8695337 0.5398281 0.8676508 0.540723 0.8695337 0.5227606 0.8931978 0.5227606 0.8931978 0.540723 0.8695337 0.5235992 0.895164 0.5227606 0.8931978 0.5235992 0.895164 0.4972174 0.9108583 0.4972174 0.9108583 0.5235992 0.895164 0.4979721 0.9128841 0.4972174 0.9108583 0.4979721 0.9128841 0.4669976 0.9179754 0.4669976 0.9179754 0.4979721 0.9128841 0.467654 0.9200284 0.6893741 0.4402709 0.6907835 0.4407517 0.6591456 0.4344786 0.6591456 0.4344786 0.6907835 0.4407517 0.660457 0.4349411 0.6591456 0.4344786 0.660457 0.4349411 0.6334873 0.4173095 0.6334873 0.4173095 0.660457 0.4349411 0.6347163 0.4177157 0.6334873 0.4173095 0.6347163 0.4177157 0.6163496 0.3912897 0.6163496 0.3912897 0.6347163 0.4177157 0.6175239 0.3916093 0.6163496 0.3912897 0.6175239 0.3916093 0.6104326 0.3603483 0.6104326 0.3603483 0.6175239 0.3916093 0.6115897 0.3605638 0.6104326 0.3603483 0.6115897 0.3605638 0.6167239 0.3292391 0.6167239 0.3292391 0.6115897 0.3605638 0.6179038 0.3293495 0.6167239 0.3292391 0.6179038 0.3293495 0.6342954 0.3027921 0.6342954 0.3027921 0.6179038 0.3293495 0.6355355 0.3028128 0.6342954 0.3027921 0.6355355 0.3028128 0.6604276 0.2851222 0.6604276 0.2851222 0.6355355 0.3028128 0.6617551 0.2850831 0.6604276 0.2851222 0.6617551 0.2850831 0.6910485 0.2789503 0.6910485 0.2789503 0.6617551 0.2850831 0.6924772 0.2788906 0.6910485 0.2789503 0.6924772 0.2788906 0.7214108 0.2851712 0.7214108 0.2851712 0.6924772 0.2788906 0.7229382 0.2851325 0.7214108 0.2851712 0.7229382 0.2851325 0.7468637 0.3027438 0.7468637 0.3027438 0.7229382 0.2851325 0.7484725 0.3027643 0.7468637 0.3027438 0.7484725 0.3027643 0.7635781 0.3289058 0.7635781 0.3289058 0.7484725 0.3027643 0.7652385 0.329014 0.7635781 0.3289058 0.7652385 0.329014 0.7691012 0.3596448 0.7691012 0.3596448 0.7652385 0.329014 0.7707762 0.3598556 0.7691012 0.3596448 0.7707762 0.3598556 0.7626763 0.3903254 0.7626763 0.3903254 0.7707762 0.3598556 0.7643274 0.3906384 0.7626763 0.3903254 0.7643274 0.3906384 0.7453096 0.4163689 0.7453096 0.4163689 0.7643274 0.3906384 0.7469022 0.4167687 0.7453096 0.4163689 0.7469022 0.4167687 0.7196011 0.4338966 0.7196011 0.4338966 0.7469022 0.4167687 0.7211092 0.4343553 0.7196011 0.4338966 0.7211092 0.4343553 0.6893741 0.4402709 0.6893741 0.4402709 0.7211092 0.4343553 0.6907835 0.4407517</float_array>
          <technique_common>
            <accessor source="#torpedo_002-mesh-map-0-array" count="444" stride="2">
              <param name="S" type="float"/>
              <param name="T" type="float"/>
            </accessor>
          </technique_common>
        </source>
        <vertices id="torpedo_002-mesh-vertices">
          <input semantic="POSITION" source="#torpedo_002-mesh-positions"/>
        </vertices>
        <triangles material="Material_003-material" count="38">
          <input semantic="VERTEX" source="#torpedo_002-mesh-vertices" offset="0"/>
          <input semantic="NORMAL" source="#torpedo_002-mesh-normals" offset="1"/>
          <input semantic="TEXCOORD" source="#torpedo_002-mesh-map-0" offset="2" set="0"/>
          <p>8 8 24 6 8 25 9 8 26 9 9 27 6 9 28 1 9 29 10 10 30 11 10 31 6 10 32 6 11 33 11 11 34 12 11 35 6 12 36 12 12 37 4 12 38 12 13 39 13 13 40 4 13 41 4 14 42 13 14 43 14 14 44 4 15 45 14 15 46 15 15 47 16 16 48 17 16 49 18 16 50 15 17 51 19 17 52 4 17 53 4 18 54 19 18 55 20 18 56 4 19 57 20 19 58 0 19 59 1 20 60 21 20 61 22 20 62 23 21 63 10 21 64 24 21 65 24 22 66 10 22 67 6 22 68 24 23 69 6 23 70 25 23 71 25 24 72 6 24 73 8 24 74 20 25 75 26 25 76 0 25 77 0 26 78 26 26 79 27 26 80 0 27 81 27 27 82 28 27 83 21 28 84 1 28 85 29 28 86 29 29 87 1 29 88 0 29 89 29 30 90 0 30 91 30 30 92 22 31 93 31 31 94 1 31 95 1 32 96 31 32 97 32 32 98 1 33 99 32 33 100 9 33 101 30 34 102 0 34 103 33 34 104 33 35 105 0 35 106 28 35 107 33 36 108 28 36 109 18 36 110 18 37 111 28 37 112 34 37 113 18 38 114 34 38 115 16 38 116 24 39 117 35 39 118 23 39 119 23 40 120 35 40 121 36 40 122 23 41 123 36 41 124 37 41 125 37 42 126 36 42 127 38 42 128 37 43 129 38 43 130 17 43 131 17 44 132 38 44 133 39 44 134 17 45 135 39 45 136 18 45 137</p>
        </triangles>
        <triangles material="Material_004-material" count="110">
          <input semantic="VERTEX" source="#torpedo_002-mesh-vertices" offset="0"/>
          <input semantic="NORMAL" source="#torpedo_002-mesh-normals" offset="1"/>
          <input semantic="TEXCOORD" source="#torpedo_002-mesh-map-0" offset="2" set="0"/>
          <p>0 0 0 1 0 1 2 0 2 2 1 3 1 1 4 3 1 5 4 2 6 0 2 7 5 2 8 5 3 9 0 3 10 2 3 11 6 4 12 4 4 13 7 4 14 7 5 15 4 5 16 5 5 17 1 6 18 6 6 19 3 6 20 3 7 21 6 7 22 7 7 23 5 46 138 40 46 139 41 46 140 42 47 141 43 47 142 3 47 143 3 48 144 43 48 145 44 48 146 3 49 147 44 49 148 2 49 149 2 50 150 44 50 151 45 50 152 2 51 153 45 51 154 46 51 155 47 52 156 48 52 157 2 52 158 2 53 159 48 53 160 49 53 161 2 54 162 49 54 163 5 54 164 5 55 165 49 55 166 50 55 167 5 56 168 50 56 169 40 56 170 51 57 171 7 57 172 52 57 173 52 58 174 7 58 175 5 58 176 52 59 177 5 59 178 53 59 179 53 60 180 5 60 181 41 60 182 54 61 183 47 61 184 55 61 185 55 62 186 47 62 187 2 62 188 55 63 189 2 63 190 56 63 191 56 64 192 2 64 193 46 64 194 57 65 195 58 65 196 7 65 197 7 66 198 58 66 199 59 66 200 7 67 201 59 67 202 60 67 203 60 68 204 61 68 205 7 68 206 7 69 207 61 69 208 62 69 209 7 70 210 62 70 211 3 70 212 3 71 213 62 71 214 63 71 215 3 72 216 63 72 217 42 72 218 51 73 219 64 73 220 7 73 221 7 74 222 64 74 223 65 74 224 7 75 225 65 75 226 57 75 227 57 76 228 65 76 229 66 76 230 57 77 231 66 77 232 67 77 233 67 78 234 66 78 235 68 78 236 67 79 237 68 79 238 69 79 239 69 80 240 68 80 241 70 80 242 69 81 243 70 81 244 55 81 245 55 82 246 70 82 247 71 82 248 55 83 249 71 83 250 54 83 251 62 84 252 9 84 253 63 84 254 63 85 255 9 85 256 32 85 257 63 86 258 32 86 259 42 86 260 42 87 261 32 87 262 31 87 263 42 88 264 31 88 265 43 88 266 43 89 267 31 89 268 22 89 269 43 90 270 22 90 271 44 90 272 44 91 273 22 91 274 21 91 275 44 92 276 21 92 277 45 92 278 45 93 279 21 93 280 29 93 281 45 94 282 29 94 283 46 94 284 46 95 285 29 95 286 30 95 287 46 96 288 30 96 289 56 96 290 56 97 291 30 97 292 33 97 293 56 98 294 33 98 295 55 98 296 55 99 297 33 99 298 18 99 299 55 100 300 18 100 301 69 100 302 69 101 303 18 101 304 39 101 305 69 102 306 39 102 307 67 102 308 67 103 309 39 103 310 38 103 311 67 104 312 38 104 313 57 104 314 57 105 315 38 105 316 36 105 317 57 106 318 36 106 319 58 106 320 58 107 321 36 107 322 35 107 323 58 108 324 35 108 325 59 108 326 59 109 327 35 109 328 24 109 329 59 110 330 24 110 331 60 110 332 60 111 333 24 111 334 25 111 335 60 112 336 25 112 337 61 112 338 61 113 339 25 113 340 8 113 341 61 114 342 8 114 343 62 114 344 62 115 345 8 115 346 9 115 347 66 116 348 23 116 349 68 116 350 68 117 351 23 117 352 37 117 353 68 118 354 37 118 355 70 118 356 70 119 357 37 119 358 17 119 359 70 120 360 17 120 361 71 120 362 71 121 363 17 121 364 16 121 365 71 122 366 16 122 367 54 122 368 54 123 369 16 123 370 34 123 371 54 124 372 34 124 373 47 124 374 47 125 375 34 125 376 28 125 377 47 126 378 28 126 379 48 126 380 48 127 381 28 127 382 27 127 383 48 128 384 27 128 385 49 128 386 49 129 387 27 129 388 26 129 389 49 130 390 26 130 391 50 130 392 50 131 393 26 131 394 20 131 395 50 132 396 20 132 397 40 132 398 40 133 399 20 133 400 19 133 401 40 134 402 19 134 403 41 134 404 41 135 405 19 135 406 15 135 407 41 136 408 15 136 409 53 136 410 53 137 411 15 137 412 14 137 413 53 138 414 14 138 415 52 138 416 52 139 417 14 139 418 13 139 419 52 140 420 13 140 421 51 140 422 51 141 423 13 141 424 12 141 425 51 142 426 12 142 427 64 142 428 64 143 429 12 143 430 11 143 431 64 144 432 11 144 433 65 144 434 65 145 435 11 145 436 10 145 437 65 146 438 10 146 439 66 146 440 66 147 441 10 147 442 23 147 443</p>
        </triangles>
      </mesh>
    </geometry>
  </library_geometries>
  <library_visual_scenes>
    <visual_scene id="Scene" name="Scene">
      <node id="torpedo_mount" name="torpedo_mount" type="NODE">
        <matrix sid="transform">1 0 0 0 0 1 0 0 0 0 1 0 0 0 0 1</matrix>
        <instance_geometry url="#torpedo_mount-mesh" name="torpedo_mount">
          <bind_material>
            <technique_common>
              <instance_material symbol="Material_004-material" target="#Material_004-material"/>
            </technique_common>
          </bind_material>
        </instance_geometry>
      </node>
      <node id="torpedo" name="torpedo" type="NODE">
        <matrix sid="transform">1 0 0 0 0 1 0 0 0 0 1 0 0 0 0 1</matrix>
        <instance_geometry url="#torpedo_002-mesh" name="torpedo">
          <bind_material>
            <technique_common>
              <instance_material symbol="Material_003-material" target="#Material_003-material">
                <bind_vertex_input semantic="UVMap" input_semantic="TEXCOORD" input_set="0"/>
              </instance_material>
              <instance_material symbol="Material_004-material" target="#Material_004-material">
                <bind_vertex_input semantic="UVMap" input_semantic="TEXCOORD" input_set="0"/>
              </instance_material>
            </technique_common>
          </bind_material>
        </instance_geometry>
      </node>
    </visual_scene>
  </library_visual_scenes>
  <scene>
    <instance_visual_scene url="#Scene"/>
  </scene>
</COLLADA>